1,0.8000,0.8000,3.687,4.656,-0.612,6.628,0.847,0.960,0.527,0.949,2.274,0.423,1.319,0.513,0.085,0.076,0.598,0.674,0.676,0.552
2,0.8100,0.8100,3.691,4.654,-0.589,6.549,0.802,0.939,0.515,0.932,2.225,0.417,1.288,0.504,0.083,0.074,0.587,0.661,0.662,0.541
3,0.8200,0.8200,3.695,4.652,-0.566,6.470,0.757,0.917,0.504,0.914,2.175,0.410,1.256,0.494,0.081,0.071,0.575,0.647,0.648,0.530
4,0.8300,0.8300,3.699,4.650,-0.544,6.392,0.711,0.895,0.492,0.896,2.124,0.404,1.224,0.485,0.079,0.069,0.564,0.633,0.634,0.519
5,0.8400,0.8400,3.702,4.648,-0.522,6.330,0.680,0.881,0.487,0.888,2.100,0.401,1.207,0.480,0.078,0.068,0.558,0.626,0.627,0.515
6,0.8500,0.8500,3.706,4.646,-0.500,6.264,0.639,0.863,0.479,0.877,2.066,0.398,1.185,0.474,0.077,0.066,0.550,0.617,0.617,0.508
7,0.8600,0.8600,3.710,4.644,-0.478,6.198,0.597,0.843,0.472,0.866,2.033,0.394,1.162,0.467,0.076,0.064,0.543,0.607,0.608,0.502
8,0.8700,0.8700,3.713,4.643,-0.457,6.137,0.565,0.829,0.466,0.857,2.007,0.391,1.145,0.462,0.075,0.063,0.537,0.600,0.600,0.497
9,0.8800,0.8800,3.717,4.641,-0.436,6.073,0.522,0.809,0.459,0.846,1.973,0.388,1.122,0.456,0.073,0.061,0.529,0.590,0.590,0.490
10,0.8900,0.8900,3.720,4.639,-0.415,6.011,0.490,0.794,0.453,0.837,1.947,0.385,1.104,0.451,0.072,0.060,0.523,0.583,0.583,0.485
11,0.9000,0.9000,3.724,4.637,-0.394,5.949,0.455,0.778,0.445,0.826,1.907,0.381,1.076,0.440,0.071,0.058,0.511,0.569,0.569,0.475
12,0.9100,0.9100,3.727,4.629,-0.370,5.881,0.429,0.765,0.439,0.817,1.877,0.377,1.055,0.432,0.070,0.057,0.502,0.559,0.558,0.467
13,0.9200,0.9200,3.730,4.621,-0.346,5.812,0.402,0.752,0.434,0.808,1.846,0.374,1.033,0.424,0.069,0.056,0.492,0.548,0.547,0.459
14,0.9300,0.9300,3.732,4.613,-0.322,5.747,0.384,0.743,0.430,0.802,1.826,0.372,1.019,0.418,0.068,0.055,0.486,0.541,0.540,0.454
15,0.9400,0.9400,3.735,4.605,-0.299,5.680,0.358,0.730,0.424,0.793,1.795,0.369,0.997,0.410,0.067,0.053,0.477,0.530,0.529,0.446
16,0.9500,0.9500,3.738,4.598,-0.275,5.611,0.330,0.717,0.418,0.784,1.764,0.366,0.975,0.402,0.066,0.052,0.467,0.519,0.519,0.438
17,0.9600,0.9600,3.741,4.590,-0.253,5.548,0.304,0.704,0.412,0.774,1.733,0.362,0.954,0.393,0.064,0.051,0.458,0.508,0.507,0.430
18,0.9700,0.9700,3.743,4.582,-0.230,5.486,0.288,0.696,0.407,0.766,1.712,0.359,0.941,0.388,0.063,0.050,0.451,0.501,0.500,0.425
19,0.9800,0.9800,3.746,4.575,-0.207,5.421,0.264,0.684,0.400,0.754,1.681,0.354,0.922,0.380,0.061,0.048,0.441,0.490,0.488,0.416
20,0.9900,0.9900,3.748,4.567,-0.185,5.361,0.248,0.676,0.395,0.746,1.661,0.351,0.910,0.375,0.060,0.047,0.435,0.482,0.481,0.411
21,1.0000,1.0000,3.751,4.560,-0.163,5.299,0.224,0.663,0.388,0.734,1.629,0.346,0.891,0.367,0.058,0.046,0.425,0.470,0.469,0.402
22,1.0100,1.0100,3.753,4.552,-0.142,5.241,0.208,0.655,0.383,0.726,1.609,0.342,0.878,0.361,0.056,0.045,0.418,0.463,0.461,0.397
23,1.0200,1.0200,3.756,4.545,-0.120,5.178,0.183,0.642,0.376,0.713,1.577,0.337,0.859,0.353,0.054,0.044,0.408,0.451,0.450,0.388
24,1.0300,1.0300,3.758,4.538,-0.099,5.121,0.167,0.633,0.371,0.705,1.556,0.334,0.846,0.348,0.053,0.043,0.401,0.443,0.442,0.383
25,1.0400,1.0400,3.760,4.531,-0.079,5.066,0.152,0.625,0.367,0.697,1.536,0.330,0.834,0.343,0.052,0.042,0.395,0.436,0.435,0.378
26,1.0500,1.0500,3.763,4.523,-0.058,5.009,0.139,0.615,0.360,0.685,1.515,0.325,0.825,0.337,0.052,0.041,0.389,0.429,0.428,0.374
27,1.0600,1.0600,3.765,4.516,-0.038,4.956,0.130,0.608,0.356,0.678,1.501,0.322,0.819,0.333,0.052,0.040,0.385,0.425,0.423,0.371
28,1.0700,1.0700,3.767,4.509,-0.017,4.901,0.121,0.601,0.352,0.670,1.487,0.318,0.812,0.329,0.051,0.039,0.381,0.420,0.418,0.368
29,1.0800,1.0800,3.770,4.502,0.003,4.846,0.108,0.590,0.345,0.658,1.466,0.313,0.803,0.324,0.051,0.038,0.375,0.413,0.411,0.364
30,1.0900,1.0900,3.772,4.495,0.022,4.795,0.099,0.583,0.341,0.650,1.452,0.309,0.797,0.320,0.051,0.037,0.371,0.408,0.406,0.361
31,1.1000,1.1000,3.774,4.489,0.042,4.742,0.090,0.576,0.337,0.642,1.438,0.306,0.790,0.316,0.051,0.037,0.367,0.403,0.401,0.359
32,1.1100,1.1100,3.776,4.482,0.061,4.691,0.081,0.569,0.332,0.634,1.424,0.302,0.784,0.312,0.051,0.036,0.363,0.399,0.397,0.356
33,1.1200,1.1200,3.778,4.475,0.081,4.637,0.073,0.562,0.328,0.626,1.409,0.299,0.778,0.308,0.051,0.035,0.359,0.394,0.392,0.353
34,1.1300,1.1300,3.781,4.468,0.100,4.584,0.065,0.552,0.322,0.615,1.380,0.293,0.759,0.301,0.050,0.034,0.350,0.384,0.382,0.346
35,1.1400,1.1400,3.783,4.462,0.119,4.533,0.061,0.546,0.318,0.608,1.360,0.290,0.747,0.296,0.049,0.033,0.345,0.378,0.376,0.341
36,1.1500,1.1500,3.785,4.455,0.138,4.481,0.056,0.539,0.314,0.600,1.340,0.286,0.734,0.291,0.048,0.032,0.339,0.371,0.369,0.337
37,1.1600,1.1600,3.787,4.449,0.156,4.432,0.052,0.533,0.310,0.593,1.319,0.283,0.722,0.286,0.048,0.031,0.334,0.365,0.363,0.332
38,1.1700,1.1700,3.789,4.442,0.175,4.381,0.047,0.526,0.306,0.585,1.299,0.279,0.709,0.281,0.047,0.030,0.328,0.358,0.356,0.327
39,1.1800,1.1800,3.791,4.436,0.193,4.331,0.042,0.520,0.302,0.578,1.279,0.276,0.696,0.276,0.046,0.029,0.322,0.351,0.350,0.322
40,1.1900,1.1900,3.793,4.430,0.211,4.282,0.038,0.513,0.298,0.570,1.258,0.272,0.683,0.271,0.045,0.028,0.317,0.345,0.343,0.317
41,1.2000,1.2000,3.795,4.423,0.229,4.232,0.033,0.507,0.294,0.562,1.237,0.268,0.670,0.266,0.045,0.027,0.311,0.338,0.337,0.312
42,1.2100,1.2100,3.797,4.417,0.247,4.184,0.029,0.500,0.290,0.555,1.217,0.265,0.657,0.261,0.044,0.026,0.305,0.331,0.330,0.307
43,1.2200,1.2200,3.799,4.411,0.265,4.136,0.026,0.494,0.286,0.548,1.196,0.261,0.644,0.256,0.043,0.025,0.299,0.324,0.323,0.301
44,1.2300,1.2300,3.801,4.405,0.282,4.090,0.022,0.488,0.282,0.540,1.175,0.258,0.630,0.250,0.042,0.024,0.293,0.317,0.316,0.295
45,1.2400,1.2400,3.803,4.399,0.300,4.042,0.019,0.481,0.278,0.533,1.154,0.254,0.616,0.245,0.042,0.023,0.286,0.309,0.309,0.289
46,1.2500,1.2500,3.805,4.393,0.317,3.996,0.015,0.475,0.274,0.525,1.133,0.251,0.603,0.239,0.041,0.022,0.280,0.302,0.302,0.283
47,1.2600,1.2600,3.807,4.389,0.333,3.953,0.011,0.468,0.270,0.518,1.112,0.247,0.589,0.234,0.040,0.021,0.274,0.295,0.295,0.277
48,1.2700,1.2700,3.809,4.385,0.348,3.912,0.008,0.462,0.266,0.510,1.091,0.244,0.575,0.228,0.039,0.020,0.268,0.287,0.287,0.272
49,1.2800,1.2800,3.811,4.381,0.364,3.868,0.004,0.455,0.262,0.503,1.069,0.240,0.562,0.223,0.039,0.019,0.261,0.280,0.280,0.266
50,1.2900,1.2900,3.813,4.377,0.379,3.827,0.001,0.449,0.258,0.495,1.048,0.237,0.548,0.217,0.038,0.018,0.255,0.273,0.273,0.260
51,1.3000,1.3000,3.815,4.373,0.394,3.787,0.000,0.443,0.255,0.489,1.029,0.234,0.535,0.212,0.037,0.017,0.249,0.266,0.266,0.254
52,1.3100,1.3100,3.817,4.369,0.409,3.747,0.000,0.437,0.251,0.482,1.009,0.231,0.522,0.206,0.037,0.016,0.243,0.259,0.260,0.248
53,1.3200,1.3200,3.819,4.365,0.424,3.708,0.000,0.431,0.247,0.476,0.990,0.229,0.509,0.201,0.037,0.015,0.238,0.253,0.253,0.242
54,1.3300,1.3300,3.821,4.362,0.439,3.668,0.000,0.425,0.244,0.470,0.970,0.226,0.495,0.196,0.036,0.014,0.232,0.246,0.247,0.236
55,1.3400,1.3400,3.823,4.358,0.454,3.628,-0.001,0.419,0.240,0.463,0.950,0.223,0.482,0.190,0.036,0.013,0.226,0.239,0.240,0.230
56,1.3500,1.3500,3.825,4.354,0.469,3.587,-0.001,0.413,0.236,0.457,0.930,0.220,0.469,0.185,0.035,0.012,0.220,0.232,0.234,0.224
57,1.3600,1.3600,3.827,4.350,0.483,3.550,-0.001,0.407,0.233,0.450,0.910,0.218,0.455,0.180,0.035,0.011,0.215,0.226,0.227,0.218
58,1.3700,1.3700,3.829,4.347,0.497,3.512,-0.001,0.400,0.229,0.444,0.890,0.215,0.442,0.174,0.035,0.010,0.209,0.219,0.220,0.212
59,1.3800,1.3800,3.831,4.343,0.512,3.473,-0.002,0.394,0.225,0.436,0.874,0.211,0.433,0.170,0.034,0.009,0.204,0.213,0.215,0.207
60,1.3900,1.3900,3.832,4.339,0.526,3.438,-0.002,0.391,0.222,0.432,0.866,0.209,0.429,0.168,0.034,0.009,0.202,0.211,0.212,0.204
61,1.4000,1.4000,3.834,4.336,0.540,3.402,-0.003,0.385,0.218,0.424,0.850,0.206,0.422,0.165,0.033,0.008,0.198,0.206,0.207,0.199
62,1.4100,1.4100,3.836,4.332,0.554,3.366,-0.004,0.378,0.213,0.416,0.835,0.202,0.414,0.161,0.033,0.007,0.194,0.200,0.201,0.194
63,1.4200,1.4200,3.838,4.329,0.568,3.330,-0.005,0.372,0.209,0.407,0.819,0.199,0.406,0.157,0.033,0.005,0.190,0.195,0.196,0.189
64,1.4300,1.4300,3.840,4.325,0.582,3.293,-0.006,0.365,0.204,0.399,0.803,0.195,0.399,0.153,0.032,0.004,0.185,0.190,0.191,0.184
65,1.4400,1.4400,3.841,4.322,0.596,3.258,-0.006,0.362,0.202,0.395,0.795,0.193,0.395,0.151,0.032,0.004,0.183,0.187,0.188,0.181
66,1.4500,1.4500,3.843,4.318,0.609,3.224,-0.007,0.355,0.197,0.387,0.779,0.189,0.387,0.147,0.031,0.003,0.179,0.182,0.182,0.176
67,1.4600,1.4600,3.845,4.315,0.623,3.187,-0.008,0.349,0.193,0.378,0.763,0.186,0.379,0.143,0.031,0.002,0.175,0.176,0.177,0.171
68,1.4700,1.4700,3.847,4.311,0.636,3.154,-0.003,0.344,0.190,0.374,0.748,0.184,0.369,0.141,0.031,0.001,0.172,0.173,0.174,0.167
69,1.4800,1.4800,3.849,4.308,0.650,3.117,0.002,0.339,0.187,0.369,0.734,0.182,0.360,0.139,0.031,0.000,0.170,0.170,0.170,0.164
70,1.4900,1.4900,3.850,4.304,0.663,3.084,0.005,0.336,0.185,0.366,0.726,0.181,0.355,0.137,0.031,-0.001,0.169,0.168,0.169,0.163
71,1.5000,1.5000,3.852,4.301,0.676,3.050,0.011,0.331,0.182,0.362,0.712,0.180,0.345,0.135,0.031,-0.002,0.166,0.165,0.166,0.160
72,1.5100,1.5100,3.855,4.302,0.689,3.015,0.018,0.324,0.177,0.355,0.690,0.177,0.330,0.132,0.031,-0.003,0.163,0.160,0.161,0.155
73,1.5200,1.5200,3.857,4.302,0.701,2.983,0.024,0.319,0.174,0.350,0.675,0.176,0.320,0.129,0.031,-0.004,0.160,0.156,0.158,0.152
74,1.5300,1.5300,3.860,4.303,0.714,2.948,0.031,0.311,0.170,0.343,0.653,0.173,0.305,0.126,0.031,-0.006,0.157,0.151,0.153,0.148
75,1.5400,1.5400,3.862,4.303,0.726,2.917,0.037,0.306,0.166,0.338,0.639,0.172,0.296,0.124,0.031,-0.006,0.155,0.148,0.150,0.145
76,1.5500,1.5500,3.865,4.304,0.739,2.883,0.046,0.298,0.160,0.329,0.618,0.169,0.283,0.121,0.031,-0.007,0.152,0.144,0.146,0.141
77,1.5600,1.5600,3.867,4.304,0.751,2.851,0.052,0.293,0.156,0.323,0.603,0.167,0.275,0.119,0.031,-0.008,0.149,0.142,0.143,0.139
78,1.5700,1.5700,3.870,4.305,0.763,2.819,0.060,0.285,0.150,0.315,0.582,0.165,0.262,0.116,0.031,-0.009,0.146,0.138,0.140,0.135
79,1.5800,1.5800,3.872,4.305,0.776,2.785,0.066,0.280,0.146,0.309,0.567,0.163,0.253,0.114,0.030,-0.009,0.144,0.135,0.137,0.133
80,1.5900,1.5900,3.875,4.306,0.788,2.752,0.075,0.272,0.140,0.300,0.545,0.161,0.240,0.111,0.030,-0.010,0.141,0.131,0.133,0.129
81,1.6000,1.6000,3.877,4.306,0.800,2.723,0.076,0.266,0.137,0.295,0.532,0.158,0.233,0.109,0.030,-0.011,0.139,0.128,0.129,0.125
82,1.6100,1.6100,3.880,4.307,0.812,2.695,0.078,0.257,0.133,0.286,0.513,0.153,0.221,0.106,0.030,-0.013,0.136,0.122,0.124,0.120
83,1.6200,1.6200,3.882,4.307,0.824,2.666,0.079,0.251,0.130,0.280,0.500,0.150,0.214,0.104,0.030,-0.015,0.133,0.119,0.120,0.117
84,1.6300,1.6300,3.885,4.308,0.835,2.640,0.080,0.242,0.126,0.272,0.480,0.146,0.203,0.101,0.029,-0.017,0.130,0.114,0.115,0.111
85,1.6400,1.6400,3.887,4.308,0.847,2.611,0.081,0.236,0.123,0.266,0.466,0.143,0.195,0.099,0.029,-0.018,0.128,0.110,0.111,0.107
86,1.6500,1.6500,3.889,4.309,0.859,2.581,0.082,0.229,0.120,0.260,0.453,0.140,0.188,0.097,0.029,-0.019,0.126,0.106,0.107,0.104
87,1.6600,1.6600,3.892,4.309,0.870,2.557,0.083,0.220,0.115,0.251,0.436,0.135,0.180,0.092,0.029,-0.020,0.121,0.102,0.102,0.099
88,1.6700,1.6700,3.894,4.310,0.882,2.530,0.083,0.214,0.112,0.244,0.425,0.132,0.176,0.089,0.029,-0.020,0.118,0.098,0.099,0.095
89,1.6800,1.6800,3.896,4.310,0.893,2.505,0.084,0.208,0.109,0.238,0.414,0.129,0.171,0.086,0.029,-0.020,0.115,0.095,0.095,0.092
90,1.6900,1.6900,3.899,4.311,0.905,2.478,0.084,0.198,0.103,0.228,0.397,0.125,0.164,0.082,0.029,-0.020,0.111,0.090,0.090,0.087
91,1.7000,1.7000,3.901,4.311,0.916,2.453,0.085,0.192,0.100,0.222,0.386,0.122,0.159,0.078,0.029,-0.020,0.107,0.087,0.086,0.083
92,1.7100,1.7100,3.903,4.312,0.927,2.427,0.085,0.186,0.097,0.215,0.375,0.119,0.154,0.075,0.029,-0.021,0.104,0.084,0.083,0.080
93,1.7200,1.7200,3.905,4.312,0.937,2.406,0.085,0.179,0.094,0.210,0.364,0.116,0.149,0.072,0.028,-0.020,0.101,0.081,0.080,0.077
94,1.7300,1.7300,3.907,4.312,0.948,2.382,0.086,0.173,0.091,0.204,0.353,0.113,0.144,0.069,0.028,-0.019,0.097,0.078,0.077,0.074
95,1.7400,1.7400,3.909,4.312,0.958,2.360,0.087,0.167,0.088,0.198,0.342,0.111,0.139,0.066,0.027,-0.019,0.094,0.075,0.073,0.071
96,1.7500,1.7500,3.911,4.312,0.968,2.339,0.087,0.160,0.085,0.193,0.331,0.108,0.133,0.063,0.027,-0.018,0.090,0.072,0.070,0.068
97,1.7600,1.7600,3.913,4.313,0.979,2.315,0.087,0.154,0.082,0.187,0.320,0.105,0.128,0.060,0.026,-0.017,0.086,0.069,0.067,0.065
98,1.7700,1.7700,3.915,4.313,0.989,2.293,0.088,0.148,0.078,0.181,0.309,0.103,0.123,0.057,0.026,-0.017,0.083,0.066,0.064,0.062
99,1.7800,1.7800,3.917,4.313,0.999,2.271,0.088,0.141,0.075,0.176,0.298,0.100,0.118,0.054,0.025,-0.016,0.079,0.063,0.061,0.059
100,1.7900,1.7900,3.919,4.313,1.009,2.251,0.088,0.136,0.073,0.170,0.288,0.097,0.113,0.052,0.025,-0.016,0.076,0.060,0.058,0.056
101,1.8000,1.8000,3.921,4.313,1.019,2.230,0.087,0.130,0.070,0.165,0.278,0.095,0.108,0.050,0.024,-0.016,0.073,0.057,0.055,0.053
102,1.8100,1.8100,3.923,4.314,1.029,2.210,0.087,0.125,0.067,0.159,0.268,0.092,0.104,0.048,0.023,-0.016,0.071,0.054,0.052,0.050
103,1.8200,1.8200,3.925,4.314,1.039,2.189,0.086,0.119,0.064,0.154,0.258,0.090,0.099,0.046,0.022,-0.016,0.068,0.051,0.049,0.048
104,1.8300,1.8300,3.927,4.314,1.049,2.168,0.086,0.113,0.061,0.148,0.248,0.087,0.094,0.044,0.022,-0.016,0.065,0.049,0.046,0.045
105,1.8400,1.8400,3.929,4.314,1.059,2.147,0.085,0.108,0.058,0.143,0.237,0.085,0.089,0.041,0.021,-0.016,0.062,0.046,0.043,0.042
106,1.8500,1.8500,3.931,4.314,1.068,2.130,0.083,0.103,0.056,0.138,0.227,0.082,0.084,0.040,0.021,-0.018,0.060,0.043,0.040,0.039
107,1.8600,1.8600,3.933,4.314,1.078,2.110,0.080,0.098,0.054,0.133,0.217,0.080,0.079,0.038,0.021,-0.019,0.059,0.040,0.038,0.036
108,1.8700,1.8700,3.934,4.315,1.088,2.088,0.078,0.095,0.052,0.131,0.212,0.079,0.076,0.038,0.021,-0.019,0.058,0.039,0.036,0.035
109,1.8800,1.8800,3.936,4.315,1.097,2.071,0.076,0.090,0.050,0.126,0.202,0.076,0.071,0.036,0.021,-0.021,0.057,0.036,0.033,0.032
110,1.8900,1.8900,3.938,4.315,1.107,2.051,0.073,0.085,0.048,0.121,0.192,0.074,0.066,0.034,0.021,-0.022,0.055,0.033,0.030,0.029
111,1.9000,1.9000,3.940,4.315,1.117,2.031,0.070,0.080,0.045,0.117,0.182,0.071,0.061,0.033,0.021,-0.023,0.054,0.030,0.027,0.026
112,1.9100,1.9100,3.942,4.315,1.126,2.014,0.067,0.075,0.043,0.112,0.172,0.069,0.055,0.031,0.021,-0.025,0.052,0.027,0.025,0.023
113,1.9200,1.9200,3.944,4.316,1.135,1.998,0.063,0.071,0.040,0.107,0.164,0.067,0.051,0.030,0.020,-0.025,0.051,0.025,0.022,0.021
114,1.9300,1.9300,3.946,4.316,1.145,1.979,0.059,0.067,0.038,0.103,0.155,0.065,0.047,0.029,0.020,-0.026,0.049,0.023,0.020,0.019
115,1.9400,1.9400,3.947,4.316,1.154,1.960,0.057,0.064,0.037,0.101,0.151,0.064,0.045,0.028,0.020,-0.027,0.048,0.022,0.019,0.018
116,1.9500,1.9500,3.949,4.316,1.163,1.943,0.053,0.060,0.035,0.097,0.142,0.062,0.041,0.027,0.020,-0.028,0.047,0.019,0.016,0.015
117,1.9600,1.9600,3.951,4.316,1.173,1.925,0.050,0.056,0.033,0.092,0.133,0.060,0.036,0.026,0.020,-0.029,0.046,0.017,0.014,0.013
118,1.9700,1.9700,3.953,4.316,1.182,1.908,0.046,0.051,0.030,0.088,0.125,0.057,0.032,0.024,0.020,-0.030,0.044,0.015,0.011,0.010
119,1.9800,1.9800,3.954,4.317,1.191,1.889,0.044,0.049,0.029,0.086,0.120,0.056,0.030,0.024,0.020,-0.030,0.043,0.013,0.010,0.009
120,1.9900,1.9900,3.956,4.317,1.200,1.873,0.041,0.046,0.027,0.081,0.114,0.054,0.028,0.023,0.019,-0.030,0.042,0.012,0.008,0.007
121,2.0000,2.0000,3.958,4.317,1.209,1.857,0.038,0.042,0.025,0.077,0.108,0.052,0.026,0.022,0.018,-0.030,0.040,0.010,0.006,0.005
122,2.0100,2.0100,3.960,4.317,1.218,1.840,0.035,0.039,0.023,0.073,0.102,0.050,0.024,0.022,0.017,-0.030,0.038,0.008,0.004,0.003
123,2.0200,2.0200,3.961,4.317,1.226,1.824,0.034,0.037,0.022,0.071,0.099,0.049,0.023,0.021,0.016,-0.030,0.037,0.007,0.003,0.002
124,2.0300,2.0300,3.963,4.317,1.235,1.807,0.031,0.034,0.020,0.067,0.093,0.047,0.021,0.020,0.015,-0.031,0.036,0.005,0.001,0.000
125,2.0400,2.0400,3.964,4.317,1.244,1.788,0.030,0.032,0.019,0.065,0.090,0.046,0.020,0.020,0.015,-0.031,0.035,0.004,0.000,-0.001
126,2.0500,2.0500,3.966,4.317,1.252,1.774,0.027,0.029,0.017,0.061,0.084,0.044,0.018,0.019,0.013,-0.031,0.033,0.002,-0.001,-0.003
127,2.0600,2.0600,3.968,4.317,1.261,1.758,0.024,0.026,0.015,0.057,0.078,0.042,0.016,0.019,0.013,-0.031,0.032,0.001,-0.003,-0.004
128,2.0700,2.0700,3.969,4.317,1.269,1.742,0.023,0.024,0.014,0.056,0.075,0.041,0.015,0.018,0.013,-0.030,0.031,0.001,-0.003,-0.004
129,2.0800,2.0800,3.971,4.317,1.278,1.726,0.020,0.021,0.012,0.052,0.070,0.040,0.013,0.017,0.013,-0.030,0.030,0.000,-0.004,-0.005
130,2.0900,2.0900,3.972,4.317,1.286,1.709,0.018,0.020,0.011,0.050,0.067,0.039,0.012,0.017,0.012,-0.030,0.029,-0.001,-0.004,-0.006
131,2.1000,2.1000,3.974,4.317,1.294,1.695,0.015,0.017,0.010,0.047,0.061,0.037,0.010,0.016,0.012,-0.030,0.028,-0.002,-0.005,-0.007
132,2.1100,2.1100,3.976,4.316,1.303,1.679,0.013,0.014,0.008,0.043,0.056,0.035,0.008,0.015,0.012,-0.030,0.027,-0.003,-0.006,-0.008
133,2.1200,2.1200,3.977,4.316,1.311,1.663,0.011,0.012,0.007,0.041,0.053,0.034,0.007,0.015,0.011,-0.029,0.026,-0.003,-0.007,-0.009
134,2.1300,2.1300,3.979,4.316,1.319,1.650,0.007,0.010,0.005,0.038,0.047,0.033,0.004,0.014,0.011,-0.029,0.025,-0.004,-0.008,-0.010
135,2.1400,2.1400,3.980,4.316,1.328,1.631,0.005,0.008,0.005,0.036,0.044,0.032,0.003,0.013,0.011,-0.029,0.025,-0.005,-0.009,-0.010
136,2.1500,2.1500,3.982,4.316,1.336,1.618,0.001,0.006,0.003,0.033,0.038,0.030,0.000,0.012,0.011,-0.029,0.024,-0.006,-0.010,-0.011
137,2.1600,2.1600,3.983,4.316,1.344,1.602,-0.001,0.005,0.002,0.032,0.035,0.029,-0.001,0.012,0.011,-0.029,0.023,-0.006,-0.010,-0.012
138,2.1700,2.1700,3.985,4.316,1.352,1.589,-0.005,0.002,0.001,0.028,0.029,0.027,-0.004,0.011,0.011,-0.029,0.022,-0.007,-0.011,-0.013
139,2.1800,2.1800,3.986,4.316,1.360,1.573,-0.007,0.001,0.000,0.027,0.026,0.027,-0.005,0.011,0.011,-0.029,0.022,-0.008,-0.012,-0.014
140,2.1900,2.1900,3.988,4.316,1.368,1.560,-0.011,-0.002,-0.001,0.024,0.020,0.025,-0.008,0.010,0.011,-0.030,0.021,-0.009,-0.013,-0.015
141,2.2000,2.2000,3.989,4.316,1.376,1.544,-0.013,-0.003,-0.002,0.022,0.017,0.024,-0.010,0.009,0.011,-0.030,0.020,-0.009,-0.013,-0.015
142,2.2100,2.2100,3.991,4.316,1.384,1.533,-0.020,-0.006,-0.003,0.019,0.011,0.022,-0.013,0.008,0.011,-0.029,0.019,-0.010,-0.014,-0.017
143,2.2200,2.2200,3.992,4.316,1.392,1.517,-0.023,-0.007,-0.004,0.018,0.008,0.022,-0.015,0.008,0.011,-0.029,0.019,-0.011,-0.015,-0.017
144,2.2300,2.2300,3.994,4.316,1.400,1.506,-0.029,-0.010,-0.005,0.015,0.002,0.020,-0.018,0.007,0.011,-0.029,0.018,-0.012,-0.016,-0.018
145,2.2400,2.2400,3.995,4.316,1.408,1.491,-0.032,-0.011,-0.006,0.014,-0.001,0.020,-0.020,0.006,0.011,-0.029,0.017,-0.012,-0.016,-0.019
146,2.2500,2.2500,3.997,4.316,1.415,1.482,-0.039,-0.014,-0.007,0.011,-0.007,0.018,-0.023,0.005,0.011,-0.029,0.016,-0.013,-0.017,-0.020
147,2.2600,2.2600,3.998,4.316,1.423,1.467,-0.042,-0.015,-0.008,0.010,-0.010,0.017,-0.025,0.005,0.011,-0.029,0.015,-0.014,-0.018,-0.021
148,2.2700,2.2700,3.999,4.316,1.431,1.451,-0.045,-0.017,-0.008,0.008,-0.013,0.017,-0.027,0.004,0.010,-0.029,0.015,-0.014,-0.019,-0.021
149,2.2800,2.2800,4.001,4.316,1.439,1.441,-0.052,-0.019,-0.009,0.006,-0.019,0.015,-0.030,0.003,0.010,-0.029,0.014,-0.016,-0.020,-0.023
150,2.2900,2.2900,4.002,4.316,1.446,1.429,-0.056,-0.020,-0.010,0.005,-0.023,0.015,-0.032,0.003,0.010,-0.029,0.013,-0.016,-0.020,-0.024
151,2.3000,2.3000,4.004,4.316,1.454,1.420,-0.064,-0.023,-0.011,0.002,-0.029,0.013,-0.036,0.002,0.009,-0.029,0.011,-0.018,-0.022,-0.025
152,2.3100,2.3100,4.005,4.316,1.461,1.408,-0.068,-0.024,-0.011,0.001,-0.032,0.012,-0.038,0.002,0.009,-0.029,0.011,-0.018,-0.023,-0.026
153,2.3200,2.3200,4.007,4.316,1.469,1.399,-0.076,-0.027,-0.012,-0.001,-0.039,0.011,-0.042,0.001,0.009,-0.029,0.009,-0.019,-0.024,-0.028
154,2.3300,2.3300,4.008,4.316,1.477,1.384,-0.080,-0.028,-0.013,-0.003,-0.042,0.010,-0.044,0.000,0.008,-0.029,0.009,-0.020,-0.025,-0.029
155,2.3400,2.3400,4.009,4.316,1.484,1.372,-0.084,-0.030,-0.013,-0.004,-0.045,0.009,-0.046,0.000,0.008,-0.029,0.008,-0.021,-0.025,-0.029
156,2.3500,2.3500,4.011,4.315,1.492,1.363,-0.092,-0.032,-0.014,-0.006,-0.052,0.008,-0.050,-0.001,0.008,-0.028,0.006,-0.022,-0.027,-0.031
157,2.3600,2.3600,4.012,4.315,1.499,1.351,-0.096,-0.034,-0.015,-0.008,-0.055,0.007,-0.053,-0.002,0.007,-0.028,0.006,-0.023,-0.028,-0.032
158,2.3700,2.3700,4.014,4.315,1.506,1.344,-0.104,-0.037,-0.016,-0.010,-0.062,0.006,-0.057,-0.003,0.007,-0.028,0.004,-0.024,-0.029,-0.034
159,2.3800,2.3800,4.015,4.315,1.514,1.330,-0.108,-0.038,-0.016,-0.011,-0.065,0.005,-0.059,-0.003,0.007,-0.028,0.003,-0.025,-0.030,-0.034
160,2.3900,2.3900,4.016,4.315,1.521,1.317,-0.112,-0.039,-0.017,-0.013,-0.068,0.004,-0.061,-0.004,0.006,-0.028,0.003,-0.025,-0.030,-0.035
161,2.4000,2.4000,4.018,4.315,1.529,1.308,-0.121,-0.042,-0.018,-0.015,-0.075,0.003,-0.065,-0.005,0.006,-0.028,0.001,-0.027,-0.032,-0.037
162,2.4100,2.4100,4.019,4.315,1.536,1.296,-0.125,-0.043,-0.019,-0.016,-0.078,0.002,-0.067,-0.005,0.006,-0.028,0.001,-0.027,-0.033,-0.038
163,2.4200,2.4200,4.020,4.315,1.543,1.284,-0.129,-0.045,-0.019,-0.018,-0.082,0.001,-0.069,-0.006,0.005,-0.028,0.000,-0.028,-0.033,-0.039
164,2.4300,2.4300,4.022,4.315,1.550,1.277,-0.137,-0.047,-0.020,-0.020,-0.088,0.000,-0.073,-0.007,0.005,-0.028,-0.002,-0.029,-0.035,-0.040
165,2.4400,2.4400,4.023,4.315,1.558,1.262,-0.140,-0.048,-0.021,-0.021,-0.091,-0.001,-0.075,-0.007,0.005,-0.028,-0.002,-0.030,-0.036,-0.041
166,2.4500,2.4500,4.024,4.315,1.565,1.250,-0.144,-0.050,-0.021,-0.022,-0.094,-0.001,-0.077,-0.008,0.005,-0.028,-0.003,-0.031,-0.036,-0.042
167,2.4600,2.4600,4.026,4.315,1.572,1.244,-0.151,-0.052,-0.022,-0.025,-0.100,-0.003,-0.081,-0.009,0.004,-0.028,-0.004,-0.032,-0.038,-0.044
168,2.4700,2.4700,4.027,4.315,1.579,1.232,-0.155,-0.053,-0.023,-0.026,-0.103,-0.003,-0.083,-0.009,0.004,-0.028,-0.005,-0.033,-0.039,-0.045
169,2.4800,2.4800,4.028,4.314,1.586,1.220,-0.158,-0.054,-0.023,-0.027,-0.106,-0.004,-0.084,-0.010,0.004,-0.028,-0.006,-0.034,-0.040,-0.046
170,2.4900,2.4900,4.030,4.314,1.593,1.214,-0.166,-0.056,-0.024,-0.029,-0.112,-0.005,-0.088,-0.011,0.004,-0.028,-0.007,-0.035,-0.041,-0.047
171,2.5000,2.5000,4.031,4.314,1.600,1.202,-0.169,-0.058,-0.024,-0.030,-0.115,-0.006,-0.090,-0.011,0.004,-0.029,-0.008,-0.036,-0.042,-0.048
172,2.5100,2.5100,4.032,4.314,1.607,1.190,-0.173,-0.059,-0.025,-0.031,-0.118,-0.006,-0.092,-0.012,0.004,-0.029,-0.008,-0.037,-0.043,-0.049
173,2.5200,2.5200,4.033,4.314,1.614,1.177,-0.177,-0.060,-0.025,-0.032,-0.121,-0.007,-0.094,-0.012,0.003,-0.029,-0.009,-0.038,-0.044,-0.050
174,2.5300,2.5300,4.035,4.314,1.621,1.171,-0.184,-0.062,-0.026,-0.035,-0.128,-0.008,-0.098,-0.014,0.003,-0.029,-0.010,-0.039,-0.045,-0.052
175,2.5400,2.5400,4.036,4.314,1.627,1.161,-0.188,-0.063,-0.027,-0.036,-0.131,-0.009,-0.100,-0.014,0.003,-0.029,-0.011,-0.040,-0.046,-0.053
176,2.5500,2.5500,4.037,4.313,1.634,1.149,-0.191,-0.065,-0.027,-0.037,-0.134,-0.010,-0.102,-0.015,0.003,-0.029,-0.012,-0.041,-0.047,-0.053
177,2.5600,2.5600,4.038,4.313,1.641,1.137,-0.195,-0.066,-0.028,-0.038,-0.137,-0.010,-0.104,-0.015,0.003,-0.029,-0.013,-0.042,-0.048,-0.054
178,2.5700,2.5700,4.039,4.313,1.647,1.128,-0.199,-0.067,-0.028,-0.039,-0.140,-0.011,-0.106,-0.016,0.003,-0.029,-0.013,-0.042,-0.048,-0.055
179,2.5800,2.5800,4.041,4.313,1.654,1.121,-0.206,-0.069,-0.029,-0.042,-0.146,-0.012,-0.110,-0.017,0.002,-0.029,-0.015,-0.044,-0.050,-0.057
180,2.5900,2.5900,4.042,4.313,1.661,1.109,-0.210,-0.070,-0.030,-0.043,-0.149,-0.013,-0.112,-0.017,0.002,-0.030,-0.015,-0.045,-0.051,-0.058
181,2.6000,2.6000,4.043,4.313,1.667,1.099,-0.213,-0.071,-0.030,-0.044,-0.152,-0.013,-0.113,-0.018,0.002,-0.030,-0.016,-0.046,-0.052,-0.059
182,2.6100,2.6100,4.044,4.313,1.674,1.087,-0.216,-0.072,-0.031,-0.045,-0.155,-0.014,-0.115,-0.019,0.002,-0.030,-0.016,-0.046,-0.052,-0.060
183,2.6200,2.6200,4.045,4.312,1.680,1.077,-0.219,-0.073,-0.031,-0.046,-0.157,-0.014,-0.116,-0.019,0.002,-0.030,-0.017,-0.047,-0.053,-0.061
184,2.6300,2.6300,4.047,4.312,1.687,1.070,-0.225,-0.075,-0.033,-0.048,-0.163,-0.015,-0.120,-0.020,0.003,-0.031,-0.018,-0.049,-0.055,-0.062
185,2.6400,2.6400,4.048,4.312,1.693,1.060,-0.228,-0.076,-0.033,-0.049,-0.165,-0.016,-0.121,-0.021,0.003,-0.031,-0.018,-0.049,-0.056,-0.063
186,2.6500,2.6500,4.049,4.312,1.700,1.048,-0.231,-0.077,-0.034,-0.050,-0.168,-0.017,-0.123,-0.022,0.003,-0.031,-0.019,-0.050,-0.056,-0.064
187,2.6600,2.6600,4.050,4.312,1.706,1.038,-0.234,-0.078,-0.034,-0.051,-0.171,-0.017,-0.125,-0.022,0.003,-0.032,-0.019,-0.051,-0.057,-0.065
188,2.6700,2.6700,4.051,4.312,1.713,1.026,-0.237,-0.079,-0.035,-0.052,-0.174,-0.018,-0.126,-0.023,0.003,-0.032,-0.020,-0.052,-0.058,-0.066
189,2.6800,2.6800,4.052,4.311,1.719,1.016,-0.240,-0.080,-0.035,-0.053,-0.176,-0.018,-0.128,-0.023,0.003,-0.032,-0.021,-0.053,-0.059,-0.067
190,2.6900,2.6900,4.054,4.311,1.725,1.011,-0.246,-0.081,-0.036,-0.056,-0.182,-0.019,-0.131,-0.025,0.003,-0.033,-0.022,-0.054,-0.061,-0.069
191,2.7000,2.7000,4.055,4.311,1.732,0.999,-0.249,-0.082,-0.037,-0.057,-0.185,-0.020,-0.133,-0.025,0.003,-0.033,-0.022,-0.055,-0.061,-0.070
192,2.7100,2.7100,4.056,4.311,1.738,0.989,-0.252,-0.083,-0.037,-0.058,-0.188,-0.021,-0.135,-0.026,0.003,-0.033,-0.023,-0.056,-0.062,-0.071
193,2.7200,2.7200,4.057,4.311,1.744,0.979,-0.256,-0.084,-0.038,-0.059,-0.190,-0.021,-0.136,-0.026,0.003,-0.033,-0.023,-0.057,-0.063,-0.072
194,2.7300,2.7300,4.058,4.311,1.751,0.967,-0.259,-0.085,-0.038,-0.060,-0.193,-0.022,-0.138,-0.027,0.003,-0.034,-0.024,-0.057,-0.064,-0.072
195,2.7400,2.7400,4.059,4.310,1.757,0.957,-0.262,-0.086,-0.039,-0.061,-0.196,-0.022,-0.140,-0.028,0.003,-0.034,-0.024,-0.058,-0.065,-0.073
196,2.7500,2.7500,4.060,4.310,1.763,0.947,-0.265,-0.087,-0.039,-0.062,-0.199,-0.023,-0.142,-0.028,0.003,-0.034,-0.025,-0.059,-0.066,-0.074
197,2.7600,2.7600,4.061,4.310,1.769,0.937,-0.268,-0.088,-0.040,-0.063,-0.201,-0.023,-0.143,-0.029,0.003,-0.034,-0.025,-0.060,-0.066,-0.075
198,2.7700,2.7700,4.063,4.310,1.776,0.931,-0.274,-0.090,-0.041,-0.065,-0.205,-0.025,-0.145,-0.029,0.003,-0.035,-0.026,-0.061,-0.067,-0.076
199,2.7800,2.7800,4.064,4.310,1.782,0.922,-0.277,-0.091,-0.041,-0.066,-0.208,-0.025,-0.146,-0.029,0.003,-0.035,-0.026,-0.061,-0.068,-0.077
200,2.7900,2.7900,4.065,4.310,1.788,0.913,-0.281,-0.092,-0.042,-0.067,-0.210,-0.026,-0.147,-0.030,0.003,-0.035,-0.027,-0.062,-0.068,-0.078
201,2.8000,2.8000,4.066,4.310,1.794,0.903,-0.284,-0.092,-0.042,-0.068,-0.212,-0.026,-0.149,-0.030,0.003,-0.035,-0.027,-0.062,-0.069,-0.078
202,2.8100,2.8100,4.067,4.309,1.800,0.894,-0.287,-0.093,-0.043,-0.069,-0.214,-0.027,-0.150,-0.030,0.002,-0.035,-0.027,-0.063,-0.070,-0.079
203,2.8200,2.8200,4.068,4.309,1.806,0.885,-0.290,-0.094,-0.043,-0.070,-0.216,-0.027,-0.151,-0.030,0.002,-0.036,-0.028,-0.063,-0.070,-0.080
204,2.8300,2.8300,4.069,4.309,1.812,0.875,-0.293,-0.095,-0.043,-0.071,-0.218,-0.028,-0.152,-0.030,0.002,-0.036,-0.028,-0.064,-0.071,-0.080
205,2.8400,2.8400,4.070,4.309,1.818,0.866,-0.296,-0.096,-0.044,-0.072,-0.220,-0.028,-0.153,-0.030,0.002,-0.036,-0.028,-0.064,-0.071,-0.081
206,2.8500,2.8500,4.071,4.309,1.824,0.857,-0.299,-0.097,-0.044,-0.073,-0.222,-0.029,-0.154,-0.031,0.002,-0.036,-0.029,-0.065,-0.072,-0.081
207,2.8600,2.8600,4.072,4.309,1.830,0.847,-0.303,-0.098,-0.045,-0.074,-0.224,-0.029,-0.155,-0.031,0.002,-0.036,-0.029,-0.065,-0.072,-0.082
208,2.8700,2.8700,4.073,4.308,1.836,0.838,-0.306,-0.099,-0.045,-0.075,-0.226,-0.030,-0.156,-0.031,0.001,-0.037,-0.029,-0.066,-0.073,-0.083
209,2.8800,2.8800,4.075,4.308,1.842,0.834,-0.312,-0.101,-0.046,-0.077,-0.231,-0.031,-0.159,-0.031,0.001,-0.037,-0.030,-0.067,-0.074,-0.084
210,2.8900,2.8900,4.076,4.308,1.848,0.825,-0.315,-0.102,-0.047,-0.078,-0.233,-0.031,-0.160,-0.031,0.001,-0.037,-0.031,-0.068,-0.074,-0.085
211,2.9000,2.9000,4.077,4.308,1.854,0.815,-0.319,-0.103,-0.047,-0.079,-0.235,-0.032,-0.161,-0.032,0.001,-0.037,-0.031,-0.068,-0.075,-0.085
212,2.9100,2.9100,4.078,4.308,1.860,0.806,-0.322,-0.104,-0.048,-0.080,-0.237,-0.032,-0.162,-0.032,0.001,-0.037,-0.031,-0.069,-0.076,-0.086
213,2.9200,2.9200,4.079,4.308,1.866,0.797,-0.325,-0.104,-0.048,-0.081,-0.239,-0.033,-0.163,-0.032,0.000,-0.038,-0.032,-0.069,-0.076,-0.087
214,2.9300,2.9300,4.080,4.307,1.872,0.787,-0.328,-0.105,-0.049,-0.082,-0.241,-0.033,-0.164,-0.032,0.000,-0.038,-0.032,-0.069,-0.077,-0.087
215,2.9400,2.9400,4.081,4.307,1.877,0.780,-0.330,-0.106,-0.049,-0.083,-0.243,-0.034,-0.165,-0.032,0.000,-0.038,-0.032,-0.070,-0.077,-0.087
216,2.9500,2.9500,4.082,4.307,1.883,0.770,-0.333,-0.107,-0.049,-0.083,-0.244,-0.034,-0.166,-0.032,-0.001,-0.038,-0.032,-0.070,-0.077,-0.088
217,2.9600,2.9600,4.083,4.307,1.889,0.761,-0.336,-0.107,-0.050,-0.084,-0.246,-0.035,-0.167,-0.032,-0.001,-0.038,-0.033,-0.070,-0.077,-0.088
218,2.9700,2.9700,4.084,4.307,1.895,0.751,-0.338,-0.108,-0.050,-0.085,-0.248,-0.035,-0.168,-0.032,-0.001,-0.038,-0.033,-0.071,-0.078,-0.089
219,2.9800,2.9800,4.085,4.307,1.901,0.741,-0.341,-0.109,-0.050,-0.086,-0.250,-0.036,-0.169,-0.032,-0.001,-0.038,-0.033,-0.071,-0.078,-0.089
220,2.9900,2.9900,4.086,4.307,1.906,0.734,-0.344,-0.109,-0.051,-0.087,-0.252,-0.036,-0.170,-0.032,-0.002,-0.038,-0.033,-0.071,-0.078,-0.090
221,3.0000,3.0000,4.087,4.306,1.912,0.725,-0.346,-0.110,-0.051,-0.088,-0.254,-0.036,-0.171,-0.032,-0.002,-0.038,-0.034,-0.072,-0.079,-0.090
222,3.0100,3.0100,4.088,4.306,1.918,0.715,-0.349,-0.111,-0.052,-0.088,-0.255,-0.037,-0.172,-0.032,-0.002,-0.038,-0.034,-0.072,-0.079,-0.090
223,3.0200,3.0200,4.089,4.306,1.923,0.708,-0.352,-0.111,-0.052,-0.089,-0.257,-0.037,-0.173,-0.032,-0.003,-0.038,-0.034,-0.072,-0.079,-0.091
224,3.0300,3.0300,4.090,4.306,1.929,0.698,-0.354,-0.112,-0.052,-0.090,-0.259,-0.038,-0.174,-0.031,-0.003,-0.038,-0.035,-0.072,-0.080,-0.091
225,3.0400,3.0400,4.091,4.306,1.934,0.691,-0.357,-0.113,-0.053,-0.091,-0.261,-0.038,-0.175,-0.031,-0.003,-0.038,-0.035,-0.073,-0.080,-0.092
226,3.0500,3.0500,4.092,4.305,1.940,0.681,-0.360,-0.113,-0.053,-0.092,-0.263,-0.039,-0.176,-0.031,-0.004,-0.038,-0.035,-0.073,-0.080,-0.092
227,3.0600,3.0600,4.093,4.305,1.945,0.674,-0.362,-0.114,-0.053,-0.093,-0.265,-0.039,-0.177,-0.031,-0.004,-0.038,-0.035,-0.073,-0.081,-0.092
228,3.0700,3.0700,4.094,4.305,1.950,0.667,-0.365,-0.115,-0.054,-0.094,-0.267,-0.040,-0.178,-0.031,-0.004,-0.038,-0.036,-0.074,-0.081,-0.093
229,3.0800,3.0800,4.095,4.305,1.956,0.657,-0.368,-0.115,-0.054,-0.094,-0.268,-0.040,-0.179,-0.031,-0.005,-0.038,-0.036,-0.074,-0.081,-0.093
230,3.0900,3.0900,4.096,4.304,1.961,0.650,-0.371,-0.116,-0.055,-0.095,-0.270,-0.041,-0.180,-0.031,-0.005,-0.038,-0.036,-0.074,-0.082,-0.094
231,3.1000,3.1000,4.097,4.304,1.967,0.640,-0.373,-0.117,-0.055,-0.096,-0.272,-0.041,-0.181,-0.031,-0.005,-0.038,-0.037,-0.075,-0.082,-0.094
232,3.1100,3.1100,4.098,4.304,1.972,0.633,-0.376,-0.118,-0.055,-0.097,-0.274,-0.042,-0.182,-0.031,-0.006,-0.038,-0.037,-0.075,-0.082,-0.095
233,3.1200,3.1200,4.099,4.304,1.977,0.627,-0.379,-0.118,-0.056,-0.098,-0.276,-0.042,-0.184,-0.032,-0.006,-0.038,-0.038,-0.076,-0.083,-0.095
234,3.1300,3.1300,4.099,4.304,1.983,0.612,-0.379,-0.118,-0.056,-0.098,-0.276,-0.042,-0.184,-0.032,-0.006,-0.038,-0.038,-0.076,-0.083,-0.095
235,3.1400,3.1400,4.100,4.303,1.988,0.605,-0.382,-0.119,-0.056,-0.098,-0.279,-0.042,-0.185,-0.032,-0.006,-0.038,-0.038,-0.076,-0.084,-0.096
236,3.1500,3.1500,4.101,4.303,1.993,0.598,-0.384,-0.120,-0.057,-0.099,-0.281,-0.043,-0.187,-0.032,-0.006,-0.038,-0.039,-0.077,-0.084,-0.097
237,3.1600,3.1600,4.102,4.303,1.999,0.589,-0.387,-0.120,-0.057,-0.100,-0.283,-0.043,-0.188,-0.033,-0.007,-0.038,-0.039,-0.077,-0.085,-0.097
238,3.1700,3.1700,4.103,4.303,2.004,0.583,-0.390,-0.121,-0.057,-0.101,-0.285,-0.043,-0.189,-0.033,-0.007,-0.038,-0.040,-0.078,-0.085,-0.098
239,3.1800,3.1800,4.104,4.303,2.009,0.576,-0.393,-0.122,-0.058,-0.101,-0.287,-0.044,-0.191,-0.033,-0.007,-0.038,-0.040,-0.078,-0.086,-0.098
240,3.1900,3.1900,4.105,4.302,2.014,0.569,-0.395,-0.122,-0.058,-0.102,-0.289,-0.044,-0.192,-0.034,-0.007,-0.038,-0.041,-0.079,-0.086,-0.099
241,3.2000,3.2000,4.106,4.302,2.020,0.560,-0.398,-0.123,-0.058,-0.103,-0.292,-0.045,-0.194,-0.034,-0.007,-0.038,-0.042,-0.080,-0.087,-0.100
242,3.2100,3.2100,4.107,4.302,2.025,0.553,-0.401,-0.124,-0.059,-0.104,-0.294,-0.045,-0.195,-0.034,-0.008,-0.038,-0.042,-0.080,-0.088,-0.100
243,3.2200,3.2200,4.108,4.302,2.030,0.547,-0.404,-0.125,-0.059,-0.105,-0.296,-0.045,-0.197,-0.035,-0.008,-0.038,-0.043,-0.081,-0.088,-0.101
244,3.2300,3.2300,4.109,4.301,2.035,0.540,-0.407,-0.125,-0.060,-0.105,-0.298,-0.046,-0.198,-0.035,-0.008,-0.038,-0.043,-0.081,-0.089,-0.102
245,3.2400,3.2400,4.110,4.301,2.040,0.533,-0.410,-0.126,-0.060,-0.106,-0.301,-0.046,-0.199,-0.035,-0.008,-0.038,-0.044,-0.082,-0.089,-0.102
246,3.2500,3.2500,4.110,4.301,2.046,0.518,-0.410,-0.126,-0.060,-0.106,-0.301,-0.046,-0.199,-0.035,-0.008,-0.038,-0.044,-0.082,-0.089,-0.102
247,3.2600,3.2600,4.111,4.301,2.051,0.512,-0.412,-0.127,-0.060,-0.107,-0.303,-0.046,-0.201,-0.036,-0.009,-0.038,-0.044,-0.082,-0.090,-0.103
248,3.2700,3.2700,4.112,4.301,2.056,0.505,-0.415,-0.127,-0.061,-0.108,-0.305,-0.047,-0.202,-0.036,-0.009,-0.038,-0.045,-0.083,-0.090,-0.103
249,3.2800,3.2800,4.113,4.300,2.061,0.498,-0.418,-0.128,-0.061,-0.108,-0.307,-0.047,-0.204,-0.036,-0.009,-0.038,-0.046,-0.083,-0.091,-0.104
250,3.2900,3.2900,4.114,4.300,2.066,0.491,-0.421,-0.129,-0.062,-0.109,-0.309,-0.048,-0.205,-0.037,-0.009,-0.038,-0.046,-0.084,-0.092,-0.105
251,3.3000,3.3000,4.115,4.300,2.071,0.485,-0.424,-0.130,-0.062,-0.110,-0.311,-0.048,-0.207,-0.037,-0.009,-0.038,-0.047,-0.085,-0.092,-0.105
252,3.3100,3.3100,4.116,4.300,2.076,0.479,-0.426,-0.130,-0.062,-0.111,-0.313,-0.048,-0.208,-0.038,-0.009,-0.038,-0.047,-0.085,-0.093,-0.106
253,3.3200,3.3200,4.117,4.300,2.081,0.473,-0.429,-0.131,-0.063,-0.111,-0.315,-0.049,-0.209,-0.039,-0.009,-0.038,-0.048,-0.086,-0.093,-0.107
254,3.3300,3.3300,4.118,4.299,2.086,0.467,-0.432,-0.132,-0.063,-0.112,-0.318,-0.049,-0.211,-0.039,-0.009,-0.038,-0.048,-0.086,-0.094,-0.107
255,3.3400,3.3400,4.118,4.299,2.091,0.455,-0.432,-0.132,-0.063,-0.112,-0.318,-0.049,-0.211,-0.039,-0.009,-0.038,-0.048,-0.086,-0.094,-0.107
256,3.3500,3.3500,4.119,4.299,2.096,0.448,-0.434,-0.132,-0.063,-0.112,-0.320,-0.049,-0.212,-0.040,-0.009,-0.038,-0.049,-0.087,-0.094,-0.108
257,3.4500,3.4500,4.128,4.297,2.145,0.383,-0.459,-0.138,-0.066,-0.118,-0.338,-0.053,-0.225,-0.045,-0.009,-0.038,-0.054,-0.092,-0.100,-0.114
258,3.5500,3.5500,4.136,4.295,2.193,0.314,-0.482,-0.143,-0.068,-0.124,-0.355,-0.056,-0.236,-0.049,-0.009,-0.038,-0.059,-0.096,-0.105,-0.120
259,3.6500,3.6500,4.144,4.293,2.239,0.249,-0.505,-0.149,-0.070,-0.129,-0.372,-0.059,-0.248,-0.054,-0.009,-0.037,-0.063,-0.101,-0.109,-0.125
260,3.7500,3.7500,4.152,4.290,2.285,0.183,-0.523,-0.154,-0.072,-0.134,-0.388,-0.062,-0.258,-0.057,-0.010,-0.037,-0.066,-0.104,-0.113,-0.129
261,3.8500,3.8500,4.160,4.288,2.329,0.121,-0.541,-0.158,-0.075,-0.139,-0.402,-0.065,-0.268,-0.059,-0.010,-0.038,-0.069,-0.106,-0.115,-0.132
262,3.9500,3.9500,4.167,4.286,2.372,0.056,-0.556,-0.162,-0.077,-0.144,-0.416,-0.067,-0.277,-0.060,-0.011,-0.038,-0.071,-0.109,-0.118,-0.135
263,4.0500,4.0500,4.174,4.284,2.413,-0.005,-0.572,-0.166,-0.079,-0.149,-0.429,-0.069,-0.285,-0.062,-0.011,-0.038,-0.073,-0.111,-0.120,-0.138
264,4.1500,4.1500,4.181,4.282,2.452,-0.060,-0.586,-0.169,-0.081,-0.153,-0.445,-0.072,-0.297,-0.065,-0.012,-0.039,-0.076,-0.115,-0.124,-0.142
265,4.2500,4.2500,4.187,4.279,2.491,-0.121,-0.597,-0.172,-0.083,-0.156,-0.460,-0.073,-0.309,-0.067,-0.012,-0.040,-0.079,-0.119,-0.128,-0.147
266,4.3500,4.3500,4.194,4.277,2.529,-0.174,-0.610,-0.176,-0.085,-0.161,-0.478,-0.075,-0.322,-0.070,-0.013,-0.041,-0.083,-0.124,-0.133,-0.152
267,4.4500,4.4500,4.200,4.275,2.565,-0.228,-0.622,-0.179,-0.087,-0.165,-0.493,-0.077,-0.334,-0.072,-0.014,-0.042,-0.086,-0.129,-0.138,-0.157
268,4.5500,4.5500,4.206,4.272,2.602,-0.285,-0.634,-0.182,-0.089,-0.168,-0.508,-0.079,-0.345,-0.075,-0.015,-0.043,-0.090,-0.133,-0.142,-0.162
269,4.6500,4.6500,4.212,4.270,2.637,-0.335,-0.644,-0.185,-0.091,-0.171,-0.520,-0.081,-0.354,-0.076,-0.016,-0.044,-0.093,-0.137,-0.146,-0.166
270,4.7500,4.7500,4.217,4.268,2.672,-0.393,-0.653,-0.187,-0.092,-0.174,-0.530,-0.082,-0.361,-0.078,-0.017,-0.045,-0.095,-0.140,-0.149,-0.170
271,4.8500,4.8500,4.223,4.265,2.706,-0.442,-0.664,-0.190,-0.093,-0.177,-0.543,-0.084,-0.371,-0.080,-0.018,-0.046,-0.098,-0.144,-0.153,-0.174
272,4.9500,4.9500,4.229,4.263,2.739,-0.488,-0.674,-0.193,-0.095,-0.181,-0.556,-0.085,-0.380,-0.082,-0.019,-0.047,-0.101,-0.148,-0.157,-0.178
273,5.0500,5.0500,4.234,4.260,2.771,-0.539,-0.683,-0.195,-0.096,-0.183,-0.563,-0.087,-0.385,-0.083,-0.020,-0.047,-0.103,-0.150,-0.160,-0.181
274,5.1500,5.1500,4.239,4.257,2.802,-0.587,-0.690,-0.197,-0.097,-0.185,-0.570,-0.088,-0.389,-0.084,-0.021,-0.048,-0.105,-0.152,-0.162,-0.183
275,5.2500,5.2500,4.243,4.254,2.832,-0.639,-0.697,-0.199,-0.098,-0.187,-0.575,-0.089,-0.392,-0.085,-0.021,-0.048,-0.106,-0.154,-0.164,-0.186
276,5.3500,5.3500,4.248,4.251,2.862,-0.685,-0.705,-0.201,-0.099,-0.190,-0.581,-0.090,-0.397,-0.086,-0.022,-0.048,-0.108,-0.156,-0.166,-0.188
277,5.4500,5.4500,4.253,4.248,2.892,-0.731,-0.713,-0.203,-0.100,-0.192,-0.588,-0.092,-0.401,-0.086,-0.023,-0.049,-0.109,-0.158,-0.168,-0.191
278,5.5500,5.5500,4.257,4.245,2.921,-0.781,-0.719,-0.205,-0.101,-0.194,-0.592,-0.093,-0.403,-0.087,-0.023,-0.049,-0.110,-0.159,-0.169,-0.192
279,5.6500,5.6500,4.262,4.242,2.949,-0.822,-0.727,-0.207,-0.102,-0.196,-0.596,-0.094,-0.405,-0.088,-0.024,-0.049,-0.111,-0.160,-0.170,-0.194
280,5.7500,5.7500,4.266,4.239,2.977,-0.870,-0.733,-0.208,-0.103,-0.198,-0.599,-0.094,-0.406,-0.088,-0.024,-0.049,-0.112,-0.161,-0.171,-0.195
281,5.8500,5.8500,4.270,4.236,3.004,-0.915,-0.739,-0.210,-0.104,-0.199,-0.602,-0.095,-0.408,-0.088,-0.025,-0.049,-0.113,-0.162,-0.172,-0.196
282,5.9500,5.9500,4.274,4.233,3.032,-0.962,-0.745,-0.211,-0.105,-0.201,-0.605,-0.096,-0.409,-0.089,-0.025,-0.049,-0.114,-0.163,-0.173,-0.197
283,6.0500,6.0500,4.278,4.230,3.058,-1.005,-0.751,-0.213,-0.106,-0.203,-0.609,-0.097,-0.411,-0.089,-0.026,-0.049,-0.115,-0.163,-0.174,-0.198
284,6.1500,6.1500,4.282,4.227,3.085,-1.050,-0.757,-0.214,-0.107,-0.205,-0.612,-0.098,-0.412,-0.089,-0.026,-0.049,-0.115,-0.164,-0.174,-0.198
285,6.2500,6.2500,4.286,4.223,3.111,-1.092,-0.763,-0.216,-0.108,-0.207,-0.615,-0.099,-0.413,-0.089,-0.026,-0.049,-0.115,-0.164,-0.175,-0.199
286,6.3500,6.3500,4.290,4.220,3.136,-1.133,-0.769,-0.217,-0.109,-0.208,-0.618,-0.100,-0.415,-0.089,-0.027,-0.048,-0.116,-0.164,-0.175,-0.200
287,6.4500,6.4500,4.294,4.217,3.161,-1.173,-0.775,-0.219,-0.110,-0.210,-0.621,-0.101,-0.416,-0.089,-0.027,-0.048,-0.116,-0.165,-0.175,-0.200
288,6.5500,6.5500,4.298,4.214,3.186,-1.213,-0.781,-0.220,-0.111,-0.212,-0.624,-0.102,-0.417,-0.089,-0.028,-0.048,-0.117,-0.165,-0.176,-0.201
289,6.6500,6.6500,4.301,4.210,3.211,-1.260,-0.785,-0.221,-0.111,-0.214,-0.627,-0.102,-0.418,-0.089,-0.028,-0.048,-0.117,-0.165,-0.176,-0.202
290,6.7500,6.7500,4.305,4.207,3.236,-1.300,-0.791,-0.223,-0.112,-0.215,-0.631,-0.103,-0.421,-0.090,-0.028,-0.048,-0.118,-0.165,-0.177,-0.202
291,6.8500,6.8500,4.309,4.203,3.260,-1.337,-0.797,-0.224,-0.113,-0.217,-0.635,-0.104,-0.423,-0.090,-0.028,-0.048,-0.118,-0.166,-0.177,-0.203
292,6.9500,6.9500,4.312,4.200,3.284,-1.381,-0.801,-0.225,-0.114,-0.219,-0.638,-0.105,-0.425,-0.090,-0.028,-0.047,-0.119,-0.166,-0.177,-0.204
293,7.0500,7.0500,4.316,4.197,3.307,-1.417,-0.807,-0.227,-0.115,-0.220,-0.642,-0.106,-0.427,-0.091,-0.028,-0.047,-0.119,-0.166,-0.178,-0.205
294,7.1500,7.1499,4.319,4.194,3.329,-1.455,-0.812,-0.228,-0.115,-0.222,-0.645,-0.107,-0.429,-0.091,-0.028,-0.047,-0.119,-0.167,-0.178,-0.205
295,7.2500,7.2499,4.322,4.191,3.350,-1.491,-0.816,-0.229,-0.116,-0.223,-0.649,-0.107,-0.431,-0.092,-0.028,-0.047,-0.120,-0.167,-0.178,-0.206
296,7.3500,7.3498,4.325,4.188,3.371,-1.527,-0.821,-0.230,-0.116,-0.224,-0.653,-0.108,-0.434,-0.092,-0.028,-0.047,-0.120,-0.167,-0.179,-0.207
297,7.4500,7.4498,4.328,4.185,3.392,-1.563,-0.825,-0.231,-0.117,-0.225,-0.657,-0.108,-0.437,-0.093,-0.028,-0.047,-0.121,-0.168,-0.180,-0.208
298,7.5500,7.5497,4.331,4.183,3.413,-1.599,-0.830,-0.232,-0.117,-0.226,-0.662,-0.109,-0.441,-0.093,-0.028,-0.047,-0.122,-0.168,-0.180,-0.209
299,7.6500,7.6497,4.334,4.180,3.434,-1.635,-0.834,-0.233,-0.118,-0.227,-0.666,-0.109,-0.444,-0.094,-0.029,-0.047,-0.122,-0.169,-0.181,-0.210
300,7.7500,7.7496,4.337,4.177,3.454,-1.669,-0.839,-0.234,-0.119,-0.229,-0.671,-0.110,-0.447,-0.095,-0.029,-0.047,-0.123,-0.170,-0.182,-0.211
301,7.8500,7.8495,4.340,4.174,3.474,-1.702,-0.844,-0.235,-0.119,-0.230,-0.676,-0.111,-0.451,-0.095,-0.029,-0.047,-0.124,-0.170,-0.182,-0.212
302,7.9500,7.9495,4.343,4.171,3.494,-1.736,-0.848,-0.236,-0.120,-0.231,-0.680,-0.111,-0.454,-0.096,-0.029,-0.046,-0.124,-0.171,-0.183,-0.213
303,8.0500,8.0494,4.346,4.168,3.514,-1.769,-0.853,-0.237,-0.120,-0.232,-0.685,-0.112,-0.458,-0.096,-0.029,-0.046,-0.125,-0.171,-0.184,-0.213
304,8.1500,8.1493,4.349,4.165,3.533,-1.800,-0.858,-0.238,-0.121,-0.233,-0.690,-0.112,-0.462,-0.097,-0.029,-0.046,-0.125,-0.171,-0.184,-0.214
305,8.2500,8.2492,4.351,4.162,3.553,-1.840,-0.861,-0.239,-0.121,-0.234,-0.693,-0.113,-0.464,-0.097,-0.029,-0.046,-0.126,-0.172,-0.184,-0.215
306,8.3500,8.3491,4.354,4.159,3.572,-1.871,-0.865,-0.240,-0.122,-0.235,-0.698,-0.113,-0.468,-0.098,-0.029,-0.046,-0.126,-0.172,-0.185,-0.215
307,8.4500,8.4490,4.357,4.156,3.591,-1.902,-0.870,-0.241,-0.122,-0.236,-0.703,-0.114,-0.472,-0.098,-0.029,-0.046,-0.127,-0.172,-0.185,-0.216
308,8.5500,8.5489,4.359,4.153,3.610,-1.939,-0.873,-0.242,-0.122,-0.237,-0.706,-0.114,-0.474,-0.098,-0.029,-0.046,-0.127,-0.172,-0.185,-0.217
309,8.6500,8.6488,4.362,4.150,3.628,-1.968,-0.878,-0.243,-0.123,-0.238,-0.711,-0.115,-0.478,-0.099,-0.029,-0.045,-0.127,-0.173,-0.186,-0.217
310,8.7500,8.7487,4.365,4.147,3.647,-1.999,-0.882,-0.244,-0.124,-0.239,-0.715,-0.116,-0.481,-0.100,-0.029,-0.046,-0.128,-0.174,-0.187,-0.219
311,8.8500,8.8486,4.367,4.144,3.665,-2.033,-0.885,-0.245,-0.124,-0.240,-0.719,-0.116,-0.483,-0.100,-0.029,-0.046,-0.129,-0.175,-0.188,-0.220
312,8.9500,8.9485,4.370,4.141,3.683,-2.062,-0.890,-0.246,-0.125,-0.241,-0.723,-0.116,-0.487,-0.101,-0.029,-0.046,-0.129,-0.176,-0.189,-0.221
313,9.0500,9.0482,4.372,4.138,3.701,-2.096,-0.893,-0.246,-0.125,-0.242,-0.726,-0.117,-0.489,-0.101,-0.029,-0.046,-0.130,-0.176,-0.190,-0.222
314,9.1500,9.1478,4.374,4.134,3.717,-2.125,-0.896,-0.247,-0.126,-0.243,-0.729,-0.117,-0.491,-0.102,-0.029,-0.046,-0.131,-0.177,-0.190,-0.223
315,9.2500,9.2473,4.377,4.131,3.734,-2.151,-0.901,-0.248,-0.126,-0.244,-0.734,-0.118,-0.495,-0.103,-0.029,-0.047,-0.131,-0.178,-0.192,-0.224
316,9.3500,9.3469,4.379,4.128,3.751,-2.183,-0.904,-0.249,-0.127,-0.245,-0.737,-0.118,-0.497,-0.103,-0.029,-0.047,-0.132,-0.179,-0.192,-0.225
317,9.4500,9.4463,4.381,4.124,3.767,-2.213,-0.908,-0.249,-0.127,-0.246,-0.740,-0.118,-0.499,-0.104,-0.029,-0.047,-0.132,-0.179,-0.193,-0.226
318,9.5500,9.5458,4.383,4.121,3.784,-2.244,-0.911,-0.250,-0.128,-0.246,-0.742,-0.119,-0.501,-0.104,-0.029,-0.047,-0.133,-0.180,-0.194,-0.227
319,9.6500,9.6453,4.385,4.118,3.800,-2.273,-0.914,-0.251,-0.128,-0.247,-0.744,-0.119,-0.503,-0.104,-0.029,-0.047,-0.133,-0.180,-0.194,-0.228
320,9.7500,9.7447,4.387,4.114,3.816,-2.303,-0.917,-0.252,-0.128,-0.248,-0.747,-0.119,-0.504,-0.105,-0.029,-0.047,-0.134,-0.181,-0.195,-0.228
321,9.8500,9.8441,4.389,4.111,3.832,-2.332,-0.920,-0.252,-0.128,-0.248,-0.749,-0.120,-0.506,-0.105,-0.029,-0.047,-0.134,-0.181,-0.195,-0.229
322,9.9500,9.9434,4.391,4.107,3.848,-2.361,-0.923,-0.253,-0.129,-0.249,-0.752,-0.120,-0.508,-0.105,-0.029,-0.047,-0.134,-0.181,-0.196,-0.230
323,10.0500,10.0427,4.393,4.103,3.864,-2.391,-0.926,-0.254,-0.129,-0.249,-0.754,-0.120,-0.510,-0.105,-0.029,-0.047,-0.135,-0.182,-0.196,-0.230
324,10.1500,10.1420,4.395,4.099,3.880,-2.420,-0.929,-0.254,-0.129,-0.250,-0.757,-0.121,-0.512,-0.106,-0.030,-0.047,-0.135,-0.182,-0.197,-0.231
325,10.2500,10.2412,4.397,4.095,3.895,-2.447,-0.932,-0.255,-0.130,-0.251,-0.759,-0.121,-0.514,-0.106,-0.030,-0.047,-0.136,-0.183,-0.197,-0.232
326,10.3500,10.3404,4.398,4.090,3.911,-2.482,-0.934,-0.255,-0.130,-0.251,-0.760,-0.121,-0.514,-0.106,-0.030,-0.047,-0.136,-0.183,-0.197,-0.232
327,10.4500,10.4396,4.400,4.086,3.926,-2.509,-0.936,-0.256,-0.130,-0.252,-0.762,-0.122,-0.516,-0.106,-0.030,-0.047,-0.136,-0.183,-0.198,-0.233
328,10.5500,10.5387,4.402,4.082,3.942,-2.538,-0.939,-0.257,-0.130,-0.252,-0.764,-0.122,-0.517,-0.106,-0.030,-0.047,-0.136,-0.184,-0.198,-0.233
329,10.6500,10.6378,4.404,4.078,3.957,-2.565,-0.942,-0.257,-0.131,-0.253,-0.766,-0.122,-0.518,-0.107,-0.030,-0.048,-0.137,-0.184,-0.199,-0.234
330,10.7500,10.7368,4.405,4.073,3.972,-2.598,-0.944,-0.258,-0.131,-0.253,-0.767,-0.122,-0.519,-0.107,-0.030,-0.048,-0.137,-0.184,-0.199,-0.234
331,10.8500,10.8358,4.407,4.069,3.987,-2.625,-0.946,-0.258,-0.131,-0.254,-0.769,-0.123,-0.520,-0.107,-0.030,-0.048,-0.137,-0.185,-0.199,-0.235
332,10.9500,10.9348,4.409,4.065,4.002,-2.652,-0.949,-0.259,-0.131,-0.254,-0.771,-0.123,-0.521,-0.107,-0.030,-0.048,-0.137,-0.185,-0.200,-0.235
333,11.0500,11.0338,4.411,4.061,4.017,-2.679,-0.952,-0.260,-0.132,-0.255,-0.772,-0.123,-0.522,-0.107,-0.031,-0.048,-0.137,-0.185,-0.200,-0.236
334,11.1500,11.1327,4.412,4.056,4.032,-2.711,-0.954,-0.260,-0.132,-0.255,-0.773,-0.124,-0.523,-0.107,-0.031,-0.048,-0.137,-0.186,-0.200,-0.236
335,11.2500,11.2315,4.414,4.052,4.047,-2.738,-0.957,-0.261,-0.132,-0.256,-0.775,-0.124,-0.524,-0.107,-0.031,-0.048,-0.138,-0.186,-0.201,-0.237
336,11.3500,11.3303,4.415,4.047,4.061,-2.768,-0.958,-0.261,-0.132,-0.256,-0.776,-0.124,-0.525,-0.107,-0.031,-0.049,-0.138,-0.186,-0.201,-0.237
337,11.4500,11.4291,4.417,4.043,4.076,-2.796,-0.961,-0.262,-0.133,-0.257,-0.778,-0.125,-0.525,-0.107,-0.031,-0.049,-0.138,-0.187,-0.202,-0.238
338,11.5500,11.5279,4.419,4.039,4.090,-2.821,-0.963,-0.263,-0.133,-0.258,-0.779,-0.125,-0.526,-0.107,-0.031,-0.049,-0.138,-0.187,-0.202,-0.238
339,11.6500,11.6266,4.420,4.034,4.104,-2.851,-0.964,-0.263,-0.133,-0.258,-0.780,-0.125,-0.527,-0.107,-0.031,-0.049,-0.139,-0.188,-0.203,-0.239
340,11.7500,11.7252,4.422,4.030,4.119,-2.878,-0.967,-0.264,-0.134,-0.259,-0.782,-0.126,-0.527,-0.108,-0.031,-0.049,-0.139,-0.188,-0.203,-0.240
341,11.8500,11.8238,4.423,4.025,4.133,-2.908,-0.968,-0.264,-0.134,-0.260,-0.782,-0.126,-0.528,-0.108,-0.031,-0.049,-0.139,-0.189,-0.204,-0.240
342,11.9500,11.9224,4.425,4.021,4.147,-2.933,-0.971,-0.265,-0.134,-0.261,-0.784,-0.126,-0.528,-0.108,-0.032,-0.050,-0.140,-0.189,-0.204,-0.241
343,12.0500,12.0205,4.426,4.017,4.160,-2.961,-0.972,-0.265,-0.134,-0.261,-0.785,-0.127,-0.529,-0.108,-0.032,-0.050,-0.140,-0.190,-0.205,-0.241
344,12.1500,12.1181,4.427,4.012,4.173,-2.988,-0.974,-0.265,-0.135,-0.261,-0.786,-0.127,-0.529,-0.108,-0.032,-0.050,-0.140,-0.190,-0.205,-0.242
345,12.2500,12.2155,4.428,4.007,4.186,-3.016,-0.975,-0.266,-0.135,-0.262,-0.786,-0.127,-0.530,-0.108,-0.032,-0.050,-0.140,-0.190,-0.205,-0.242
346,12.3500,12.3128,4.429,4.002,4.199,-3.044,-0.976,-0.266,-0.135,-0.262,-0.787,-0.127,-0.530,-0.109,-0.032,-0.050,-0.140,-0.191,-0.206,-0.242
347,12.4500,12.4101,4.431,3.997,4.211,-3.064,-0.979,-0.267,-0.135,-0.263,-0.789,-0.128,-0.531,-0.109,-0.032,-0.050,-0.141,-0.191,-0.206,-0.243
348,12.5500,12.5072,4.432,3.992,4.224,-3.092,-0.980,-0.267,-0.136,-0.263,-0.790,-0.128,-0.531,-0.109,-0.032,-0.050,-0.141,-0.192,-0.207,-0.244
349,12.6500,12.6043,4.433,3.987,4.237,-3.120,-0.982,-0.268,-0.136,-0.264,-0.790,-0.128,-0.531,-0.109,-0.032,-0.051,-0.141,-0.192,-0.207,-0.244
350,12.7500,12.7013,4.434,3.982,4.249,-3.146,-0.983,-0.268,-0.136,-0.264,-0.791,-0.128,-0.532,-0.109,-0.032,-0.051,-0.142,-0.192,-0.208,-0.245
351,12.8500,12.7981,4.435,3.977,4.261,-3.171,-0.985,-0.268,-0.136,-0.264,-0.791,-0.128,-0.532,-0.109,-0.033,-0.051,-0.142,-0.193,-0.208,-0.245
352,12.9500,12.8949,4.436,3.972,4.274,-3.199,-0.986,-0.268,-0.136,-0.264,-0.792,-0.128,-0.533,-0.109,-0.033,-0.051,-0.142,-0.193,-0.208,-0.246
353,13.0500,12.9916,4.437,3.967,4.286,-3.225,-0.987,-0.269,-0.136,-0.265,-0.793,-0.129,-0.533,-0.110,-0.033,-0.051,-0.142,-0.193,-0.209,-0.246
354,13.1500,13.0882,4.438,3.962,4.298,-3.250,-0.989,-0.269,-0.136,-0.265,-0.793,-0.129,-0.534,-0.110,-0.033,-0.051,-0.143,-0.194,-0.209,-0.246
355,13.2500,13.1848,4.439,3.957,4.310,-3.276,-0.990,-0.269,-0.136,-0.265,-0.794,-0.129,-0.534,-0.110,-0.033,-0.051,-0.143,-0.194,-0.210,-0.247
356,13.3500,13.2812,4.439,3.952,4.322,-3.307,-0.991,-0.269,-0.136,-0.265,-0.794,-0.129,-0.534,-0.110,-0.033,-0.051,-0.143,-0.194,-0.210,-0.247
357,13.4500,13.3775,4.440,3.946,4.334,-3.332,-0.992,-0.270,-0.136,-0.265,-0.795,-0.129,-0.535,-0.110,-0.033,-0.051,-0.143,-0.195,-0.210,-0.247
358,13.5500,13.4737,4.441,3.941,4.346,-3.358,-0.993,-0.270,-0.136,-0.266,-0.795,-0.129,-0.535,-0.110,-0.033,-0.051,-0.144,-0.195,-0.210,-0.248
359,13.6500,13.5699,4.442,3.936,4.358,-3.384,-0.995,-0.270,-0.137,-0.266,-0.796,-0.129,-0.535,-0.110,-0.034,-0.052,-0.144,-0.195,-0.211,-0.248
360,13.7500,13.6659,4.443,3.931,4.370,-3.409,-0.996,-0.271,-0.137,-0.266,-0.797,-0.129,-0.536,-0.110,-0.034,-0.052,-0.144,-0.196,-0.211,-0.249
361,13.8500,13.7618,4.444,3.925,4.382,-3.435,-0.998,-0.271,-0.137,-0.266,-0.797,-0.129,-0.536,-0.111,-0.034,-0.052,-0.144,-0.196,-0.212,-0.249
362,13.9500,13.8576,4.445,3.920,4.393,-3.459,-0.999,-0.271,-0.137,-0.266,-0.798,-0.130,-0.537,-0.111,-0.034,-0.052,-0.145,-0.197,-0.212,-0.250
363,14.0500,13.9534,4.446,3.915,4.405,-3.484,-1.001,-0.271,-0.137,-0.267,-0.799,-0.130,-0.537,-0.111,-0.034,-0.052,-0.145,-0.197,-0.212,-0.250
364,14.1500,14.0488,4.446,3.908,4.417,-3.515,-1.001,-0.271,-0.137,-0.267,-0.799,-0.130,-0.537,-0.111,-0.034,-0.052,-0.145,-0.197,-0.213,-0.250
365,14.2500,14.1440,4.447,3.902,4.429,-3.541,-1.003,-0.272,-0.137,-0.267,-0.799,-0.130,-0.538,-0.111,-0.034,-0.052,-0.145,-0.197,-0.213,-0.251
366,14.3500,14.2391,4.447,3.895,4.440,-3.569,-1.003,-0.272,-0.137,-0.267,-0.800,-0.130,-0.538,-0.111,-0.034,-0.052,-0.145,-0.198,-0.213,-0.251
367,14.4500,14.3340,4.448,3.888,4.452,-3.595,-1.005,-0.272,-0.137,-0.267,-0.800,-0.130,-0.538,-0.111,-0.035,-0.052,-0.146,-0.198,-0.213,-0.251
368,14.5500,14.4288,4.448,3.881,4.463,-3.623,-1.005,-0.272,-0.137,-0.267,-0.800,-0.130,-0.538,-0.111,-0.035,-0.052,-0.146,-0.198,-0.213,-0.251
369,14.6500,14.5236,4.448,3.874,4.475,-3.654,-1.006,-0.272,-0.137,-0.267,-0.800,-0.130,-0.538,-0.111,-0.035,-0.052,-0.146,-0.198,-0.213,-0.251
370,14.7500,14.6181,4.449,3.867,4.486,-3.678,-1.007,-0.272,-0.137,-0.267,-0.801,-0.130,-0.539,-0.111,-0.035,-0.052,-0.146,-0.198,-0.214,-0.252
371,14.8500,14.7126,4.449,3.860,4.498,-3.708,-1.008,-0.272,-0.137,-0.267,-0.801,-0.130,-0.539,-0.111,-0.035,-0.052,-0.146,-0.198,-0.214,-0.252
372,14.9500,14.8069,4.450,3.853,4.509,-3.732,-1.009,-0.272,-0.137,-0.267,-0.801,-0.130,-0.539,-0.111,-0.035,-0.053,-0.146,-0.199,-0.214,-0.252
373,15.0500,14.9011,4.450,3.846,4.520,-3.760,-1.010,-0.272,-0.137,-0.267,-0.801,-0.130,-0.539,-0.111,-0.035,-0.053,-0.146,-0.199,-0.214,-0.252
374,15.1500,14.9953,4.450,3.840,4.530,-3.786,-1.010,-0.272,-0.137,-0.267,-0.801,-0.130,-0.539,-0.111,-0.035,-0.053,-0.146,-0.199,-0.214,-0.252
375,15.2500,15.0893,4.451,3.834,4.540,-3.807,-1.011,-0.273,-0.137,-0.267,-0.801,-0.130,-0.539,-0.111,-0.035,-0.053,-0.146,-0.199,-0.214,-0.252
376,15.3500,15.1831,4.451,3.828,4.550,-3.833,-1.012,-0.273,-0.137,-0.267,-0.801,-0.130,-0.539,-0.111,-0.035,-0.053,-0.146,-0.199,-0.214,-0.252
377,15.4500,15.2769,4.451,3.822,4.560,-3.858,-1.012,-0.273,-0.137,-0.267,-0.801,-0.130,-0.540,-0.111,-0.035,-0.053,-0.146,-0.199,-0.214,-0.252
378,15.5500,15.3705,4.451,3.816,4.570,-3.884,-1.013,-0.273,-0.137,-0.267,-0.801,-0.130,-0.540,-0.111,-0.035,-0.053,-0.146,-0.199,-0.214,-0.252
379,15.6500,15.4640,4.452,3.810,4.579,-3.902,-1.014,-0.273,-0.137,-0.267,-0.802,-0.130,-0.540,-0.111,-0.035,-0.053,-0.146,-0.199,-0.215,-0.253
380,15.7500,15.5574,4.452,3.803,4.589,-3.928,-1.014,-0.273,-0.137,-0.267,-0.802,-0.130,-0.540,-0.111,-0.035,-0.053,-0.146,-0.199,-0.215,-0.253
381,15.8500,15.6502,4.452,3.796,4.599,-3.954,-1.015,-0.273,-0.137,-0.267,-0.802,-0.130,-0.540,-0.111,-0.035,-0.053,-0.146,-0.199,-0.215,-0.253
382,15.9500,15.7427,4.452,3.787,4.609,-3.980,-1.016,-0.273,-0.137,-0.267,-0.802,-0.130,-0.540,-0.111,-0.035,-0.053,-0.146,-0.199,-0.215,-0.253
383,16.0500,15.8351,4.451,3.779,4.619,-4.010,-1.015,-0.272,-0.136,-0.267,-0.802,-0.130,-0.540,-0.111,-0.035,-0.053,-0.146,-0.199,-0.215,-0.253
384,16.1500,15.9273,4.451,3.771,4.629,-4.036,-1.015,-0.272,-0.136,-0.267,-0.802,-0.130,-0.540,-0.111,-0.035,-0.053,-0.146,-0.199,-0.215,-0.253
385,16.2500,16.0194,4.451,3.763,4.639,-4.061,-1.016,-0.272,-0.136,-0.266,-0.802,-0.130,-0.540,-0.111,-0.035,-0.053,-0.146,-0.199,-0.215,-0.253
386,16.3500,16.1113,4.451,3.754,4.649,-4.087,-1.017,-0.272,-0.136,-0.266,-0.802,-0.130,-0.540,-0.111,-0.035,-0.053,-0.146,-0.199,-0.215,-0.253
387,16.4500,16.2031,4.450,3.746,4.659,-4.118,-1.016,-0.272,-0.136,-0.266,-0.801,-0.130,-0.540,-0.111,-0.035,-0.053,-0.146,-0.199,-0.215,-0.252
388,16.5500,16.2946,4.450,3.738,4.668,-4.141,-1.016,-0.272,-0.136,-0.266,-0.801,-0.130,-0.540,-0.111,-0.035,-0.053,-0.146,-0.199,-0.215,-0.253
389,16.6500,16.3860,4.450,3.729,4.678,-4.167,-1.017,-0.272,-0.136,-0.266,-0.801,-0.130,-0.540,-0.111,-0.035,-0.053,-0.146,-0.199,-0.215,-0.253
390,16.7500,16.4773,4.450,3.721,4.688,-4.193,-1.018,-0.272,-0.136,-0.266,-0.801,-0.130,-0.540,-0.111,-0.035,-0.053,-0.146,-0.199,-0.215,-0.253
391,16.8500,16.5684,4.449,3.712,4.697,-4.220,-1.017,-0.272,-0.136,-0.266,-0.801,-0.130,-0.540,-0.111,-0.035,-0.053,-0.146,-0.199,-0.214,-0.252
392,16.9500,16.6593,4.449,3.704,4.707,-4.246,-1.017,-0.272,-0.136,-0.266,-0.801,-0.130,-0.540,-0.111,-0.035,-0.053,-0.146,-0.199,-0.215,-0.252
393,17.0500,16.7500,4.449,3.695,4.716,-4.270,-1.018,-0.272,-0.136,-0.266,-0.801,-0.130,-0.541,-0.111,-0.035,-0.053,-0.146,-0.199,-0.215,-0.252
394,17.1500,16.8406,4.448,3.687,4.726,-4.300,-1.017,-0.272,-0.136,-0.265,-0.801,-0.130,-0.540,-0.111,-0.035,-0.053,-0.146,-0.199,-0.214,-0.252
395,17.2500,16.9310,4.448,3.678,4.735,-4.323,-1.018,-0.272,-0.136,-0.265,-0.801,-0.130,-0.541,-0.111,-0.035,-0.053,-0.146,-0.199,-0.214,-0.252
396,17.3500,17.0210,4.447,3.669,4.745,-4.354,-1.017,-0.272,-0.136,-0.265,-0.801,-0.130,-0.540,-0.111,-0.035,-0.052,-0.146,-0.199,-0.214,-0.252
397,17.4500,17.1103,4.446,3.658,4.754,-4.382,-1.017,-0.271,-0.135,-0.265,-0.800,-0.129,-0.540,-0.111,-0.035,-0.052,-0.146,-0.199,-0.214,-0.252
398,17.5500,17.1993,4.445,3.646,4.764,-4.412,-1.017,-0.271,-0.135,-0.265,-0.800,-0.129,-0.540,-0.111,-0.035,-0.052,-0.146,-0.198,-0.214,-0.251
399,17.6500,17.2881,4.444,3.635,4.773,-4.440,-1.016,-0.271,-0.135,-0.264,-0.799,-0.129,-0.540,-0.111,-0.035,-0.052,-0.146,-0.198,-0.213,-0.251
400,17.7500,17.3767,4.443,3.624,4.783,-4.471,-1.015,-0.271,-0.135,-0.264,-0.799,-0.129,-0.540,-0.111,-0.035,-0.052,-0.145,-0.198,-0.213,-0.251
401,17.8500,17.4651,4.442,3.612,4.792,-4.499,-1.015,-0.270,-0.135,-0.264,-0.798,-0.129,-0.539,-0.110,-0.035,-0.052,-0.145,-0.197,-0.213,-0.250
402,17.9500,17.5533,4.441,3.601,4.801,-4.527,-1.015,-0.270,-0.135,-0.264,-0.798,-0.129,-0.539,-0.110,-0.035,-0.052,-0.145,-0.197,-0.212,-0.250
403,18.0500,17.6412,4.440,3.589,4.811,-4.557,-1.014,-0.270,-0.135,-0.263,-0.797,-0.129,-0.539,-0.110,-0.035,-0.052,-0.145,-0.197,-0.212,-0.249
404,18.1500,17.7290,4.439,3.578,4.820,-4.585,-1.014,-0.270,-0.134,-0.263,-0.797,-0.129,-0.539,-0.110,-0.035,-0.052,-0.145,-0.196,-0.212,-0.249
405,18.2500,17.8165,4.438,3.566,4.829,-4.614,-1.013,-0.270,-0.134,-0.263,-0.796,-0.128,-0.538,-0.110,-0.034,-0.052,-0.144,-0.196,-0.211,-0.249
406,18.3500,17.9033,4.437,3.553,4.839,-4.644,-1.013,-0.269,-0.134,-0.263,-0.796,-0.128,-0.538,-0.110,-0.034,-0.052,-0.144,-0.196,-0.211,-0.248
407,18.4500,17.9893,4.435,3.538,4.848,-4.677,-1.011,-0.269,-0.134,-0.262,-0.795,-0.128,-0.538,-0.110,-0.034,-0.051,-0.144,-0.195,-0.210,-0.247
408,18.5500,18.0751,4.433,3.524,4.858,-4.712,-1.010,-0.269,-0.134,-0.262,-0.794,-0.128,-0.537,-0.109,-0.034,-0.051,-0.143,-0.194,-0.210,-0.247
409,18.6500,18.1605,4.431,3.509,4.867,-4.745,-1.008,-0.268,-0.134,-0.261,-0.793,-0.128,-0.536,-0.109,-0.034,-0.051,-0.143,-0.194,-0.209,-0.246
410,18.7500,18.2457,4.429,3.494,4.877,-4.781,-1.007,-0.267,-0.133,-0.260,-0.791,-0.127,-0.536,-0.109,-0.034,-0.051,-0.142,-0.193,-0.208,-0.245
411,18.8500,18.3307,4.427,3.479,4.886,-4.814,-1.005,-0.267,-0.132,-0.259,-0.789,-0.126,-0.535,-0.108,-0.034,-0.050,-0.142,-0.192,-0.207,-0.244
412,18.9500,18.4154,4.425,3.464,4.896,-4.850,-1.004,-0.266,-0.132,-0.258,-0.787,-0.126,-0.534,-0.108,-0.033,-0.050,-0.142,-0.192,-0.207,-0.243
413,19.0500,18.4998,4.423,3.449,4.905,-4.884,-1.003,-0.265,-0.131,-0.256,-0.785,-0.125,-0.534,-0.108,-0.033,-0.050,-0.141,-0.191,-0.206,-0.243
414,19.1500,18.5840,4.421,3.433,4.914,-4.918,-1.003,-0.264,-0.130,-0.255,-0.783,-0.125,-0.533,-0.107,-0.033,-0.050,-0.141,-0.190,-0.205,-0.242
415,19.2500,18.6671,4.419,3.416,4.924,-4.955,-1.003,-0.263,-0.129,-0.253,-0.780,-0.124,-0.532,-0.107,-0.033,-0.050,-0.140,-0.190,-0.204,-0.241
416,19.3500,18.7494,4.416,3.397,4.933,-4.994,-1.002,-0.261,-0.128,-0.251,-0.777,-0.123,-0.531,-0.106,-0.033,-0.049,-0.139,-0.189,-0.203,-0.239
417,19.4500,18.8315,4.413,3.379,4.943,-5.036,-1.000,-0.259,-0.127,-0.249,-0.773,-0.122,-0.529,-0.106,-0.033,-0.049,-0.139,-0.188,-0.202,-0.238
418,19.5500,18.9132,4.411,3.360,4.952,-5.070,-1.000,-0.258,-0.127,-0.248,-0.771,-0.121,-0.528,-0.106,-0.033,-0.049,-0.139,-0.187,-0.202,-0.238
419,19.6500,18.9947,4.408,3.341,4.962,-5.112,-0.998,-0.257,-0.126,-0.246,-0.768,-0.120,-0.527,-0.106,-0.033,-0.049,-0.138,-0.187,-0.201,-0.237
420,19.7500,19.0752,4.405,3.323,4.972,-5.154,-0.996,-0.256,-0.125,-0.245,-0.765,-0.120,-0.525,-0.106,-0.032,-0.048,-0.138,-0.187,-0.201,-0.236
421,19.8500,19.1548,4.403,3.305,4.981,-5.189,-0.995,-0.255,-0.125,-0.244,-0.763,-0.119,-0.524,-0.106,-0.032,-0.048,-0.138,-0.186,-0.200,-0.236
422,19.9500,19.2341,4.401,3.288,4.991,-5.225,-0.994,-0.254,-0.124,-0.243,-0.761,-0.119,-0.523,-0.105,-0.032,-0.048,-0.138,-0.186,-0.200,-0.235
423,20.0500,19.3137,4.398,3.271,5.001,-5.267,-0.992,-0.253,-0.124,-0.242,-0.758,-0.118,-0.521,-0.105,-0.032,-0.048,-0.138,-0.186,-0.200,-0.235
424,20.1500,19.3937,4.396,3.255,5.009,-5.299,-0.990,-0.252,-0.123,-0.241,-0.755,-0.118,-0.520,-0.105,-0.032,-0.048,-0.137,-0.185,-0.199,-0.234
425,20.2500,19.4730,4.399,3.257,5.021,-5.313,-0.994,-0.253,-0.124,-0.242,-0.759,-0.118,-0.522,-0.105,-0.032,-0.048,-0.138,-0.186,-0.200,-0.235
426,20.3194,19.5274,4.407,3.281,5.032,-5.298,-1.003,-0.255,-0.125,-0.244,-0.765,-0.119,-0.526,-0.106,-0.033,-0.048,-0.138,-0.187,-0.201,-0.237
427,20.3889,19.5817,4.416,3.305,5.043,-5.279,-1.012,-0.258,-0.126,-0.248,-0.774,-0.121,-0.531,-0.106,-0.033,-0.049,-0.139,-0.188,-0.203,-0.239
428,20.4468,19.6268,4.423,3.325,5.052,-5.263,-1.014,-0.263,-0.129,-0.254,-0.783,-0.124,-0.535,-0.108,-0.034,-0.050,-0.141,-0.191,-0.206,-0.243
429,20.4545,19.6328,4.432,3.349,5.063,-5.244,-1.019,-0.269,-0.133,-0.261,-0.794,-0.128,-0.539,-0.109,-0.034,-0.051,-0.144,-0.195,-0.210,-0.247
430,20.4600,19.6370,4.441,3.375,5.076,-5.235,-1.028,-0.270,-0.134,-0.262,-0.799,-0.129,-0.542,-0.110,-0.036,-0.052,-0.146,-0.198,-0.213,-0.251
431,20.4654,19.6411,4.446,3.387,5.083,-5.230,-1.034,-0.271,-0.134,-0.263,-0.802,-0.129,-0.544,-0.111,-0.036,-0.053,-0.147,-0.200,-0.215,-0.253
432,20.4708,19.6453,4.439,3.361,5.080,-5.255,-1.027,-0.270,-0.133,-0.262,-0.798,-0.128,-0.541,-0.110,-0.035,-0.052,-0.145,-0.198,-0.213,-0.250
433,20.4720,19.6462,4.429,3.318,5.083,-5.311,-1.019,-0.267,-0.132,-0.259,-0.791,-0.127,-0.538,-0.109,-0.034,-0.051,-0.143,-0.194,-0.209,-0.246
434,20.4733,19.6472,4.419,3.275,5.086,-5.374,-1.017,-0.260,-0.127,-0.249,-0.777,-0.122,-0.533,-0.107,-0.033,-0.049,-0.140,-0.190,-0.204,-0.241
435,20.4745,19.6481,4.409,3.232,5.089,-5.436,-1.011,-0.255,-0.124,-0.243,-0.766,-0.119,-0.528,-0.105,-0.033,-0.049,-0.138,-0.187,-0.201,-0.237
436,20.4758,19.6491,4.399,3.189,5.092,-5.497,-1.001,-0.252,-0.123,-0.240,-0.757,-0.117,-0.522,-0.105,-0.032,-0.048,-0.137,-0.185,-0.199,-0.235
437,20.4771,19.6500,4.389,3.146,5.095,-5.559,-0.991,-0.249,-0.121,-0.236,-0.745,-0.115,-0.514,-0.103,-0.032,-0.048,-0.136,-0.184,-0.198,-0.232
438,20.4783,19.6509,4.379,3.104,5.098,-5.621,-0.981,-0.245,-0.119,-0.232,-0.733,-0.113,-0.506,-0.102,-0.032,-0.049,-0.134,-0.183,-0.196,-0.230
439,20.4796,19.6519,4.369,3.061,5.101,-5.685,-0.971,-0.241,-0.116,-0.228,-0.719,-0.111,-0.496,-0.099,-0.033,-0.049,-0.132,-0.181,-0.195,-0.228
440,20.4806,19.6526,4.360,3.021,5.104,-5.743,-0.961,-0.238,-0.114,-0.224,-0.707,-0.110,-0.488,-0.098,-0.033,-0.049,-0.131,-0.180,-0.194,-0.227
441,20.4815,19.6532,4.351,2.983,5.106,-5.797,-0.951,-0.235,-0.112,-0.221,-0.695,-0.108,-0.479,-0.097,-0.034,-0.050,-0.131,-0.182,-0.195,-0.227
442,20.4824,19.6539,4.341,2.944,5.108,-5.857,-0.940,-0.232,-0.111,-0.218,-0.682,-0.107,-0.470,-0.096,-0.035,-0.052,-0.131,-0.183,-0.195,-0.227
443,20.4832,19.6545,4.332,2.906,5.110,-5.910,-0.928,-0.230,-0.110,-0.216,-0.672,-0.106,-0.461,-0.095,-0.035,-0.052,-0.130,-0.182,-0.194,-0.225
444,20.4841,19.6551,4.323,2.867,5.112,-5.965,-0.916,-0.228,-0.108,-0.214,-0.661,-0.105,-0.453,-0.093,-0.035,-0.052,-0.129,-0.181,-0.193,-0.223
445,20.4850,19.6557,4.314,2.829,5.114,-6.016,-0.904,-0.226,-0.107,-0.211,-0.653,-0.104,-0.447,-0.092,-0.035,-0.052,-0.127,-0.180,-0.191,-0.220
446,20.4859,19.6563,4.305,2.790,5.116,-6.068,-0.892,-0.224,-0.106,-0.208,-0.645,-0.102,-0.441,-0.091,-0.035,-0.052,-0.126,-0.178,-0.189,-0.217
447,20.4867,19.6569,4.296,2.752,5.118,-6.120,-0.884,-0.221,-0.103,-0.203,-0.635,-0.100,-0.437,-0.090,-0.035,-0.052,-0.124,-0.176,-0.187,-0.214
448,20.4876,19.6575,4.286,2.709,5.120,-6.177,-0.879,-0.214,-0.099,-0.194,-0.622,-0.096,-0.433,-0.089,-0.034,-0.052,-0.122,-0.174,-0.185,-0.211
449,20.4885,19.6581,4.275,2.664,5.121,-6.237,-0.873,-0.208,-0.094,-0.185,-0.609,-0.091,-0.428,-0.087,-0.033,-0.052,-0.120,-0.171,-0.181,-0.207
450,20.4894,19.6586,4.264,2.620,5.123,-6.299,-0.858,-0.205,-0.092,-0.181,-0.599,-0.089,-0.423,-0.086,-0.031,-0.051,-0.117,-0.168,-0.177,-0.202
451,20.4902,19.6592,4.253,2.575,5.124,-6.360,-0.843,-0.202,-0.089,-0.176,-0.589,-0.087,-0.417,-0.084,-0.030,-0.050,-0.113,-0.164,-0.173,-0.196
452,20.4911,19.6598,4.242,2.530,5.126,-6.423,-0.828,-0.199,-0.087,-0.170,-0.572,-0.084,-0.407,-0.081,-0.028,-0.049,-0.109,-0.157,-0.166,-0.189
453,20.4920,19.6603,4.229,2.478,5.126,-6.493,-0.809,-0.195,-0.083,-0.163,-0.552,-0.080,-0.394,-0.077,-0.026,-0.047,-0.103,-0.150,-0.158,-0.179
454,20.4929,19.6609,4.216,2.426,5.127,-6.567,-0.789,-0.190,-0.079,-0.154,-0.521,-0.075,-0.372,-0.072,-0.024,-0.044,-0.096,-0.140,-0.147,-0.168
455,20.4937,19.6614,4.204,2.373,5.128,-6.637,-0.772,-0.185,-0.075,-0.147,-0.494,-0.071,-0.352,-0.067,-0.022,-0.041,-0.089,-0.130,-0.138,-0.158
456,20.4946,19.6619,4.191,2.321,5.128,-6.709,-0.750,-0.179,-0.070,-0.137,-0.457,-0.066,-0.325,-0.061,-0.020,-0.038,-0.081,-0.119,-0.127,-0.146
457,20.4955,19.6625,4.178,2.268,5.129,-6.786,-0.730,-0.173,-0.065,-0.127,-0.421,-0.062,-0.299,-0.055,-0.018,-0.036,-0.073,-0.109,-0.116,-0.134
458,20.4964,19.6630,4.165,2.216,5.129,-6.856,-0.715,-0.163,-0.058,-0.113,-0.388,-0.055,-0.280,-0.050,-0.017,-0.034,-0.067,-0.101,-0.107,-0.124
459,20.4972,19.6635,4.152,2.164,5.130,-6.928,-0.703,-0.151,-0.051,-0.098,-0.355,-0.047,-0.263,-0.045,-0.016,-0.033,-0.061,-0.093,-0.099,-0.115
460,20.4981,19.6641,4.138,2.110,5.131,-7.003,-0.677,-0.139,-0.043,-0.081,-0.319,-0.039,-0.242,-0.038,-0.015,-0.031,-0.053,-0.084,-0.090,-0.105
461,20.4990,19.6645,4.124,2.049,5.133,-7.079,-0.640,-0.127,-0.035,-0.065,-0.281,-0.030,-0.221,-0.031,-0.014,-0.030,-0.045,-0.075,-0.080,-0.094
462,20.4998,19.6649,4.109,1.988,5.136,-7.163,-0.600,-0.117,-0.027,-0.049,-0.243,-0.022,-0.199,-0.024,-0.014,-0.028,-0.038,-0.066,-0.070,-0.083
463,20.5007,19.6653,4.095,1.927,5.138,-7.251,-0.566,-0.111,-0.021,-0.037,-0.212,-0.016,-0.180,-0.017,-0.014,-0.028,-0.031,-0.059,-0.062,-0.074
464,20.5016,19.6657,4.080,1.867,5.141,-7.347,-0.534,-0.104,-0.015,-0.025,-0.182,-0.009,-0.162,-0.012,-0.013,-0.028,-0.025,-0.052,-0.055,-0.066
465,20.5025,19.6661,4.066,1.806,5.143,-7.437,-0.507,-0.099,-0.009,-0.013,-0.155,-0.003,-0.147,-0.008,-0.012,-0.027,-0.020,-0.047,-0.049,-0.059
466,20.5033,19.6663,4.055,1.762,5.145,-7.508,-0.485,-0.094,-0.005,-0.003,-0.133,0.001,-0.135,-0.004,-0.013,-0.026,-0.016,-0.042,-0.044,-0.053
467,20.5042,19.6665,4.045,1.719,5.147,-7.571,-0.465,-0.090,0.000,0.005,-0.112,0.005,-0.122,0.001,-0.014,-0.025,-0.013,-0.038,-0.039,-0.047
468,20.5051,19.6667,4.035,1.676,5.149,-7.629,-0.448,-0.081,0.006,0.018,-0.085,0.012,-0.108,0.007,-0.014,-0.023,-0.007,-0.031,-0.031,-0.039
469,20.5060,19.6669,4.024,1.633,5.151,-7.689,-0.430,-0.064,0.015,0.036,-0.050,0.021,-0.091,0.013,-0.013,-0.021,0.001,-0.021,-0.021,-0.027
470,20.5068,19.6671,4.014,1.590,5.153,-7.744,-0.396,-0.056,0.019,0.047,-0.020,0.027,-0.072,0.018,-0.012,-0.021,0.007,-0.015,-0.014,-0.020
471,20.5077,19.6673,4.004,1.547,5.155,-7.801,-0.357,-0.050,0.022,0.055,0.007,0.032,-0.053,0.023,-0.011,-0.022,0.012,-0.010,-0.009,-0.013
472,20.5086,19.6676,3.994,1.504,5.157,-7.854,-0.320,-0.047,0.025,0.061,0.031,0.036,-0.035,0.028,-0.012,-0.023,0.016,-0.007,-0.005,-0.008
473,20.5095,19.6674,3.986,1.473,5.158,-7.890,-0.293,-0.046,0.026,0.065,0.048,0.039,-0.022,0.031,-0.013,-0.022,0.018,-0.004,-0.001,-0.004
474,20.5103,19.6672,3.979,1.445,5.159,-7.919,-0.272,-0.046,0.027,0.069,0.061,0.042,-0.013,0.033,-0.013,-0.022,0.020,-0.002,0.001,-0.001
475,20.5112,19.6669,3.972,1.416,5.160,-7.947,-0.252,-0.047,0.027,0.071,0.073,0.044,-0.004,0.035,-0.013,-0.021,0.022,0.001,0.004,0.003
476,20.5121,19.6667,3.966,1.388,5.161,-7.971,-0.236,-0.048,0.028,0.073,0.082,0.045,0.004,0.037,-0.012,-0.021,0.025,0.003,0.007,0.006
477,20.5129,19.6663,3.963,1.378,5.161,-7.977,-0.232,-0.039,0.032,0.082,0.093,0.049,0.006,0.038,-0.009,-0.020,0.028,0.008,0.012,0.011
478,20.5180,19.6641,3.954,1.339,5.162,-8.000,-0.222,-0.012,0.045,0.107,0.125,0.062,0.013,0.041,-0.002,-0.017,0.039,0.022,0.026,0.026
479,20.5231,19.6620,3.944,1.300,5.163,-8.062,-0.097,-0.033,0.029,0.080,0.131,0.051,0.046,0.038,0.003,-0.013,0.041,0.028,0.032,0.034
480,20.5281,19.6597,3.935,1.261,5.164,-8.096,-0.082,-0.021,0.032,0.088,0.158,0.056,0.065,0.043,0.003,-0.003,0.046,0.042,0.047,0.051
481,20.5332,19.6575,3.925,1.222,5.165,-8.127,-0.073,0.004,0.040,0.106,0.194,0.065,0.083,0.049,0.005,0.006,0.054,0.059,0.066,0.071
482,20.5382,19.6552,3.916,1.183,5.166,-8.158,-0.032,0.029,0.047,0.119,0.224,0.071,0.100,0.052,0.012,0.009,0.064,0.073,0.081,0.087
483,20.5433,19.6529,3.906,1.144,5.167,-8.200,0.040,0.035,0.041,0.110,0.241,0.069,0.125,0.060,0.015,0.008,0.076,0.083,0.092,0.100
484,20.5483,19.6505,3.896,1.104,5.168,-8.233,0.105,0.047,0.041,0.112,0.267,0.071,0.149,0.069,0.017,0.008,0.086,0.094,0.104,0.114
485,20.5534,19.6482,3.887,1.065,5.169,-8.258,0.158,0.059,0.044,0.120,0.299,0.076,0.174,0.076,0.019,0.010,0.095,0.105,0.116,0.127
486,20.5584,19.6446,3.881,1.041,5.169,-8.267,0.188,0.073,0.047,0.129,0.330,0.082,0.196,0.079,0.021,0.014,0.100,0.114,0.125,0.136
487,20.5635,19.6406,3.876,1.022,5.169,-8.275,0.212,0.083,0.050,0.136,0.355,0.086,0.214,0.082,0.022,0.017,0.104,0.121,0.132,0.144
488,20.5686,19.6366,3.872,1.004,5.169,-8.276,0.222,0.094,0.056,0.145,0.380,0.089,0.230,0.084,0.023,0.019,0.107,0.126,0.137,0.148
489,20.5736,19.6326,3.867,0.985,5.169,-8.277,0.229,0.109,0.065,0.158,0.414,0.093,0.251,0.087,0.024,0.020,0.111,0.132,0.143,0.154
490,20.5787,19.6285,3.863,0.967,5.169,-8.278,0.236,0.120,0.072,0.168,0.440,0.095,0.267,0.089,0.025,0.022,0.114,0.136,0.147,0.158
491,20.5837,19.6244,3.858,0.948,5.169,-8.278,0.242,0.135,0.081,0.180,0.475,0.100,0.289,0.092,0.027,0.024,0.119,0.143,0.153,0.164
492,20.5888,19.6202,3.853,0.930,5.169,-8.276,0.246,0.152,0.090,0.194,0.512,0.104,0.313,0.097,0.028,0.026,0.124,0.151,0.161,0.171
493,20.5938,19.6160,3.849,0.911,5.169,-8.276,0.249,0.165,0.096,0.204,0.541,0.108,0.332,0.100,0.028,0.029,0.128,0.157,0.167,0.177
494,20.5989,19.6118,3.844,0.893,5.169,-8.274,0.256,0.182,0.106,0.220,0.579,0.114,0.354,0.105,0.030,0.031,0.135,0.166,0.175,0.185
495,20.6039,19.6076,3.840,0.875,5.169,-8.272,0.267,0.200,0.117,0.240,0.613,0.123,0.368,0.111,0.031,0.033,0.143,0.176,0.185,0.196
496,20.6090,19.6033,3.835,0.856,5.169,-8.269,0.282,0.223,0.130,0.264,0.656,0.134,0.386,0.120,0.033,0.036,0.153,0.189,0.198,0.208
497,20.6141,19.5990,3.830,0.838,5.169,-8.267,0.296,0.245,0.144,0.288,0.698,0.145,0.404,0.127,0.035,0.038,0.163,0.201,0.210,0.221
498,20.6191,19.5947,3.826,0.820,5.169,-8.261,0.302,0.264,0.154,0.307,0.740,0.153,0.428,0.137,0.037,0.040,0.174,0.214,0.223,0.233
499,20.6242,19.5903,3.821,0.801,5.169,-8.254,0.308,0.288,0.167,0.330,0.795,0.163,0.460,0.149,0.039,0.042,0.189,0.231,0.239,0.248
500,20.6292,19.5859,3.817,0.783,5.169,-8.249,0.313,0.307,0.177,0.348,0.838,0.171,0.486,0.159,0.041,0.044,0.200,0.244,0.252,0.260
501,20.6343,19.5814,3.812,0.765,5.169,-8.241,0.320,0.331,0.190,0.371,0.893,0.181,0.517,0.172,0.043,0.046,0.214,0.261,0.268,0.276
502,20.6393,19.5757,3.807,0.745,5.169,-8.230,0.328,0.358,0.205,0.398,0.953,0.193,0.550,0.185,0.046,0.049,0.230,0.280,0.286,0.293
503,20.6444,19.5696,3.803,0.726,5.169,-8.222,0.334,0.379,0.216,0.419,1.000,0.203,0.576,0.195,0.048,0.052,0.243,0.294,0.301,0.306
504,20.6494,19.5636,3.798,0.706,5.169,-8.212,0.343,0.406,0.230,0.445,1.058,0.215,0.608,0.207,0.051,0.055,0.258,0.313,0.318,0.322
505,20.6545,19.5575,3.793,0.686,5.169,-8.199,0.350,0.433,0.245,0.473,1.116,0.228,0.639,0.219,0.053,0.058,0.273,0.330,0.336,0.337
506,20.6596,19.5514,3.788,0.667,5.169,-8.185,0.356,0.460,0.260,0.501,1.174,0.241,0.668,0.230,0.056,0.061,0.287,0.347,0.352,0.351
507,20.6646,19.5452,3.783,0.647,5.169,-8.172,0.362,0.487,0.275,0.529,1.231,0.254,0.698,0.241,0.059,0.064,0.300,0.364,0.368,0.365
508,20.6697,19.5391,3.778,0.628,5.169,-8.159,0.368,0.514,0.289,0.556,1.287,0.266,0.726,0.252,0.061,0.067,0.314,0.380,0.384,0.379
509,20.6747,19.5329,3.774,0.608,5.169,-8.149,0.377,0.538,0.303,0.580,1.322,0.278,0.737,0.259,0.063,0.069,0.322,0.390,0.395,0.385
510,20.6798,19.5267,3.769,0.589,5.169,-8.136,0.389,0.568,0.319,0.611,1.365,0.291,0.749,0.267,0.064,0.071,0.331,0.402,0.407,0.392
511,20.6848,19.5204,3.764,0.570,5.170,-8.126,0.399,0.598,0.336,0.640,1.407,0.305,0.762,0.275,0.066,0.074,0.341,0.415,0.419,0.400
512,20.6899,19.5142,3.759,0.550,5.170,-8.114,0.413,0.628,0.352,0.670,1.451,0.318,0.777,0.283,0.068,0.076,0.351,0.427,0.432,0.408
513,20.6949,19.5079,3.754,0.531,5.170,-8.096,0.447,0.664,0.369,0.699,1.510,0.330,0.806,0.295,0.072,0.079,0.368,0.446,0.451,0.417
514,20.7000,19.5016,3.750,0.512,5.170,-8.083,0.474,0.694,0.382,0.722,1.556,0.340,0.829,0.304,0.076,0.081,0.380,0.461,0.466,0.425
515,20.7050,19.4953,3.745,0.492,5.170,-8.067,0.507,0.730,0.399,0.752,1.614,0.352,0.858,0.316,0.080,0.083,0.396,0.480,0.484,0.434
516,20.7101,19.4889,3.740,0.473,5.170,-8.051,0.540,0.765,0.416,0.780,1.671,0.364,0.886,0.327,0.084,0.086,0.412,0.498,0.502,0.443
517,20.7152,19.4826,3.735,0.454,5.170,-8.034,0.590,0.799,0.427,0.798,1.724,0.371,0.921,0.340,0.085,0.089,0.425,0.514,0.518,0.446
518,20.7202,19.4759,3.729,0.429,5.170,-8.015,0.648,0.840,0.441,0.820,1.787,0.379,0.962,0.356,0.085,0.092,0.441,0.533,0.538,0.450
519,20.7244,19.4698,3.720,0.393,5.168,-7.982,0.734,0.901,0.462,0.853,1.881,0.392,1.023,0.378,0.086,0.097,0.464,0.562,0.566,0.455
520,20.7286,19.4637,3.711,0.358,5.167,-7.938,0.823,0.950,0.491,0.900,1.976,0.409,1.071,0.404,0.086,0.093,0.489,0.583,0.587,0.453
521,20.7329,19.4576,3.701,0.323,5.165,-7.890,0.918,1.002,0.522,0.950,2.080,0.429,1.124,0.431,0.086,0.089,0.517,0.606,0.610,0.450
522,20.7371,19.4515,3.692,0.287,5.163,-7.849,1.033,1.058,0.544,0.983,2.162,0.439,1.174,0.451,0.087,0.093,0.538,0.631,0.635,0.453
523,20.7413,19.4453,3.683,0.252,5.162,-7.814,1.155,1.114,0.563,1.012,2.240,0.448,1.224,0.469,0.089,0.098,0.558,0.656,0.661,0.457
524,20.7455,19.4391,3.674,0.217,5.160,-7.771,1.281,1.171,0.584,1.043,2.327,0.459,1.279,0.488,0.091,0.104,0.579,0.683,0.688,0.465
525,20.7497,19.4329,3.665,0.183,5.159,-7.714,1.425,1.228,0.607,1.083,2.435,0.476,1.347,0.511,0.094,0.109,0.605,0.714,0.719,0.479
526,20.7539,19.4267,3.656,0.148,5.157,-7.657,1.566,1.283,0.630,1.122,2.541,0.492,1.414,0.533,0.097,0.114,0.630,0.744,0.750,0.492
527,20.7581,19.4205,3.647,0.113,5.156,-7.581,1.708,1.340,0.667,1.187,2.669,0.520,1.477,0.557,0.105,0.119,0.663,0.782,0.788,0.516
528,20.7623,19.4142,3.638,0.079,5.154,-7.494,1.849,1.398,0.710,1.263,2.805,0.553,1.537,0.582,0.116,0.124,0.698,0.822,0.829,0.545
529,20.7666,19.4080,3.629,0.044,5.153,-7.414,1.988,1.454,0.752,1.337,2.938,0.584,1.596,0.606,0.127,0.129,0.733,0.861,0.869,0.572
530,20.7708,19.4017,3.620,0.010,5.151,-7.301,2.109,1.503,0.788,1.414,3.106,0.626,1.687,0.638,0.133,0.134,0.771,0.905,0.913,0.606
531,20.7750,19.3954,3.611,-0.025,5.150,-7.193,2.227,1.551,0.822,1.489,3.272,0.667,1.778,0.671,0.138,0.139,0.809,0.948,0.956,0.640
532,20.7792,19.3891,3.602,-0.059,5.148,-7.085,2.341,1.598,0.856,1.564,3.436,0.708,1.867,0.702,0.144,0.144,0.846,0.990,0.998,0.673
533,20.7834,19.3827,3.593,-0.093,5.147,-6.901,2.386,1.650,0.918,1.711,3.679,0.793,1.963,0.738,0.161,0.153,0.899,1.051,1.061,0.728
534,20.7876,19.3772,3.588,-0.115,5.146,-6.801,2.411,1.680,0.953,1.792,3.811,0.839,2.015,0.757,0.170,0.157,0.927,1.085,1.095,0.759
535,20.7918,19.3732,3.587,-0.117,5.146,-6.782,2.415,1.685,0.960,1.808,3.838,0.848,2.025,0.761,0.172,0.158,0.933,1.091,1.102,0.765
536,20.8340,19.3321,3.584,-0.135,5.152,-6.739,2.431,1.704,0.981,1.856,3.916,0.875,2.055,0.772,0.178,0.161,0.950,1.111,1.122,0.782
537,20.8761,19.2892,3.581,-0.153,5.157,-6.694,2.448,1.722,1.002,1.904,3.994,0.901,2.085,0.784,0.184,0.163,0.967,1.131,1.142,0.800
538,20.9182,19.2428,3.581,-0.157,5.160,-6.702,2.450,1.723,1.002,1.904,3.994,0.901,2.085,0.783,0.184,0.164,0.967,1.131,1.142,0.800
539,21.3395,18.6353,3.586,-0.183,5.191,-6.873,2.447,1.700,0.969,1.826,3.865,0.857,2.034,0.762,0.174,0.160,0.937,1.096,1.107,0.768
540,21.7608,17.7629,3.592,-0.211,5.220,-7.061,2.441,1.672,0.929,1.731,3.707,0.802,1.971,0.736,0.163,0.155,0.899,1.054,1.064,0.729
541,22.1820,16.6654,3.591,-0.259,5.237,-7.083,2.466,1.684,0.937,1.749,3.734,0.811,1.980,0.738,0.165,0.156,0.903,1.060,1.070,0.733
542,22.3164,16.2825,3.589,-0.286,5.245,-7.063,2.485,1.699,0.952,1.782,3.787,0.830,2.000,0.746,0.169,0.159,0.914,1.073,1.083,0.744
543,22.3281,16.2483,3.588,-0.290,5.247,-7.049,2.490,1.705,0.959,1.798,3.813,0.839,2.010,0.750,0.171,0.159,0.920,1.080,1.090,0.750
544,22.3379,16.2190,3.587,-0.298,5.251,-7.039,2.496,1.711,0.967,1.814,3.840,0.848,2.020,0.753,0.173,0.160,0.926,1.086,1.097,0.756
545,22.3460,16.1944,3.587,-0.304,5.254,-7.047,2.499,1.712,0.967,1.814,3.840,0.848,2.020,0.753,0.173,0.160,0.926,1.086,1.097,0.756
546,22.3528,16.1738,3.586,-0.310,5.257,-7.035,2.505,1.718,0.974,1.831,3.866,0.857,2.030,0.757,0.174,0.161,0.931,1.093,1.103,0.762
547,22.3584,16.1535,3.586,-0.324,5.269,-7.064,2.511,1.720,0.974,1.831,3.866,0.857,2.030,0.756,0.175,0.162,0.931,1.092,1.103,0.761
548,22.3631,16.1326,3.586,-0.347,5.293,-7.124,2.522,1.724,0.975,1.832,3.866,0.857,2.029,0.755,0.175,0.162,0.930,1.092,1.102,0.760
549,22.3670,16.1152,3.587,-0.363,5.310,-7.185,2.526,1.720,0.969,1.817,3.840,0.848,2.019,0.751,0.173,0.161,0.923,1.085,1.095,0.753
550,22.3703,16.1010,3.587,-0.367,5.316,-7.200,2.528,1.721,0.969,1.817,3.840,0.848,2.019,0.750,0.173,0.161,0.923,1.084,1.095,0.753
551,22.3730,16.0891,3.588,-0.371,5.321,-7.232,2.526,1.716,0.962,1.801,3.814,0.839,2.008,0.746,0.171,0.161,0.917,1.077,1.088,0.746
552,22.3753,16.0792,3.588,-0.374,5.325,-7.241,2.528,1.717,0.962,1.801,3.814,0.839,2.008,0.746,0.171,0.161,0.917,1.077,1.088,0.746
553,22.3772,16.0709,3.588,-0.377,5.328,-7.249,2.529,1.717,0.962,1.801,3.814,0.839,2.008,0.746,0.171,0.161,0.917,1.077,1.088,0.746
554,22.3866,16.0372,3.590,-0.416,5.376,-7.407,2.540,1.712,0.950,1.770,3.762,0.821,1.987,0.736,0.167,0.159,0.903,1.062,1.072,0.731
