a,e
43.77979774771207,.06588804288760879
39.29373266094012,.3198099304474024
39.4003478451975,.1837225680316961
44.02075015925608,.06380068739611815
42.20532541994359,.216466350219148
39.36539076528577,.1183498438364974
39.38401737925979,.3155120827864478
36.63197672543758,.07721505894107632
83.40348835323552,.5796747795929809
39.39459354719054,.3299526110513318
47.34444149362543,.2129479438822987
44.24783334744915,.05120506289838988
42.87363678444778,.03574397767569057
39.52577532272423,.2567969873704398
43.1568153867015,.1209021336331305
45.79632929444582,.1056719110658963
43.12330275410432,.05046443418602523
39.35366573603345,.1437958497853007
47.61540482383952,.3969889893040258
41.76168186107647,.1051228339325859
39.25176628996412,.2249707042433358
43.43630331349191,.05194942276598678
94.55046097021464,.5955599199846544
47.47154673552996,.368913865353544
56.00207062882302,.422493767370443
39.50474410335125,.2417074603481081
96.14234171985943,.8718907697959483
39.51269786177114,.260576779997573
43.68306715794925,.03688913370138806
33.44060408613871,.382354171843477
39.38205333565152,.2542917180069891
37.77051191163849,.04320695731427874
39.19423604927084,.1533288286370255
56.10727204501465,.4195198227085681
39.6281223960649,.2799749844403038
49.0054674654213,.3064721387238784
51.35060295272906,.282870022633197
38.26463716296434,.5414631528181459
32.0831832794706,.4522228157164476
43.28732327962161,.01338116599077366
39.28221220613922,.2221714683004861
39.58468319945239,.2855780902395073
52.35760749287744,.2344053289788742
42.97093783823074,.101312792754254
43.37281234938541,.03470451637420009
44.46547613097105,.05861913822980373
44.28858834567086,.0623842176850062
123.1208828114603,.7686375854640404
47.52805744856286,.1314194255743051
43.11599302857989,.1217367771203113
42.60210085819981,.1435655393269803
39.34863397394003,.2881515536792839
45.54900443977571,.1230401071119594
41.73037398162355,.2101981308273876
44.62402207665653,.0878611284732578
60.1599186937033,.4099337844372506
49.91286591859404,.5472564915771664
44.01789644855089,.2231046711549988
55.85809622444245,.4072350685489592
54.77991960008259,.9548024372313336
102.7937192528268,.8263528827541492
44.77579570568047,.06690992036572395
43.55486191465091,.08578088664741584
39.46809117357287,.2238006899860198
42.50329070783562,.01923154267995698
54.99879287208317,.4266264261772679
39.25614987539551,.1850509291313756
30.78499378134327,.5675179033311973
38.50183820210013,.1230039457152901
37.52890606303109,.2467255980371675
44.11572483505343,.01653571551978607
35.11806155686156,.08706665440837603
54.26823392464418,.2774761645233755
46.78154798481037,.1491919076682448
42.42636659831731,.06465983396748436
58.21605705220406,.2916537006466445
86.79921821180233,.6267107539125368
38.82199250924987,.06037769800455799
226.3447703946995,.8486684784720676
55.26549938666325,.2946905879110285
39.32450098241035,.2625732359036114
39.43461797137243,.07553905525928607
44.08836422390382,.08695051770978432
43.35229508065952,.03151412675361482
43.70754368661596,.1706930007592186
45.02701901998277,.2335307855255763
517.1381418637943,.9598316388835412
34.76768883083967,.5628014538670826
43.06762752355677,.02695528942369249
42.52365593728072,.01607206431523028
43.84472330743204,.03171175728251499
507.5603421917792,.8501823804557087
39.46947937364201,.2179854586523902
42.17284541351641,.08168120909355689
39.4378161357119,.2305194864316596
39.27483098243196,.1304715855787688
100.5914736442229,.6924607100228444
53.35297606739577,.3799366757232359
39.36863651240353,.1203190589400432
43.95350938912414,.1151138384581943
45.52049895737994,.237023320419404
43.45857976108983,.2293473382084251
97.36712426788674,.5977398377870751
43.73073744581606,.07808220818755093
43.58543573991502,.1873276192689242
55.26413407223014,.3597529902193024
39.17688907760429,.2395317128637788
43.7623395235186,.1776220452284293
39.55587432855761,.2855548999819107
54.35365169826485,.3500876264102849
38.86733481195079,.04176187842339895
43.42171854883264,.1745912404808045
48.01033994132648,.264978789091877
49.80853293006006,.2558387685959561
43.0502807892678,.1061519108678621
32.27657933178626,.1706702641543097
39.63699685144972,.3193730036568093
41.86036827176744,.109046771383179
38.78003097000037,.06714025527212629
44.43073416838501,.04697333294534196
42.57680381743146,.1444115022214758
39.60647298695402,.295424162168195
72.30064552585847,.4740316908178516
47.43208542666583,.1986648373698311
67.72385050427441,.6898304397148372
35.19006189208464,.0888406203838974
39.60932338530357,.2739787256729624
43.91856966697995,.03982753399948266
47.62210985176664,.2833755100677218
39.62211713103092,.1795962456681228
37.42042298398538,.05587912173479873
53.39058581731745,.3277384934700801
35.12311448322296,.07925335747013701
39.78629640250901,.2608158545971764
61.59167862946153,.3892982001625271
39.4450697257358,0.250248713478499
43.42020442793556,.1455813816266373
42.66005114739777,.0219310415097418
43.79717717057568,.1080560928651171
36.93666789233438,.01912324081558471
55.5242857251087,.3539121749857896
43.45878303633102,.1244869674322496
43.30719788218243,.1894695790051423
62.52216142938362,.4817942185282701
67.68871443909084,.4420761525540771
45.76305786769124,.1542390798460264
44.76704085095923,.1060644581810808
47.34146450020597,.2893675476010676
46.30578918425455,.135572589441828
44.54824879362161,.2647893720486896
39.19992146067888,.189841008405289
36.32276921410452,.2328205257830039
55.31721661247269,.412867638794015
42.04383326438852,.2500999727080636
44.70798897504921,.140436844721478
38.90147950517819,.0403403480356796
90.40472081965049,.6114325324202348
41.35876444127812,.01904695653227824
43.1629781474663,.1363922285932606
92.10686041934201,.6415920606196269
75.16730934439484,.3854045317949732
43.76178653304992,.03978864909217392
227.9513324875996,.8057222965261531
44.22430756788049,.05997894195788966
45.04933278933841,.1193373595436408
42.23215717120568,.2413180601645865
41.35350539978588,.4759627071797509
45.52206826210785,.1253533103852245
44.88555966338913,.1084976887346338
43.89104568022893,.09170319154856876
70.01362725795586,.5087589512357943
42.77348513929687,.06559743172451711
39.59049625115029,.2353495015761761
39.97443796478745,.07903122989559075
39.42230922493363,.1942411426905487
45.80546129594914,.1398571504298994
38.82816510706517,.07120747978364869
43.96746183138772,.05289897011761035
46.03858421746971,.1838290026144921
53.2147702128116,.293311504338182
49.99215348895819,.2970153620732712
43.95060264830551,.08667046510530726
53.0813455841447,.2616001940252802
121.1321053392625,.689590843120755
43.64054072578318,.09954607411586573
58.41746815548605,.3820578164477871
45.17471214155162,.1656066811873617
51.44792861293998,.2348784145439113
46.09428947858934,.1499733092265533
50.64196807692799,.2420564934994907
44.44097101940365,.1113480706153414
44.62133265049007,.1071280709251721
44.68581643248936,.1062933090717474
53.6394905828469,.3896172971991703
106.2500812053518,.6673884475433381
45.40933232205344,.1417327051131173
43.20067111249364,.1501843152958593
39.6401230201275,.1767454044677852
66.92519423445731,.5066872454692257
73.61135284948463,.4907862512787735
47.21575321550021,.2488792561782583
40.7807571146629,.778500741464397
43.69718300287114,.08430143993594251
48.10959990776481,.1604220162963102
43.97177155110221,.1020619739343649
110.5097606043816,.6667537926030411
61.59697243527543,.4023649466902036
39.54480287008721,.1557059467285841
46.81100662682603,.204423986285326
41.71680392970748,.1443852258445459
39.21175048812312,.2114528664193847
43.61117465723837,.07743377130179073
89.43279658251436,.5932380639553806
43.64588872509595,.1470578968051876
47.59955118735213,.195970263992453
34.71517565623341,.06495638849219554
43.67461745126895,.1039935970494203
736.6735726498625,.9672103972753784
30.16004609727614,.2998692747217571
30.28216899826145,.570623420225306
48.02377319593495,.3116434202357595
41.99625575103568,.1408535356503265
30.86897892886704,.315273338721959
323.0417697655262,.9708697902927718
39.119743349332,.2627807833006922
126.3260051137948,.8940484081194578
43.65753929069808,.05020742263687814
45.7309783381821,.1347972551644015
44.93394840275921,.08539622244085443
39.1337250942922,.1952757996462253
41.15728067471406,.02938224468742399
43.24866987877969,.05138369511847631
45.16311704872692,.0423679878037071
43.0311175070445,.07511852695870921
42.43395425797453,.0938988654979736
46.05661242733829,.1459221009109295
44.68802668459966,.07626842738636139
44.3706145587408,.08394901423349158
39.30886163206884,.1530871952299488
43.53341247487829,.1134554350788639
43.65517061662425,.02543275231877981
45.75575679266166,.1693816122475426
43.60857006107059,.2402612571309264
56.06316847061604,.336929327663242
42.90430935521168,.114761153942817
63.35206126989056,.3498807874894401
44.29324590500249,.144500370721265
43.91006331545657,.04143902087183872
35.47767806189378,.6822216379136701
42.91788914328261,.06691372994005099
44.22075317120093,.1335546569497264
347.6092104024823,.9683499258688203
42.93607952710158,.002165569946200294
34.75809001622871,.09674785578631175
40.02702473328766,.05670961092476592
35.11442471914109,.1689032408625218
42.86181086216261,.05430912443839393
55.78371994469838,.3253898301873018
42.53268069045964,.2340733686762807
110.7572852227397,.6708530340236497
42.73703461874971,.07752691219156385
44.67772496645335,.1323958041648609
39.7385189477785,.2849875133924044
42.46335441496055,.03751049761766679
46.73912993499763,.1235200762561804
44.40670126850573,.04978388301016375
44.18489852859943,.04329662362704827
43.28071370971599,.1489197416310572
39.45293793076358,.1816850851412007
152.7793796571758,.7753634625191085
39.34116390325264,.2587500363218833
76.47394375589549,.5112444887829326
45.80491880280471,.1206017235964645
46.99365092911747,.1280615305391803
45.30393595170391,.09081364783917738
39.14639933819137,.2225464714070931
39.33232418468105,.275927257339654
39.32915816691289,.1135521909824673
46.14751529034892,.1175003174124608
43.04662968987284,.03806907729098559
42.2566142015222,5.437353205666514E-5
40.94243406270702,5.181381562156662E-5
42.44889368631713,2.291924596819439E-5
46.82236519695819,.1409533872884526
44.39887739975622,.0615368274799435
42.42506420677353,4.761793212031115E-5
42.90307030239703,.09082522074174393
39.45185981626433,.1191906805228422
41.34574063391436,6.606774495059909E-5
39.72673998429158,.2554956188580407
43.46927079604143,3.804508267753844E-5
39.47305226934023,.1898073699234969
46.61951131961262,.1303691943748572
34.43394519143845,.1086246466461644
35.79289860608271,.6210700523114379
45.18542028029027,.1110605859419737
39.54060173068502,.09702247588005888
39.51635493916923,.09628148990993177
257.1607094307953,.990105622703487
43.77906289821372,.09838015462834453
39.39577029410122,.1783454812227453
42.50260594702548,.01490610972928618
43.87417543059706,.1265616224853696
44.01542660934649,.0277983735523562
42.48038536766109,.05278889221243345
39.37530429999995,.07884420000000041
43.88713233177998,.0909867444239094
42.54752093196351,.08183125765097489
41.36034247994576,2.068122439870338E-5
41.4478352642524,.05686279363394051
44.52128166931075,.0001412638801881755
47.74684380713902,.3608306305144253
39.31754238168764,.1864598340849843
44.89483905571043,8.392991116574908E-5
43.31045467271338,8.248353211384836E-5
42.03871498252747,.01989246582166363
39.53953705805601,.1930632785267614
40.9229903645151,.0919780931270457
38.15592159091943,.0478088311341436
41.5980911594884,.0873043039075575
39.50558326381343,.2870222100257887
45.50564283716601,.1224390239440222
44.19005838083678,.04912240929699514
43.61431812663461,.03152749338522417
43.07607863004272,.05060999239018728
42.05758090566525,.0001423034713849091
39.50235767763014,.211744864155485
45.19504303999479,.0001472399732221198
39.51290792995351,.2211143114346557
36.46696977366953,.1313970480751152
45.74266342918066,.1306860645477573
38.95851427164747,.03611598562297921
43.31409163913091,.04248792224067028
43.31761412724116,.04333121605495643
39.47836173534242,.1796035878223665
39.37430428124666,.2000589832438255
39.19382612670693,.2690064147854299
44.6396188586446,.08495322772237342
45.54003997497543,.1084483054037271
45.32980172775963,.1211594760005163
39.57595005359052,.1675129143257594
64.68617150568215,.4244282204022917
43.45282333045638,5.572189964284821E-5
43.6623197427902,.02724128679949844
92.00806018018096,.6237229186098421
119.4393357141132,.6857989533633922
45.15063570040751,6.984338726339595E-5
47.27719361601346,.1350807310938661
45.08074601467748,.07686483350569821
43.99348605394253,.02654789155330528
90.31784267784653,.5713471730729979
43.54065601576833,.07899361347731908
45.64168007800104,.07267592547824214
42.08347864199202,4.674964255062789E-5
47.1668577179169,.01247849314947332
44.24618883290395,.09496877161516798
44.01538498046322,.04078982196367263
43.1467834921981,.01647366835419809
42.55151225295905,.236645066167344
43.92412899868113,.1349906485523134
44.41161402106322,.03251313293203784
43.96606505339681,.09794302216314377
41.54837466941465,.09469202403592109
42.25149726481263,3.856449746148824E-5
46.0163336376953,.1413870111718235
42.5941390637795,.01594340515293163
44.24290081241838,.08145579556993439
44.33420032469957,.0001117150911417613
43.12248000115827,.05139689912880305
44.78779908530999,.1266625104843907
45.11540367250425,.09254345725185703
44.47045519550107,.06612232586304582
43.3108068132047,.09037807468794654
43.28958682517901,.01094402735298515
43.88583475929009,.1428668167259977
41.07377941716607,.07405230729863647
39.74895224764904,.2835478642048502
43.53125545730712,.06672792297256694
39.41337921067446,.2672810242651402
39.31843263944963,.3285471628298411
42.50964286924971,.1015995768228918
45.88616172851483,5.382549237329133E-5
39.40692776254158,.2304933815965093
45.60673125631904,5.376511343336175E-5
44.16450289163289,5.29043488356918E-5
82.22281989804416,.5984957369965431
44.41372432089774,.07809342365949075
42.51615336351009,2.597343933592799E-5
42.88440405195167,5.200271701334777E-5
44.3406011200784,5.293452743569692E-5
41.79349920942185,5.132691904687291E-5
115.77256542455,.6999190928508772
45.32036266840039,5.21232237410208E-5
45.52243510125989,.1124931244097396
44.81788514190115,.0858176100222359
44.32541875503316,.02165652602995741
43.13202005355425,.0237155590513849
42.15877159600418,.05981211009426243
42.38248864922829,.07870493462124871
43.13990827894615,.05954738680941735
43.81513096570359,.1555147778819111
43.7500018656655,.01721990076314524
43.20361247241625,.04591880987308939
44.58235571909297,.001076529394119134
39.53488004787216,.2748614483919948
39.5292657673814,.2435482864395752
43.45017938562657,.06839956800548984
39.44021216507548,.1947451794511892
44.46219237394532,5.95886389389449E-5
42.00662823422898,5.748080995165494E-5
45.79248843162645,.1018354164393255
39.33942248048648,.1656125090565865
46.41490237142891,7.891041225868383E-5
45.54162537036716,6.005991254017275E-5
46.24536304854769,.02926740941778239
43.47674601413225,.2118684032406619
39.494199930984,.1926449536343288
43.78911157420875,.078849635637169
44.22175514911552,.07049563350344323
45.27690563010494,.167000913129088
41.28380021474023,.09510502977947549
46.81774027064992,.137011035464754
40.3337042851641,.03770309384453319
37.8783486773055,.02457337849764213
43.144817535677,.160902947746938
42.96521759235027,2.043249357326746E-5
42.3477658486643,.0423505712286307
55.46842623892846,.3412551292263434
46.70757581500445,.03411629792641369
42.74298224423514,.03287800927918774
45.9325463810595,.1721751358044305
44.99335049200143,.1761093133895636
84.09936042320584,.564140668923601
47.4016765691783,.3376338488122683
43.92008942790716,.05745564411893309
43.9602065268759,9.249087652713991E-5
46.21902649088949,.06829718293512724
58.90454813588239,.4114946366573123
39.27128650210031,.1408746473252729
43.96283841550453,.09914415118236666
43.09028438636359,4.310078973872573E-5
44.50888339182393,.1804889488080293
36.2997935445939,.1567205306772658
46.73119231388059,.1396203637901868
44.4045443393066,.08063788709195216
43.19172581460379,.05163187909444063
39.22769751054978,.1848378531318182
39.48286580058806,.2452081877187724
43.08906829009197,.0778698219729525
52.80262304234643,.956417724573607
43.0851011234576,.09984581676699199
46.80732029605485,.1597053454062075
42.17473599882008,.04238505747477065
44.05481507488832,.06248984628018239
48.8114925453789,.2508368416018408
44.71979439328079,.07822053496669021
42.58848709746199,8.385523069443086E-5
42.93108730763258,8.760631965348952E-5
44.55398163016855,.09825031740588941
36.85732961540907,.2316847916703403
44.10003927483785,.06032557115343991
44.11964717068766,.04110316761163063
46.59544143563233,.03960549037059004
44.42678127336398,.1016960177879061
39.59301809230055,.2274385501449241
43.26166187112619,.04157966335582769
44.82310316611478,.09342672868322363
47.26261240435239,.1427412357563131
83.18304521975666,.5855191401773541
57.54110477876056,.3965430355025681
44.71834200704724,.1434737602508185
45.53622015986056,.09122203830168557
44.19817731818294,.03922905695189161
46.14474361881727,.06119805254372691
39.4783427986991,.1656754724274127
46.38884365715266,.1122334386667606
44.19139050795626,.03443108252086122
39.4853904109947,.2940301516942252
44.19126313079018,.05814981857894824
45.37977381536317,.09760306178491353
44.18423407245234,.06903838661872562
43.7386887675255,.02745894549045896
44.71929489508697,.08784178797250432
43.26992529566037,.03923820237255676
45.30736057428803,.1557540851626456
42.39320091317262,.07538588798231367
39.35973863647219,.1672985965410554
47.201253486022,.1466548398570564
43.86509560474376,.1362915398874544
39.29918456833346,.2591017148588751
44.28074408927084,.07272029229970874
41.20826733353623,9.468656498392948E-5
44.34796864873149,.007773992880116517
44.21799656288702,.01519868342405463
43.87871988953439,8.590152578085179E-5
42.08089209999999,0.0426958
57.34491989570907,.4600612978446919
39.33417961692784,.2018862304763785
39.58354980641063,.1916309493813551
46.26431736219973,.101132394956932
46.23012239052488,5.59970477846589E-5
41.33306816297807,.08211202933934506
38.63637179079189,.05951069267987944
89.35648670716789,.9635043452812587
37.66829799570386,.03121699694600994
43.9892848541677,.01765962568507062
42.8040940480202,.03418463762808751
43.50868035287749,.1896716608190137
43.03452920083178,.04586390559279901
42.3188247930273,.01601302931187476
44.03621699953065,.06125568875659115
42.44478866445218,.05507310460837592
44.07068048017543,.0609870183351264
44.89878014328538,1.797030196341401E-5
46.84301954357062,.1367480206812796
42.49706440019056,1.786573596590678E-5
42.90163535916143,.03316084542732682
46.33318093911094,.02164585722157719
54.12753227198238,.3410279832057183
76.10043796880086,.5027644255124635
44.96665887925655,.1043491820132584
76.19793701241109,.4972772082979383
41.90832970266612,.244523165623485
43.84097592592438,.06130115219005487
44.64170911709088,.1021504185467875
41.57353289540473,.07233813693900545
42.32524133740903,.07458869239707437
64.45572508619414,.4572871301629369
45.64140551978468,5.152185703444126E-5
43.91972802267307,.04973219747407711
41.16859412390521,4.890001057181884E-5
43.82080854749819,.08409570450266997
46.49637301467126,5.206258775024567E-5
39.40528652980979,.1253856765539394
39.62163579837382,.1644463445865592
39.39157220295318,.1138507156475186
66.99108714436784,.4442147469711499
39.27465182878351,.2135899190774561
43.26909044614685,1.608553105345024E-5
47.52349542544215,.2129840124832063
42.00615382304646,.1199908610778946
43.2365251944986,.1234191451938997
45.14644701977586,.1965432756987933
39.65880995959981,.05689475144364229
36.5071098355462,8.419707853461986E-6
45.55573770000002,.1464716000000003
46.3793306490956,4.948144192395957E-5
46.48028540085092,4.970571929165397E-5
43.68866209247675,4.822948757924184E-5
43.52565504638412,4.822320935824513E-5
44.01967965796774,3.910128543710143E-5
44.15805198501864,4.87320149593605E-5
44.75658114639641,4.862611880170688E-5
41.42225137356996,4.700988260088462E-5
45.48480905757712,.1335532900143307
41.83119112111529,4.73497231720729E-5
57.35891838674458,.4368849036878195
43.16269736964739,.0709514022859169
43.01289918365124,.1033701327319682
69.80829661719112,.7067318456409806
55.62203587371896,.4396866468033619
63.68439366621489,.5213687078685235
42.47179762857771,.1160781210208904
59.86087961309737,.473522286737725
43.80050960315337,.08537198592214161
45.03927139842963,8.511306911162418E-5
43.5650113085165,.04942792855346759
43.4889865382903,.04052528662930568
54.03893034844818,.4295381620225214
43.77168458612169,.1375501946831876
44.95401701609639,.0082360671751172
43.56794380881315,.06477779342849702
44.96326700566649,.1152960374008535
44.82424336146898,.1211110368718772
43.84550299548982,.05897556647703307
43.87444826547396,.03559257199766822
42.91876169039251,8.124590234996729E-5
45.57280357853761,.07112063164335834
63.98008901981888,.5352322379715165
44.82961758998255,.1301564376598559
44.07068836248013,.05824675668616669
38.75717634005225,.02752171345226882
42.93551822029954,.1032793102332114
48.0482500030184,.2068508128158649
45.60935963399419,.07744227130782301
42.82213178734457,.08521270496098771
39.36388519867677,.3031569349180881
39.39404761347708,.3101977112018633
39.50998675635731,.2828513217217353
44.90072206555271,.09910187848818686
43.41013870886857,.03033582177195736
43.62578080300683,.07434037387050736
44.34057841517068,.0985676613799111
44.46643724404312,3.83475368100096E-5
42.57248604399918,3.737285897019485E-5
45.43827925402682,3.881930152916201E-5
45.46521387592661,3.843038911501579E-5
42.95175512594987,3.777691875315432E-5
39.46059972440071,.3067557380813312
45.42048474169593,3.879624541600761E-5
45.87042266228836,3.901800091670126E-5
39.50405058172157,.1883593982317646
45.03225153787155,.04878418632903078
46.37606059971366,.2697497299689095
44.58416835750099,.05191286650714584
39.55410728672589,.271685990946754
43.18194394001054,.08716515325251616
42.95162108037128,.102178626685902
43.47398803012164,.04439922869444293
44.44421502300559,.08082169227850503
48.05411982790272,.2351247749620015
43.25156263061022,.04218608158532149
47.42306417814979,.1090876312091691
39.36166977908668,.1144537676117318
39.38027000938644,.1253947730887262
46.50548343908454,.0001443883732176675
44.7950016043369,.0001385312208785008
44.73860639410408,.0001416954649677222
46.50908675336638,.1087672191572208
44.6894124005395,.0906678397342587
39.35318038060146,.08066331308739719
44.18063768066794,.06160150925688634
44.66164381269054,.09052731550241908
66.01918559748262,.4396642432506369
76.35082469600002,.6331358806598779
54.53441405458749,.3706626097850576
66.97060254762332,.4775497051013389
42.88971826572475,.03739809004099664
43.87530806624172,.04746173906467217
43.44446966601197,.1238282991348343
44.45750898671595,.02289141207789781
51.76388977923038,.3434792920073016
46.18893200714056,.1218325076198862
44.55925684239079,.09434622542813884
44.87068077550766,.07500671261309988
42.84226655118029,.02953013317535168
43.6326602103072,.09226071248993876
46.08700773565987,.2159285253643402
39.31139648957667,.2332381731130825
78.99947039191514,.5161965229822505
47.46686143371072,.08969809213288304
39.68539926991562,.2842221520197825
39.58759184576487,.1163328151370231
45.51855468075932,.1872777764785123
61.81766686593987,.4508472251041631
43.98343616845566,.1475123385117999
44.90471934911631,.09117421606931597
42.78483163739124,.03566404772832096
45.54698367160171,.1072539553899099
46.04433227960353,.03738138245199693
43.70329469703962,2.232695081361643E-5
51.00951371337953,.3256801191021522
45.72365896398004,.008700349432644805
45.65541441077345,.0976387583401641
46.45169583212669,3.193368044427452E-5
66.93543108434301,.5155264479152909
46.75326920228127,1.589139661687765E-5
46.05201092767868,.09868297474723749
43.16781978403391,.05715845523286255
43.34666516197762,.01003592174765191
68.25951507837935,.4940840372576468
39.64052513999497,.06332497500206143
42.74671434909885,.03779261953773013
45.03121005306736,.1198009826660112
44.17253466842562,.08055191338977202
44.21080371579262,.02216620964479167
43.79391258140079,7.799917712622547E-5
43.70292479919934,7.912910929162067E-5
43.97485849621261,1.765658366352896E-5
43.95516894626985,.02449501254612274
44.12756624008335,.06293569602796224
45.96782923484644,.1839333155008748
46.07344753032936,.1199790598767946
42.47561240677863,.05616698736399615
43.51925372445694,.151756197606806
39.24053605874314,.1142941841191488
39.22227444124608,.1067370129839675
43.80648071059209,.05051129553301367
30.14656175976765,.02681983000387622
43.82893963398173,.03466297331766472
43.85364999926517,.02881811791839439
57.79441799530959,.3850108203194801
39.46512079163911,.1134119351911887
39.31606015345275,.1518006363791594
43.08667950718353,3.792918818128881E-5
42.88560180368408,.03010303846913004
39.21225860044631,.2967202828279393
44.8760662261572,.01617144614244434
43.9345840976405,.06108785825464299
44.1939389486127,.1234707836168046
45.78621950630767,.09099302000331655
45.22224834456779,.1287699108325046
42.9152912,0.0705354
39.6356953,0.0675361
39.5997382,0.1454097
44.10138559981277,.07619708011985624
47.61391438798215,.07936253490047855
39.55138973573474,.2477485077274293
42.50139784862511,.2225327275295171
55.95615953316312,.4445750063152009
43.1341718152139,.03165991312823476
43.66174193333008,.08214967391343095
45.6580257902949,1.363797101274544E-5
42.3315330952463,3.39202193481147E-5
43.98349365733637,.03163590401296202
44.71732333978126,.03464650184894504
43.80543806424443,.0487919541970516
39.59066208556524,.1122217926659376
43.49760233169071,4.360982567091077E-5
43.98658861039483,4.386508671356543E-5
43.91540913098481,.06713509991259693
44.4308801420509,.07512934742244121
42.72654063975516,7.437740145756115E-5
52.35846891196182,.1939089221104394
43.16927322354289,.0001991436277280785
42.62744973676683,1.519458826790593E-5
43.4420526814834,.05387091168038046
47.15098295834765,.1182809327324549
44.04697344271734,.06546722421385148
45.66612072909826,.07229391383974351
46.23989850369053,.07161473813611047
44.5536537708326,.07130378759794986
43.74009065406767,.06567927537575843
39.40551874082757,.2453026859691494
46.21850966481185,.1363842529092273
45.24863545956291,.05670498733649099
45.71658694124306,.119606149562815
44.36530228841784,.08525910536099994
46.45065964897913,.1430774477774892
53.49444602075068,.3919968772235216
39.52428227268295,.1501992477728757
42.85090230919049,.01180717633750197
39.63713293211055,.2727138977017463
47.24555620572008,.1507834458220337
36.52580877243619,.1168745188393417
45.11589858852693,.0680187513591461
39.46300288767544,.1926875765493154
43.19063681373305,.02677649075617386
44.45635547855739,.04299794068921332
44.34737039150133,.09757836807913234
39.56509386635478,.2405483724219077
43.30608033216637,.07102723584639312
43.49660103245294,.01991002978406363
52.10067626190041,.3272834524441245
215.7621390602135,.8362043142261044
43.47923489261372,.04962833974640132
39.46720109695485,.2295237242659887
39.42414157766892,.173999526251293
42.16267582320286,.09011303979713411
43.80266266878392,.01655231177798493
39.69111343272446,.1309493320875739
39.42272295423253,.3434434719646
39.35576673367997,.1858414438741864
39.2903072081942,.08519506744514914
55.70597766071719,.4255258696500746
39.44446769601443,.1788898098403401
39.78841248861838,.2797864140122058
42.35361526457993,.1127464956928497
39.38300821747318,.1840153690573308
39.5365137192921,.08268572125030463
39.5853563710715,.1937211210075941
35.10438573307601,.07102530007702199
39.62346682788819,.09369996484564383
43.02318379891454,9.413773901440341E-5
45.5495070820177,9.67534933648359E-5
34.59275946663562,.5902364413390955
39.31218154208076,.1693193645947408
39.27811770921417,.2069343714231527
44.44216280314387,5.849337922512377E-5
43.04549722407028,6.485877191008641E-5
42.89070033712723,7.231176481853906E-5
42.9059362765701,.05656565010551396
45.35857991249063,.07626657244966949
37.11043951786822,7.804446060549518E-5
42.25307091829022,3.166283278216347E-5
43.84382066981703,.06614814502545306
40.78434713585298,.08854686935358547
44.34499789204025,.1740129781848166
43.50198991132044,.1336847554618582
43.1631991,0.
43.401284,0.1193846
45.659231,0.
44.5344162,0.0438691
44.1861238,0.0609668
45.4025691,0.
44.47336520000001,0.0383869
43.6143084,0.0063652
43.77976799999998,0.1224058
45.5436071,.06482449999999999
43.8825288,0.
45.0829337,0.0547412
46.5815468,0.
44.0386937,.06367589999999999
45.6898235,.09464980000000001
45.0291587,.08318109999999999
46.4133489,0.
43.85464451055524,.05315179638592068
43.57996419874867,3.523002564292195E-6
43.9430809,0.1215313
44.88835638945081,3.56687162477324E-6
44.09802053279288,3.542565697877832E-6
45.16128804871101,3.606057765025618E-6
43.04944453351446,.0033173642883524
43.04882449573236,6.559681546698508E-5
75.67383628909842,.8539812736923089
44.46110955785973,.07673285529138694
47.55616365201625,.2209204875360279
42.48937057867263,.009995182005275169
42.48609218727905,.04435644838657447
42.84094344935303,.03455452644377238
43.98915727059816,.03382599378363943
44.16565677264823,.08076968550283439
44.51147032523184,.05718975359147743
647.3186003793672,.9958141953361784
43.68056527971363,.0001039651974793192
44.16918188494558,.0001045811581012829
43.2037326786596,.0001034588453022182
45.77342944747955,.0001065929874829129
43.36737658665634,.0001037411649503254
45.2324771981767,.0001048514070277917
44.71413239418975,.0001052208106594874
45.55705340308194,.0001062756912082783
39.25890246538793,.1790036520620916
43.66631647633142,.0332271519470487
43.29206784575256,.04528185067625162
39.38352749676711,.3032108860786591
45.73855947822137,.0828566256591055
44.79072599594289,.09344389110232713
39.37105351555787,.1050864735998988
46.85072121888138,.0001552358332317005
43.31962317926492,.08701961451674366
47.84693685472435,.3238868869644517
44.57221700207518,.06744282136942921
45.83835096076923,.1149392906755973
42.45525084744009,.03027463420643021
42.22706896175211,.1674724574754768
45.95531600452503,.08364816550254572
39.4431976120159,.2214347654431434
39.49289508963196,.2132886351362949
45.79713193150555,.09156456420105002
43.00504341702979,.04371146228138752
46.3143226006293,.0001954904728963837
44.9613576583097,.06176920509131224
45.74374744431657,.1826156086409478
44.24077836340655,.06299235273314793
39.43548649649869,.1449893833965285
43.1944898172444,.04087082144640544
39.46752710446517,.215516516398966
45.59157648850892,.1347218733128189
44.61716643400406,.1128981003392163
39.50161000053712,.2241494456393283
44.09360078057087,.0867528593619791
39.60330943870101,.2703825014060319
39.41593726595956,.1271345040123711
39.51883798665037,.2252263577393308
42.78084217602554,.05936503122979683
43.58281339482834,.1033961913161041
43.9739256419534,.03226816100877861
44.81992227944604,.08230932554521596
45.12377374580251,.259153744885231
39.46007342112481,.2296899358063814
43.97227261560688,.06304015035233472
38.51155992916257,.02658864794175953
48.22694418436442,.2567762298440356
39.67393033132946,.2174111714307516
71.73200325836481,.6132058691436071
45.24100361559891,.1233490198829266
62.47085497331549,.3915396326561026
42.86400431493461,.03674764121282025
42.98547088317186,.1118737716955256
44.4594219223342,.05119738852196915
45.74154243547463,.05198140064823448
47.476450420871,.2252850040823311
42.84019291481935,.0375357021248689
43.85910278721296,.009806753092536931
39.64166198023529,.1758508518407957
164.6181120368057,.7685925149646676
44.27343683996321,.0676796684574532
39.63082878978802,.1814868341629632
44.47721935094285,.1070519504231718
39.59898684704663,.1979154519564815
43.86108265107494,.03532916076224572
44.28563072392643,.09206836417374173
39.68693467855123,.2501080134880532
43.41306756446761,.0749556976410494
46.19067447644144,.1946565372817297
39.5553895307636,.318791349986919
44.40651084926492,.06641471344165104
45.22324242716287,.1164748645997286
46.65411369917832,.1868983037915153
44.11463305021107,.03912983220580531
44.85276812312532,.1196146737956938
43.48104108965597,8.374161078172051E-5
76.22016413750298,.5276523010009619
45.1442451495627,.1167006101798473
42.90531543061821,.04101307427364484
39.33943308408231,.2062232896878067
39.47234302525552,.1268700790089472
47.35774647990991,.1760253272024085
69.97021311745439,.5303813871079995
45.80651388291066,2.255199575242643E-5
43.38415277645166,.00819026639342584
43.66887985499827,.05405328085539766
43.58195736830325,.02641451028702976
42.58131459442925,.05592240912546278
43.57825349280162,6.914884673382131E-5
44.19998809797544,.06862879717527892
39.11356027157433,.1973250235848109
43.45281974883251,1.586181339738504E-5
43.06239327224742,.02949737544964263
42.79166674431796,.04527707256189718
42.76714289288923,.03214935692534485
42.38795334809676,.01503523137162432
44.08886347808835,.04026526819559777
67.25888037311496,.4281504196727201
42.84856197373442,.005537189527286217
45.24785721802682,.09043776466640509
42.34642583448763,.1050012660149697
45.11162617006703,.1283572702809997
43.49388674166282,.1376210357384276
38.63662658960744,.07211305060147838
46.37421207207257,.180753940866601
45.93765560724705,.1379642264783602
43.98183788585768,.0795411998525806
43.63418956022399,.1392755656426151
39.48864713697227,.3497775113881227
39.45801166870698,.2724223730473083
43.47503176848748,.2479078085977746
82.48316515469605,.6125928080624249
38.05740943664985,.0573167658575734
39.15145265551597,.1339625534549712
43.12961416060179,.03371463568312422
42.80743237060231,.0565640751199075
42.49190688379854,.1217846082549242
43.87905283390494,.1046641551729542
42.85533860455251,.04673716781325764
83.88463272824063,.8429968572549862
33.3316526810971,.5036295440517435
50.72387373952536,.482264873013961
49.44770471013466,.2567968556730437
45.33051083811326,.0319627239730689
42.3272290557202,.04040323051912299
39.19921218700307,.273903284265846
42.49437724314102,.07663233916066144
39.26681350460537,.1642086312799249
193.8328029017181,.7966122200907858
39.4401808794969,.09151237314794355
44.47931829062858,.08676153064219201
43.12620629857902,.06336157282065623
43.62880940741697,.04799607343358831
33.38571023570685,.8941511287684041
42.61510849569765,.002658029939245828
44.91543173777514,.0001381227080668466
42.74281936249055,.06234031430608011
44.1613114,0.0000000
44.25319231900965,.000129573170462076
44.61108213588113,5.788947211090685E-5
46.49703055268328,6.503157898464783E-5
49.20272160011982,.1599413586520911
45.17352466780466,.1351567544381275
46.76468949311213,.1494762575379254
46.99425368469559,.05748676240255678
45.12011996117188,.08699131317442074
45.9941976513353,.1101017323770726
43.46603145131128,.1347751933581765
44.78007428518788,.1267656329093455
44.10953036303156,.1140141281079821
43.92897694305429,.06778656079824327
43.77716918319942,.06399019463454443
43.20871277981845,.1094789168501392
44.89903096791194,.07487037909952
46.07134017697678,.187648954917093
44.94108039685645,.1099567917457467
39.38451621316199,.187932853433274
39.2729065730873,.2686617302718561
39.51111973707404,.1237552121317758
39.35979065668423,.2968840917904862
39.45436623882733,.1317235937333726
39.33108816166049,.2133098298628994
44.06029895802271,.1241133124224396
43.14717181468068,.136984885689913
43.91691074580688,.05986199225448317
47.05287597107306,.2064588147908742
45.26221836722416,.04813697055840253
44.93031047244451,.636605933544617
44.01083407850449,.05048423745381905
46.32865219602906,.0002242625258347785
39.3267579978875,.2371687622144318
44.28380252951969,.03889405131545912
45.9178085521671,4.817911033064247E-5
44.2513141664308,.0765284525471083
39.39922503687276,.2355149220720429
39.44714581027603,.2538592336297398
38.62807649749105,.1861455157283915
43.69868639997487,.07968779989107422
41.74238521838065,.1464074489128979
38.88436043103802,.004115106065756199
41.02982732181056,.05345463586248932
44.34032757820326,.002728237449929945
44.26088564087836,.08175056509233745
90.05342888417917,.5863990209447832
43.65856386601174,.05753541201309121
43.80622176030875,.02703742458849109
43.76009770474422,.02395285777635412
47.01074341584795,.1628020176038996
47.37093987401767,.2235883329028807
42.43090055602453,.1580850534807531
43.81739548842802,.04785972364936689
39.55304487437051,.1560528298002041
43.18349233502371,.1148021630718577
32.72681515302641,.84679055005457
43.02725203609715,.02263035224370646
46.73191873150024,.08954889959907682
43.65078416630941,.1005761343660186
45.35349819177237,.05921705264985572
44.38503681289799,.06286733738670908
43.81763263091862,.03831778862047452
44.31996920732738,.08927040634008963
44.24534427366805,5.619697908779287E-5
43.374852530365,.03050431629773868
43.38705330126297,5.043192370912134E-5
44.00680517302535,.1286914799267797
43.74944733335804,.04059911307850313
43.7650749238671,.02342302868609083
44.6566993,0.0606887
44.48317001854399,.1589995387340142
45.5652669472333,.1438191303312503
43.7851961,0.0384028
39.66809569161826,.1840660583228601
56.0330297506874,.4278845155932844
39.80558163212995,.2432821323597863
39.7174525894723,.2306092367312201
39.79124877117233,.1629550200892393
39.52001969409785,.1552084639077411
39.53328216365382,.2005713632750804
39.79035683457393,.1547003310864861
39.5393349451583,.2453864118493686
39.46369254373543,.2320112675918671
46.59370642612951,.1646267367552082
46.09129557557952,.02761746714222759
44.48363916122776,.1019271137611193
43.4246728855871,.02956917310321825
44.36341552276596,.02702463187908177
43.38055965693976,.05779910776604915
44.12882085030714,.08279756462609686
42.33164613932531,.0774350262923848
36.60585712815364,.07758778286246737
46.0072872413301,.2333488625805949
55.60209325881875,.4160064815306049
47.89073277745661,.1884072280114172
63.90063157433355,.428259172417905
30.2763535916261,.1877678373393269
55.65439079519487,.3847179747328704
39.57533682734395,.2175456279067516
39.37571394547822,.2385543160353649
38.35253316106817,.01490060100241099
44.5320860379452,.05400006295909465
44.27498942765975,.06664884249401055
43.41461358753943,.02608694600278796
40.88679377130556,.1166754712946753
47.09995338172269,.2367408358606032
42.52698738826982,.1416096007555744
47.85281006074894,.3257033733162911
47.91638995099061,.2951798017739097
44.00241673153559,.124440918251547
46.42619949638697,.06413806493862871
39.26043074549966,.296072851266209
43.03324740464008,.04407148518974519
44.76651934788974,.08145150270241337
47.11474957359759,.1731544194530952
33.36401024957733,.3307478686678689
97.18344906243357,.9761203176678023
43.63535997611831,7.258310088446539E-5
55.24514953093119,.2925302212056476
48.63289018833689,.3030992713958448
38.51037656983571,.05304062072751803
43.53832977318505,.1223982751347275
55.54512544072345,.3138875862482176
47.85990998520226,.2422232765672196
40.42082580631934,.05476851806487643
44.99718869999997,.03299200000000052
44.740410174667,.1278794792648635
43.54306930448008,.1281235956228604
43.47183815096354,.05327628161015888
44.05426742517716,.09654830254606986
45.55418041923136,.1839060569569559
54.73034526526914,.4718483273087574
44.89238269413466,.1077617649811389
44.33593745857245,.08394456022083632
43.6216957668147,.1240797540527209
38.79103175140373,.1056808880578634
44.34815831974979,.04178478639995932
65.15702427189241,.3342972181400328
45.90270890081089,1.760415906929187E-5
44.92614478422754,.08665934408396515
42.85465038926669,.04423748279276878
42.67692188624638,.01073236278036688
45.91576441973706,.1518226087326403
43.47788414510336,.0640752914433472
44.13324431423101,.1030635942118212
39.92362877641452,.281440779891474
40.73113988693049,.08112701911710256
48.29291789217302,.2336157932105626
50.51809959109538,.2227847193172467
44.16993868978957,.2812821309343876
34.49621718057849,.159072274095728
80.59560311331924,.510924646488413
55.28631978315686,.4303006785069403
45.56190726230682,.4166408334691382
47.76504319089376,.2785869600289942
39.51119598278746,.1893331120290058
36.61393241174196,.2115676315048135
43.80460682447924,.07430310012866426
42.80279444406437,.03675843426155412
39.44075297172095,.1142071160931189
39.40436362129209,.1286625778908476
39.39221757783409,.2159830262505489
47.84815273143563,.2779225970394638
45.94641225686398,8.373725839546857E-5
39.45029532128372,.2490281110000467
44.35577443530498,.1007899459749053
39.19365056932435,.2098369863811427
43.52166355193816,.13171160349755
39.67002218658371,.2859537519843618
39.31778064195667,.2281313418429496
43.84091098243769,.1214024772180411
45.52701514720627,.07811753367970935
39.54527570346445,.1956064734000323
43.93933532311301,.0001488251254483051
47.67161449805054,.3281910342085248
39.27537182868036,.2325872583176786
44.35725267068818,3.797416310689619E-5
39.34625381238053,.1798671312634291
321.0198683395755,.8525664014722913
61.98301517408153,.4267498054020902
39.46605204910736,.1887348620460944
39.39948413962074,.2058604738294372
39.33934104413695,.2755618104327505
39.52209241954552,.2800279014603752
45.45485708534952,.09400610086098105
44.08836163910179,.0725769580227969
43.8900299425779,.07252784617151257
46.29908342590792,.1254106853976671
42.27917372168398,.259239830382814
43.55033197023287,.2124372371882164
63.9774016251734,.5050899117228431
59.82741826220371,.6276006960489445
68.25453733899707,.6972047261846165
45.65630170253559,.04546865338747284
46.90411732915937,6.113898678494766E-5
39.4712042882113,.1359918190803395
39.64415071305297,.3452508455019703
57.59524238590364,.1100326009098675
45.28210529536685,.1045246637607061
43.95744776827445,.05108484624905341
44.36645558338763,.08377647280059701
48.15008116227477,.2288194792561447
39.45630214773496,.1463073592434948
43.00096566624732,.05295766864807146
36.71507303505108,.0677162165742422
54.31846321584244,.243540575291759
44.42374269065033,.06693183833754623
45.10369093305268,.0876315595566823
46.82762661782744,.00011900970302046
39.71804301057164,.1548549610151121
44.32377644928847,.1125304302647513
44.34972121454107,.0960987203984203
39.55142071360892,.1313277188680344
52.82846720526425,.5181709311183225
43.92239672331149,.08133187481972781
43.11963375561855,.0001036884268374329
39.81113625567316,.2422374611164805
45.2481935917509,.07899977502713842
43.80776295800057,.02497622089495961
87.79961184890885,.5608600820116345
45.92266265540888,.0722084303240971
44.05566840260354,.08931943170439459
45.33478301049056,.1435404050510306
44.02888683071517,.03083613419389595
36.80386684803825,.1678270344887913
44.81042097345383,.06515093069506712
39.60964730249077,.1797484579033673
43.21015496921218,.1462040696516425
44.26306915229282,.02417169767442088
43.07570140132893,.1108305998588999
43.83005257085362,.1288482907702633
39.51279281753845,.2165838116669823
39.65466672838176,.2401890309873079
44.34888247816183,.1299994874607674
43.31130756442325,.01373931675157809
39.47180820982381,.3257536117443985
39.59950046315782,.2569845330424514
39.62173702995232,.0609437323726668
39.71227081145517,.1240833548717006
44.74804950533517,.1117441477837392
39.45484346193819,.1687157217553554
39.67838253602974,.2704468907623269
36.94698224522219,.1941999371403146
42.80694648027323,.07652434241168928
42.60682087852688,.103239199620687
44.79785596326735,.09964125490125907
43.63456499705049,.04849695346035532
43.1577970595004,.031758776478469
42.63411637074275,.03107310007305077
47.13111223990079,.1164272296679921
44.20560125724061,.06897226486812708
43.27604272806306,.09180129782738848
45.75884501709216,.03861748208646135
41.57632210146587,.1070282770364993
44.69669149034484,.09400012395371399
47.33866168269461,.2444252100471064
44.4258782840433,.06871238529652224
43.78097569277188,.04846177451501306
67.48307520135381,.4629976340096605
44.29633376137906,.02563373606774905
39.44110761788716,.1030392269993856
62.78890286986083,.9515271534319527
44.33283758445648,.08605220491869218
46.37094668719186,.1494670958057222
43.68099206441686,.1350605615439138
45.74167323042909,6.946324972119562E-5
43.29392321750194,6.731048068942239E-5
45.50528773542808,.08882769245370123
44.26299824775555,.0798834233993725
74.31353764450994,.5184970158923528
171.9764008762099,.8302185515644674
44.07415821675021,.01237432112790815
43.80231668147062,.04174148179859628
44.90230433039643,.08419671952259764
45.85090526911605,.1812671881945727
44.07146447303917,.0571553725931557
92.92571420070148,.5880075671536628
41.27204039924342,.09226194618434549
151.1375992946615,.7420410026461119
55.35341915280468,.2790295789273323
42.17159728613058,.1070085649558685
43.64285790982515,.1863890476005431
42.30237016774844,.2409100065253931
39.50942203163272,.189857423312646
1619.646710746227,.9974490612384963
41.30982501460583,.1787491211013852
39.51416224334876,.2496467631903355
43.40081159999991,.02070409999999822
44.69426387972128,.149726888785161
45.97316896044488,.02219303931644841
44.37801084220685,.06595774247826047
43.30460394976625,.1214338940799496
43.64932056715069,.09898671831673146
44.13311675799442,.02975695763654443
38.1976945625393,.09199122280240242
52.92371508123469,.2079310348576793
44.07286373202439,.04451091883155587
60.2543561197167,.4438408561716169
46.04438493901156,.04084599749842448
42.84013127700954,.939478068948332
46.18090513031876,.1890442959872573
70.98553475245028,.5123284508984799
46.53292274116755,.169761928599542
92.34183994450936,.591916215159261
62.5122913706663,.3770868026861863
45.00957498875312,.3729422689642218
38.7702244798235,.005932801435797117
43.20430605464627,.0383870315636876
81.72400086847321,.539503354313243
45.64301107717591,.06978772498865704
70.10808259464335,.48309643626433
44.16239341879195,.02183836771406768
46.16164223207907,.127285087768156
42.88216238697559,.04894612245822089
44.24480659304334,.09327338994168696
44.09965455534761,.1115880054768854
41.51789825411068,.01840368793206441
44.35721615713978,.07428857941525797
36.56004617132552,.1193943173013697
39.51356578880846,.08134375260368912
39.53534433767336,.3012257636767058
46.41931836473619,.12734918718219
45.10405080527732,.06423324386418551
44.93605512401525,.01427725463012872
37.18421048783913,.9001952018031204
45.28765886805922,.06523933477603608
37.88897621836983,.6531204438067882
42.06728722644587,.173180738385129
40.46852602518743,.138560998580611
45.92188904610379,.1106929886260612
37.61274762370144,.01491866307535251
43.25608285076068,.005482476173001487
44.78780149855751,.01220796873362141
38.11755294535403,.1954232933704035
44.56456159030302,.06392094722707584
42.55685273625992,.1613432511131188
45.21807514385053,.01128378120426309
44.60379602551482,.08888257790440104
43.69040027141681,.04010215710852438
43.85464034195397,.1267294236468828
38.67350686306936,.02355815421880739
44.3692684218311,.07439951881298543
43.63895314248668,.04290693911503377
57.23418506861534,.6436000276054439
67.23451723381538,.437945197122555
62.88630429576681,.4976051140555497
42.93540998587123,.1247752474127804
43.13946533429703,.09861111358195815
45.58901900627309,.06602488939580624
44.65525473105365,.1309697294299782
43.8540449147632,.02936679395339571
38.48849108174026,.04218573016308502
45.02306101811291,.08786243693859166
46.40731254527361,.1986681347814029
56.01405120701723,.4165627414114061
41.72742964553179,.1386382660552915
62.47604057989857,.374244999627791
47.67085406507756,.3674059721726955
48.08256354593497,.2701983260201047
42.42856784677812,.02694196182547973
43.01267470516682,.07358916404118343
47.72496500100003,.2885978927591228
49.50357790278864,.2502736635656327
38.47281634357989,.2106974607030595
43.56950368658255,.1963252169857427
39.53157820891923,.215191644007447
44.14506470284213,.1279613948949817
37.8777631761689,.4609039331750771
44.29549544730134,.1083800698671929
39.21026431148754,.224451204848464
44.14582708187228,.03432906094913298
260.7641997,0.9099041
44.7816505993845,.0116864598246835
44.10072064381634,.1329485839963526
43.47163173764525,.07859676535174537
39.66997083150439,.1430325338787023
43.41349344094802,.1427130075834632
39.31354401019041,.2182269767157549
45.02234142714642,.105410185161502
38.67218237061829,.2625314480807407
39.27286971618894,.2339975680105177
43.76399533556697,.04959786711039552
50.74005554043573,.2923278232171324
44.0407483,0.1703561
43.82853404414615,.02050275807002701
45.26529693148539,.1808992471060419
45.74167973122206,.07867277930512379
47.54300888048809,.2245916294214063
44.46583084428508,.03966359383874043
43.25454430532618,.1448655479474504
43.20148185469895,.02626370233147967
45.35998311397314,.0289716674491976
42.98247671478543,.01624228157675862
44.61289058552242,.07959944163303814
470.7220764439041,.9943449471698532
44.30047342657343,.08761953551771201
45.88385431394205,.1623865906409024
88.99083937966878,.6241024352018748
50.91492557202906,.2946894466834079
45.13583211744091,.2068799696895631
44.07548310763931,.07068932750911038
39.53100158956109,.02613274817781323
46.36316485401657,.492018992768824
44.69368593742313,.1471295273963469
54.18046247313109,.2289339603767213
88.32087210691127,.559140904040781
55.79778744182295,.4378720511470877
135.7985370804948,.7290207812764428
72.80751577873153,.4729096210863043
34.0292732277637,.50450513184558
49.43297786840098,.2826872306798624
47.04085028199436,.1905041593200711
39.27192992389535,.2265783799706128
40.23113123969736,.04046349283633022
70.38134416252389,.4825914560237834
44.63257028258849,.04192873417415571
45.14113915390597,.09947107169637988
44.71490181267816,.1243394058382691
45.70350198248946,.2319538569803401
45.88408044244635,.1536633564003027
38.6690752313453,.06626401878352792
52.38309298882619,.3434356253301803
41.44548420544839,.132335788448075
72.21344631977706,.5019355253031351
55.29800255016789,.3856104920418845
43.1082873222562,.1119110341098071
48.11712734431398,.1865195734495281
492.7277403912649,.9277916017742002
127.5360886215736,.8321178820560033
39.40124324935191,.2348200003993032
46.00551691944491,.169930372235689
47.74194951453118,.4401578610110514
44.86151414653028,.05262693941939026
39.75633869139592,.253141817511632
62.99592570420375,.595265480667185
43.01118693858947,.06493346910487539
43.53207135898668,.07709865421080729
188.3372639709607,.8131704570200784
56.9744798428051,.3609059980080947
45.99986813536112,.06637083060922902
44.09848432745728,.1633541286761669
45.42518278710504,.1488336556900856
32.4999082022916,.3704420180361593
30.58761027747048,.9144031036006987
42.61434340649378,.1643539440848294
53.29546003882172,.3489824748124032
87.66648512336937,.5443678016796587
41.34968115765118,.4895041598959335
90.42007325492817,.6699348190972042
39.96786790229046,.3037630626283823
44.97649083252711,.1870698137640301
66.28973962674556,.4180707486213858
41.57592159486518,.0947025888081356
39.24873014961043,.239652802595345
40.84259326331558,.1171287770326556
98.43754550857493,.5692669072469877
44.83358067276485,.01519761845110569
39.50239061063027,.2433469272880881
45.84811305633684,.9514902204947999
66.70273135493528,.4384767700935378
43.2079851721765,.1545209667090146
43.828609431461,.04539944299977264
55.14259587524661,.3484782861008399
39.66186851562713,.2031054334596592
44.45849369708508,.1148643353700773
43.99055607862478,.1030102119046417
44.31450528568543,.2678292095923619
47.20702169652532,.1591659673242014
49.69994551260503,.2498900676964619
38.57061577668424,.1295434377450156
44.00145588402776,.2685439160285795
56.41675217708011,.3209135584767545
45.08217967772236,.1165925746847838
46.05452300831563,.110169301970409
37.5779078431163,.4632570766127521
54.32342470670501,.445705967933326
49.04690680000554,.5176685477100413
47.66522991476598,.3625032362589323
46.52749223114913,.1628446042107119
50.76397013272231,.320002794936908
39.97333704751283,.09600530457942412
43.48937605339328,.438400492788877
43.9808335448898,.3003823354255923
46.54732195678606,.1889400881249053
60.25572067081129,.3729100968077752
45.84406881572653,.1997710678369064
41.72262498472252,.006573552522752929
69.88577087893898,.5642587183679053
44.34901909611091,.06904252543061411
43.42844987674286,.3666187909213316
42.98557609961758,.1643092868807512
42.91822658464628,.03784134557006426
44.98446854653932,.1541072708514392
67.80245331341607,.3404658693630296
51.22332213033761,.4594925945537277
48.4044026233029,.5865719956961095
53.52043340617759,.3651286014249823
44.38595543186559,.05100299149259958
56.8667954245483,.5185324636370936
46.97461059968294,.3326691412552364
42.78490080785544,.02037774164124931
55.65419082539199,.4074316998047476
47.16298085600393,.1803950518609251
484.5359092571138,.9874106579173363
31.91562416137889,.9093062683715017
32.70263131263862,.9535376366972298
81.8395381037934,.5799161802578784
99.86833007769637,.5992574235819252
62.88169844745823,.3698424552950843
70.00233508981974,.5346509690386545
39.57095413702499,.07152502396175843
39.15510382155185,.04944041063222134
56.00193043106224,.4297225339493007
54.30731858181979,.3808138001009123
47.01540045974902,.05720345854053951
63.04194963800543,.9408973601339249
33.42367162675371,.3377343221188835
169.6448608226512,.9682823454917756
371.1183136400551,.8687089919574935
39.11552165947618,.1832762546522394
39.83642923664041,.2333982537592242
44.49247744158242,.03032698621301284
55.52336856312731,.432436997516928
68.63053863701468,.9620644883308426
84.5214435451564,.7206277636648682
39.74678026654146,.03962289532303193
45.27369940583878,.05398047111938004
36.52234036448485,.06939458231940294
44.65383643298554,.203272632390319
45.12720638464945,.0718806204923028
40.59770185645178,.007248906039875733
61.84345564556606,.4263707213763984
84.24327906941518,.5735005920185317
49.28963675924174,.25231260195998
64.0553569436842,.5993822752822326
39.95030376697694,.09563149064871262
65.43837982392913,.4487398374067016
42.78789153274114,.1701129372062052
40.71750755163571,.08452071549337056
46.64144917743922,.1175158690015585
40.258643691408,.3087477079722945
62.44158140352238,.3605470023191613
36.67664107832376,.6860885826156395
38.9161748881659,.4602491754450123
44.99784644345259,.1785697446828582
45.15530732856524,.1378731678834103
41.50335867474451,.149454687328392
50.54879646220139,.2767156506828696
42.00744308651245,.4922718792520646
43.11270774454239,.1120435034814641
37.59362939950036,.1078592483235569
52.9839352210702,.645632579080934
59.68551892024352,.7453401817920006
39.82607494706514,.1707788966279684
48.60323946885452,.5804165908762101
43.95288714019878,.03013242296145278
50.65001218775944,.3061737118542281
94.99329134766944,.6147019220685307
52.76162374453065,.3163351037709371
30.11547026619795,.0821121275210376
43.18722763144244,.0128834840102331
44.09542035593276,.2588745411017389
43.78896661637895,.08605377460376644
42.81516971078231,.001190909822549465
46.24028144635521,.1292152885674189
53.09532542336559,.3077474914651074
42.3446359,0.1693785
41.61912342936014,.1354034838562959
45.54226514632093,.0578827425633767
44.95286905999905,.1131942409974681
43.96757232008404,.05472459680282653
57.76894196341824,.4737827528651136
50.9276264,0.3381393
37.5216191,0.1373590
257.7474500504589,.9879790502135686
34.56494630537731,.5457220969902824
39.50853572860524,.1735163979561347
39.27285501932268,.2610719569554892
39.34315548231415,.2681274643109373
39.37618713726107,.2535717131998743
39.43861530600989,.1801078690319712
39.1888913633159,.2610061450287821
39.2998244028912,.2567559057014894
39.46933847556299,.2166438728312886
39.359525797506,.3291925352428055
39.21285206992052,.1341058426936956
39.40502715246215,.1230276698263155
39.12431103571453,.2428358945686348
39.49944340047665,.04148675957411604
39.15274651795269,.2694049633034099
39.15140967968523,.2899555344322877
47.51947696000131,.3196714616173114
47.65309084599531,.3452024318635921
47.48463444235681,.1352203486042427
46.03861983512291,.2373667145434671
42.17449588631994,.1165783495530554
42.22409690015849,.232125304910533
42.10296782325721,.06921293122848325
42.11604822798828,.149605491698021
42.21839599603089,.208005844010533
42.16367855822111,.2040968668381881
75.38912087229161,.4884668709938053
62.43800383864206,.4066877737900247
61.7273907085463,.4328600207553652
62.22766729766912,.4981587257026386
55.6086389699711,.4083072783486019
43.82345399402172,.03066775465884717
43.23614194104233,.06350829780274547
43.73886306632354,.1659665771943837
42.31086224684408,.09582602791284803
44.10115541874824,.06471746157606384
45.39968408422573,.05200485881344909
46.10061222668405,.1451746935918643
43.38821054618185,.0603645038468781
43.2802588744707,.06735512587048892
45.29501299138703,.05346562914208255
43.39169936943063,.114102060811339
44.94652678164736,.014195898306718
46.29712415819414,.1526413169970988
42.51801853829665,.1173999801279041
41.94805508838622,.03209102729810365
40.63128908959478,.08933225158781605
42.90442122754025,.08239830189197006
45.24370013194138,.1290529593337078
38.86754433313991,.06095937319404544
37.94573884130698,.1274977964067492
56.1719738105853,.3425159733783139
67.09708572246834,.4813509746859805
49.96648714374607,.3134241605815521
47.75764581322267,.1619057958383534
47.90271020976283,.1803223083322509
39.30903492166481,.1667728813255629
48.55074621271912,.3033049188465696
77.71216988364621,.518637432744786
44.4319973920401,.07684950618893935
43.05770562937147,.03166435251741
36.34980007782973,.1309981102083955
36.43027393526285,.1299459425846681
38.31319239198732,.9456463842373832
1401.798072761387,.9896197771997802
37.73414179981521,.5502009550174544
61.27340655185304,.9582552415208376
42.44578216088776,.0573460654494228
46.10585012953855,.2020094501292111
44.50859637055524,.09749479684752158
52.72114644576457,.5034164101378056
224.4523523830647,.9781258427261582
30.4146559936561,.8840290553891208
39.18935837047862,.2224704279142817
39.28496914257741,.1920012352059451
54.95771788819539,.4310711634916445
91.84763533020967,.6154986550322707
40.55776920175125,.1151269590784278
43.41532192944162,.05522783170805929
43.07123941168691,.1568618302559086
41.44917670783987,.03562368814216323
42.69529364129895,.09634162408645895
51.85149638222956,.3120886572412594
73.53630215366374,.4906457822391784
55.83869816787997,.3634952198124259
47.36316606813617,.1294709073954836
43.7906788,0.0348665
259.3001695636236,.6896023518140666
47.51030012340134,.1684509214155344
54.918742216601,.3073208672633765
39.38743387261813,.07436495276609534
45.95113464946181,.1136162333683392
47.89544186954399,.2287815805006467
43.57803341371361,.1693865793797189
729.2438687955434,.9891527564120204
62.75756079658025,.9750447894077917
1216.733342602234,.9931204506535128
39.05643231574017,.7885124053859093
45.52337126047529,.06285299378137782
58.95288574074543,.3883648864033259
48.41781991772077,.215979650858722
44.45144201164205,.03423388004743731
46.5238282381067,.1079720447128542
46.27809083316109,.08298802908532434
39.67519155293854,.1702844094536747
57.60221699880258,.4005304240355474
43.56001542073439,.1418036854839994
35.36740199864938,.4457186335014761
41.50428176457194,.1975189620261078
38.96482462230431,.06545914008630498
152.4968298951023,.730354661525237
48.92897547685228,.1679086782213686
43.90064692846338,.08025182712376858
56.11785927345777,.3901356155159869
42.55873610211663,.1490340671255234
44.44449112817275,.1743837211944647
41.31590478380848,.03828183630337631
48.0856556906955,.3479119948122008
48.35260783560162,.2562556313238001
55.97227911007907,.4177204984956709
87.87865846960301,.6138526523044637
42.51471889999999,0.1681712
43.45541330536249,.02785145286820733
39.60791804182699,.1087680590042817
39.61887268572664,.2615190214827348
39.79155378499245,.1599079804212316
39.59144303975813,.1412452740891859
39.70907163390667,.233260659633542
39.68043614744499,.2673379728291136
39.32835251287763,.174361211874324
39.4587711490329,.2013018694481969
44.33238572097246,.07600791483016499
44.37102748593043,.07161019666239996
41.61006009606142,.08865339924958292
43.94651923592822,.02361191707632345
45.95313234481463,.1337698997991734
42.85265872128146,.04425399237428169
44.13176770854195,.1051866079253548
44.82517851782924,.1059666454723896
45.09268180992633,.07849973636991285
44.00412015315045,.0783743513329323
43.10674646478561,.06695230270485207
43.52450824964269,.05914278561345009
45.14963690928406,.1045622470284844
41.65409884009901,.05094827997842397
44.03757498411387,.04941671329699517
43.18254085725735,.04484174557004749
43.10536503037157,.04717356102976659
44.19844855683415,.1191624630382513
44.39024141809669,.05160274692844592
44.27582832558063,.02051144640763442
47.68595446908811,.02382803902062336
46.02889134756958,.1943084877021937
45.93120229824966,.1798039284702518
44.254879368766,.01028955532564913
49.67354249118758,.2968841530970471
46.92392085707292,.2277626326188503
46.80147765016713,.1848975341146196
72.72189357872047,.4140751357784752
48.06672666239437,.2893122120710684
55.85880373944301,.4540767213114588
41.83823323269462,.1048935736611052
59.63375780920552,.3877714336463632
47.93400653387933,.08136116548693602
55.66146040876355,.41293476328767
57.17994098942113,.3714672503146644
42.5031248690433,.05195871894242421
53.34072574255963,.2918463629793371
146.4910259636478,.7602368745806072
57.6338237711801,.4374666088685632
49.22533636538358,.5444138801012695
78.23497726398392,.5444561125703349
42.68274290529227,.05238258576229515
42.41089678779378,.186257603038152
40.33265128097218,.07359812489045031
72.94956699709894,.5727850206923871
43.11275306542637,.0566231615205767
39.609755927828,.2360916661491818
39.69224027121105,.1528900792138465
39.57696394547596,.192455331988157
39.59869738846785,.2986319564838053
39.51771547423434,.09688444104604151
39.57187784280022,.2823462833966316
39.56198802766055,.1800099746718023
39.53560101200922,.2520596352999218
39.39441702845259,.2877966151856259
39.51414401539862,.2565933324424697
39.56760072258985,.258692197635963
39.4663678670096,.2342381714089296
46.93594454756612,.1207728843051527
40.82074298990712,.008392118538633283
42.57183936865556,.08178976105049086
41.43861371269269,.06727966281387997
44.44920404845107,.1260133044314892
46.37050807717632,.1907563383604262
40.70517263702892,.02499649317727567
46.82470113444108,.2011614645326158
78.45230143810828,.9675535142932984
170.6345348172094,.948797654913601
43.69390887495213,.05186413846943153
39.85142413770987,.03007932238136761
40.53879634362762,.1695703105827115
42.14408627746053,.2593443034477468
39.34530011456773,.2343717477497524
309.0738280434171,.8826022303017489
43.18408967277827,.1323726370197109
41.55763407211316,.0678759716649128
79.44477757851148,.5390161052617513
40.82008095220475,.09285397502958612
52.78158643383699,.3134701139337964
54.28161549592645,.2459204658328893
47.18660163848551,.7166645000209222
47.67423391602843,.3137893599885555
43.90422188707019,.251195743639155
42.58161339166944,.2698118506486319
73.61940711175669,.4524192366379395
43.67875749917649,.1324406402384677
43.81712011792037,.08758801130361706
55.31255690540767,.3069166678886412
43.29729276249217,.06174875864809688
62.27976415988574,.4481868443637202
44.41433511997385,.2408604705704595
65.16936669190854,.4786306279693741
44.98030350125457,.09473663699366061
44.25606824401229,.0448995960386887
43.94269484171844,.01824172356343803
44.15428415718895,.05045665582573509
46.19722249977377,.1398780004156242
48.51894781549139,.2570808928417224
39.50402148200125,.2782144375667899
45.99819838356936,.2796146741405152
67.46581980233721,.3686607077404562
46.69489832041489,.05421068670680982
41.14636362493084,.1050684407498124
48.41934288370916,.2456299274500885
38.25793357368092,.754146833003818
40.43627403621439,.0741234879965971
48.64045216399434,.3083771933412892
42.94219328659567,.157103201133609
31.02855382850087,.4562579777283505
40.38585905100327,.5351399816323035
45.24891472541913,.1252778820120069
40.0330429511168,.2717169000762559
76.65257109429912,.4188628497078152
77.09282062568472,.9578071628817922
43.11173233745087,.08279590821946652
39.70526944985075,.3323869501139077
104.7248042969303,.9528970427631388
42.31613158728159,.1094088523747623
45.92400214834166,.8167631511961616
62.06808934703717,.3325634171906226
54.49167075309828,.3617278787505032
45.38929181211921,.09766998316017701
90.16097771843562,.6532459963459556
38.63449100033679,.06173780405861683
84.5093897736556,.9673859410450942
162.7035411507532,.7961709745360137
41.12940476876324,.2279912027753782
50.46466001230627,.4625829914347047
43.33957270196934,.04778729885635109
60.12378475130634,.3541906168277294
32.43704409299608,.1067019336834332
59.26890738149852,.9595440607356392
141.8212794633344,.9643547285032357
195.1530831109031,.9929457154234065
36.89003444157883,.9030005308345892
31.23631114281329,.4710110206792751
48.73457834399304,.9381081695565677
