pdes,a,e,M,pha
1566,1.078063024534608,.8268942439117076,223.3210681353504,Y
1620,1.245343351832861,.3354147272586814,180.472712282801,Y
1685,1.36736341022011,.4359034234354386,24.18979241203839,N
1862,1.470232453058074,.5599443708061149,135.3790657551367,Y
1863,2.259899856272804,.60626016785629,325.4564355536637,N
1864,1.460719531473937,.6147402820792869,48.1766015255664,N
1865,1.080024282995551,.466970473703813,38.3411866131063,N
1866,1.893707991841201,.5384528001436808,218.9545926918312,N
1981,1.776133064241597,.6500103723269686,6.629119566299166,Y
2063,1.077956769730746,.3493283475874288,304.7338917879627,N
2101,1.874944104639423,.763827824774997,81.59275159571669,Y
2102,1.290051783403005,.299148816495564,85.78643003020903,Y
2135,1.599472808063654,.50305407378915,83.44403419808138,Y
2201,2.174671942652521,.7131248452907215,71.37938380649697,Y
2212,2.159046966615689,.837576182211995,272.0812839072438,N
2329,2.408809487832393,.6549550809974606,202.9245593718736,N
3103,1.404396928453943,.3543653240985432,208.6221634389697,N
3200,1.271194476429617,.8898751876405596,208.8333448965682,Y
3360,2.466970925068284,.745471360742413,315.3490319913993,N
3361,1.209441990741181,.3228826503635961,283.4076826366829,Y
3671,2.198891252902087,.5414710125351803,244.4080777399713,Y
3752,1.413433754181378,.3016827582082827,291.9983031408025,N
3838,1.504984253363627,.7022356338332389,317.4356507397702,N
4015,2.639201040376726,.6269774320219017,161.9121925978645,Y
4034,1.059653890093643,.4439051938481083,50.80809315190232,Y
4179,2.534448118161193,.6293824383673633,281.883273538571,Y
4183,1.982400134284544,.6344129047076564,126.4616639609362,Y
4197,2.296648438865259,.7718224618305793,170.0121022747754,N
4257,1.64697202227584,.4683236533016194,108.877886738628,N
4341,1.835217190645273,.6795743087689858,215.3234035473804,N
4450,1.442253526392916,.58654444167886,171.2973773219575,Y
4486,2.199397360844328,.6628382199269518,270.6673696599332,Y
4544,1.04177387876107,.2501211493145077,269.2692509947568,N
4581,1.022394755408817,.3570631152827726,42.95258968733214,Y
4660,1.488725519364418,.3599730456898795,253.7889838316034,Y
4769,1.063265833078226,.4831283646513978,327.2255751208052,Y
4953,1.621239890780852,.6576181082954994,197.2164960471648,Y
5011,1.635544086983976,.5000114654302648,106.3425038036246,Y
5131,1.486147963401171,.5691114952755846,57.1535866170886,N
5143,1.833668695813864,.7723581701033717,215.5640000350212,N
5189,1.551400260317571,.4781173666936908,66.31537764937843,Y
5496,2.435262881567866,.6358981882971291,85.30548464905249,N
5645,1.354943007438176,.3872454010366386,324.4349327195139,N
5660,1.785428681407855,.7621834411043086,116.0375359272869,N
5693,1.271206925406628,.585295988338592,161.7528466886224,Y
5731,2.262963046868979,.6537473302944989,322.1440564184062,N
5786,1.081477952694662,.8268663783633101,353.2892746002129,N
5828,1.697844664467472,.6949635840034306,71.97106862712856,N
6037,1.271149922986707,.4995956231614588,209.3196973239592,Y
6047,1.454434398431611,.3520913703680435,244.4090146903867,N
6053,2.147135406409615,.5288599832890448,159.4535604766088,N
6063,2.212640022929926,.7664461253396561,223.8473362447017,N
6239,1.151486397050996,.4127584731120942,191.3734636529693,Y
6455,2.240919943300049,.5720710285597574,9.663170118279091,N
6489,2.507238138051585,.6040211607213493,213.8412335799196,Y
6611,1.695804964109678,.4845829720993626,327.3584511077842,N
7025,1.475804863350329,.315029658352409,55.55234373028153,N
7092,2.534573537359364,.6981577599773006,330.7204184514101,N
7335,1.770464226074935,.4842292844233151,90.81656425183883,Y
7341,1.841980477195684,.5065673914614014,216.0216678076482,Y
7350,1.35568213234964,.3909882269677334,346.3619135760117,N
7482,1.346246449768218,.3283863840876864,28.90464104127119,Y
7753,1.467914555268767,.4818382211909072,121.7648436461309,Y
7822,1.12289863221608,.164673444008022,51.56207907117609,Y
7888,2.43611406755549,.6641081435681064,274.2798602393931,N
7889,1.261475667550042,.3462412944615053,271.1007313371736,N
8014,1.74642328693028,.4562731093311897,5.350215133326881,Y
8035,1.341987532802172,.4623757621035005,145.1304072276058,N
8176,1.57474539541906,.6430648719674193,104.9343177345253,N
8201,2.538236987888842,.7069723997830024,139.2934661542159,N
8507,1.687033009684218,.594555113875361,10.10653419934395,N
8566,1.506359580258158,.4304810741115832,184.1894997091119,Y
9058,1.55650188677318,.3596771595114436,100.8378526940665,N
9162,1.496132694039742,.5953577822887213,154.4538627001297,N
9202,1.423827604408642,.6075279281066087,168.6306113492995,N
9856,2.242593090880093,.6257363473830947,95.36644040888007,Y
10115,1.24836941247474,.3247090869590065,343.5302589401679,Y
10145,1.900789424474895,.632797553742915,224.7860923423708,N
10165,1.234661692102031,.5037406089373564,312.807939753512,N
10563,1.006936387532322,.2664067031199642,225.1318549658799,N
10636,1.883631410891365,.5131727176616466,219.9303791903233,N
11066,1.391479883191006,.3753720779546882,313.8378008197353,N
11311,2.117874939265605,.5354080609556972,82.89585075039977,N
11405,1.459557263703301,.3938138261635143,165.3041158771217,N
11500,1.079773046811143,.3558621471252082,32.61544891073048,Y
11885,1.703260083650044,.4747961018318686,80.74436529132467,N
12538,1.541503610375027,.4060614846626934,109.3397009729811,Y
12711,1.186340688818672,.2721688933255108,10.38336987738363,N
12923,1.961775952115802,.4920154477256113,343.9508304395978,Y
13651,1.335334123102007,.3055190309434342,19.09801516082385,Y
14827,2.841370304675581,.6655666031955706,83.23615463716139,Y
16816,1.44239096420994,.6040240818172179,75.01687874576403,N
16834,1.467766993813382,.4420870551102707,274.2385930992092,N
16960,2.202625607665379,.8580272008243952,63.23845716877076,Y
17181,2.372569904701492,.6732129343881786,131.9284224432257,N
17182,1.387019024458426,.5533969322986929,255.0707296760033,N
17188,2.216290862200671,.6369332602365381,296.2991794927582,N
17511,1.189961258477004,.3588626978946344,100.9891243019638,N
20236,2.035916497929974,.5589629167166933,37.00779721505904,N
20425,1.564671936261371,.4765264744114713,221.2690776300713,Y
20429,1.556080794379885,.4642029002771497,217.6961988824046,N
20826,2.423538927178346,.6330611327048855,337.0072147806741,N
22099,1.104460952124046,.276381653750575,122.7838091245127,N
22753,1.218971442985966,.5698000034675827,341.7865888354781,Y
22771,1.576337467798255,.5240677973233494,103.3835663183412,N
23187,1.846766353679356,.5894065969000003,350.7649380950469,Y
24443,2.310097314145906,.8221722808667986,129.145928036847,N
24445,2.210613389928425,.5449209472347979,240.554012600406,N
24761,1.334940013014238,.305835102746314,1.074305758137189,N
25143,1.324101716364551,.2801420198746361,232.6920575886482,Y
25330,1.540514685005426,.3707971573949632,279.573542537609,N
26379,1.605733330840567,.5762104723684537,130.2394576472717,N
26663,1.545855720915086,.4718567853628797,267.917182141058,Y
27002,1.743785112448347,.4334024640689959,274.0389557538426,Y
29075,1.699124699710214,.5074082915283264,56.99591076517925,Y
30825,2.4364682895185,.6809640760445255,291.2525593283493,N
30997,1.559983575008403,.643497493876595,27.67709591961087,N
31662,1.597544400068961,.5482679971368837,37.0681008506596,N
31669,2.137003191455553,.5773730913600217,167.3738342546608,Y
35107,1.137404297600679,.144326117584082,20.36064978747028,Y
35396,1.442718181544718,.4839000965167147,251.7915764652223,Y
35670,2.123711196134967,.5944297233919889,191.1450546646915,N
36236,1.332513901242534,.4235906074906823,310.0188935979301,N
36284,1.483645840254261,.5538426827213179,183.5493799782626,N
37638,1.909558211410452,.5194118048388294,122.1738193041052,Y
37655,1.478049025963963,.7523523769050242,299.4814883081638,Y
38086,1.420244366200427,.5664068125388814,253.2639728233922,N
38239,2.035060341445291,.5759629582661722,263.8041943073246,N
40267,1.338875391793566,.8083486013835346,160.3976828452556,N
41429,1.592778728669174,.5552271879712507,273.7629104715787,Y
42286,1.419584824243028,.3917871981211359,43.87668752096933,N
52340,2.209625578091994,.5500901981308137,340.3584118040093,N
52750,1.427144751037035,.5249831081036819,176.8336036050704,N
52760,2.410540225137612,.6227469009895106,223.4791561997421,Y
52762,2.418111851159395,.6514636151271512,270.3793900022844,N
52768,2.379407955470371,.5728212904966717,302.7077683346511,Y
53319,2.725625594414615,.6421952274309792,247.6871273873899,Y
53409,2.102565796300923,.6282190243646799,129.7140802224611,N
53426,1.922947809620258,.5383273599543115,65.25662297973749,Y
53429,2.022529013486193,.6398779332900855,265.2506384916254,Y
53550,1.495302589729029,.4195991532223,142.5257903669458,Y
53789,1.370624337456042,.2689807206739677,71.37018054532379,Y
54509,1.000053825049166,.2299106813220908,314.1326476704336,N
55408,1.09995965245974,.2246787076020096,352.0757000570208,N
55532,1.794643817759157,.6957470073173477,262.2331078960585,N
65690,1.427260930470823,.3629691045837765,163.1017040250689,Y
65717,1.39472284826759,.2806471634788714,350.6238586826054,Y
65733,1.153508421803989,.4741465509161351,211.393021040182,N
65803,1.644286416891337,.3838790338980941,283.8485432483106,Y
65909,1.091065739120458,.539713413759249,309.6313491849159,Y
66008,1.426216403131342,.3626275173645545,218.4809984229464,N
66253,1.33402811663085,.8376786085011728,356.3698677973372,N
67381,1.320423621354789,.5429471156627471,119.615701267439,Y
67399,1.301059579452539,.3461490923709153,241.27326969973,N
68216,1.319523320634041,.3263935030498992,21.46470023416888,Y
68267,1.509815667216847,.4275024324711407,262.9714502038347,N
68346,1.507504663444058,.4168019720535107,229.6968347289167,Y
68348,2.151711018721891,.8423708624863211,135.3277781781845,N
68372,1.618187055277542,.4156315125627912,65.83129630904894,Y
68548,1.707013398620002,.436464979849029,212.0798068220215,Y
68950,1.056730826491467,.3442850156021048,32.0780856481833,Y
69230,1.655038798775024,.6239814253916285,238.0549529756561,Y
85182,2.221928004044862,.7765685857144295,186.8259939733848,Y
85236,1.234003394365276,.31121297710486,111.3202627275846,Y
85585,1.297505804319446,.3562466143644938,63.61994324058802,Y
85640,1.58028013204408,.4857607614345807,227.7755537429747,Y
85713,1.923770543236683,.6394529350444468,138.159263379855,Y
85774,1.403773487664254,.3291476990197807,209.2175031356958,Y
85818,1.656654243770392,.4166636420846234,267.2748891083467,N
85938,1.852979186045059,.4835947096176345,232.0039741778796,Y
85990,1.007302526699936,.3113862866747082,76.26693288579341,Y
86039,1.759791198032385,.579004194668769,306.3610476074061,Y
86666,1.463125290583496,.4268118249341947,18.99254780896413,N
86819,1.99581451065291,.506302408221224,174.0321917708318,Y
86829,1.462792518977644,.574892583492582,10.6887376760089,N
86878,1.341748053977653,.6185043883742857,84.78175532776812,N
87024,1.196434714635591,.189727052240399,267.9476270526807,N
87025,1.226716269925137,.4836234558919802,244.6574160154634,N
87311,1.590187388224219,.512491232010391,359.9834209102563,N
88254,1.182003696471605,.6295067967644742,233.2243913768947,Y
88710,1.061333355135288,.2700572854325381,239.0602160114015,N
88959,1.723441746510374,.5641807804172689,64.06671380956109,N
89136,1.356016014218016,.2528460679970888,135.2867199177829,Y
89958,1.641487287727905,.8862747172060931,126.8222629966639,Y
89959,1.735383795940344,.5286583480537157,266.9318030091687,Y
90075,2.13320094773296,.5760316420399353,196.6926188011039,Y
90147,1.474386796282164,.3315826721232945,118.7768923459634,N
90367,1.155574273247782,.4262536896952908,313.2435375163353,N
90403,1.234548665150884,.2801405081266365,201.4831194010399,Y
90416,1.695202100392563,.4920179479075378,128.1778486395854,Y
96315,1.442978312893051,.6433537287500174,191.1171865674712,N
96536,2.297323703984234,.7783314604567939,31.79767345802521,N
96744,2.091750916039918,.7799345785455589,224.4932879381697,N
98943,1.032527045306147,.2193282035731754,357.9437338416355,N
99248,1.866972312416141,.5073407505894388,202.9535193589974,Y
99935,1.653894094815549,.6452526938108759,308.6146664252284,N
100004,2.596655726826149,.6993595991418442,222.075764811225,N
100085,2.649713959040785,.6240610308211736,149.4315897439303,Y
100756,2.268544722667811,.5520326620837466,89.52897245233395,N
101869,1.624090899015325,.6109479005404611,329.2053087734201,Y
101955,1.126391026007489,.2037451112033579,101.7039476994243,Y
103067,1.843653967899622,.5816515191204284,109.3140439905062,Y
106538,2.423728930907227,.7639568674919667,316.309576525609,N
106589,2.150095279068812,.6147142001590534,232.2391681876752,N
108906,1.23528539888042,.3605193572121478,326.3465132121912,N
111253,1.753556794492976,.4395771577792063,144.1205479361542,Y
136617,1.637766865803619,.416950715583796,38.86801545347757,Y
136618,1.573328114522658,.3949704094159018,181.5322960618207,Y
136770,1.838708576468443,.4519053157133397,262.2519851559642,N
136793,1.146969081280662,.4653893147419536,265.1455306592423,N
136795,1.745586211482987,.4783848943586022,54.21773528058793,Y
136849,1.491323005425941,.5783121588213773,273.2160935160596,Y
136874,2.200238261675145,.884716074272921,209.4179606060344,N
136900,1.746872800649208,.63630805468049,322.5456066646183,N
136993,2.310733095055137,.5927676709597164,322.1303554064111,N
137032,1.595314790622307,.7631342643320477,245.4975998947004,N
137052,1.247979284834832,.8094780738148094,150.9295079147331,N
137062,1.224486918680945,.3152751427771058,103.3811328030032,N
137078,1.938725890499865,.6385042844247127,154.7646752684576,N
137084,1.212266254154241,.4965369609484445,115.5571524702245,N
137099,1.100018466399842,.4626715006027299,75.61584954313429,N
137108,1.458713406263733,.5621175479732954,186.6878459289202,Y
137120,1.899664217267028,.550035966199488,148.1250944774135,Y
137126,1.772989946438225,.600097301858702,25.12964429287451,Y
137158,1.180012258717658,.6068841023214073,112.9464107692597,N
137175,1.261280223941632,.3411099970326136,29.10771507428927,N
137427,2.447823329016324,.6103893997702686,29.19915089200258,Y
137925,1.291845813769032,.7638106363516437,158.3293952109967,N
138013,1.598029780626895,.6349986815838842,184.4970833407848,N
138175,1.004749070842973,.2934417708412661,232.6309581758564,Y
138205,2.586336721157188,.6129424945090232,254.0231615774805,N
138325,2.162044556639162,.8051446158249996,310.0436832082904,N
138359,1.141433387125478,.3612138602907571,119.2860003809362,N
138404,1.13973523773167,.3187756070383596,65.1178995462902,Y
138727,2.103286736088328,.6072548836372678,336.4241192286609,Y
138846,2.184864859069567,.5629341422434038,222.2720477864462,N
138852,1.001368822120296,.2990841168210618,354.6407012371191,N
138859,1.573633760028637,.5317551312987345,147.3319842614737,N
138877,2.141880441397233,.5418730591980891,261.9759704150917,N
138883,1.535995693471511,.3441265139990027,148.1115566731042,N
138893,1.172899923099995,.7435486682646439,224.170921872945,N
138937,2.072248416813416,.6783465015632167,30.21765699813191,N
138947,1.118961011984096,.2537564084229897,113.009891077798,N
138971,1.034576116274619,.3334961423869518,357.2725374831485,Y
139289,1.259634088523624,.841234445696979,77.11553353543954,N
139345,1.804246676462388,.7022437373637072,32.52002290852397,N
139359,2.649724513780223,.8659781605591795,122.7728919435483,Y
139622,1.42281469675406,.3111984789478494,131.9287449565288,Y
140039,1.82042523319886,.5687300772962532,18.97802142022346,Y
140158,1.347194731568452,.4609211416277322,237.4209581559014,Y
140288,1.784162027420624,.5075803634086762,100.9575524950886,Y
141052,1.245571286903262,.550115007811898,313.6877862106182,N
141053,1.527761728122858,.5793719861259965,198.7016198055038,Y
141056,1.817205040599699,.4444310079182576,186.7314759688059,N
141079,1.164620898145788,.8281427913927112,316.045896993481,N
141495,1.114237655718075,.8022023586585422,32.91190211164729,Y
141525,1.086825190892204,.7248041880790229,347.8796514544657,Y
141526,1.013939574176631,.3224744218421648,51.85723293121484,N
141527,1.513653031892859,.6267455298384558,188.9488186359425,Y
141593,2.002895221434489,.5288264992411942,267.5878327650751,Y
141614,1.623655897540258,.5362711358308956,184.485280906429,Y
141851,1.197908639635993,.8501577211060842,125.6881677738027,Y
143404,1.966148473628489,.6060251481418825,179.8796205446392,Y
143487,2.125318492928313,.7294269099478574,31.60942622482945,Y
143624,1.966819560854401,.5762321293504764,199.4911537692694,N
143637,1.746133493491932,.8835771771943383,140.743831696405,N
143649,1.085383631769819,.1869875565665796,264.7552721018696,Y
143651,2.13558416192836,.5241628298810691,44.69435296551858,Y
143947,2.180030027649978,.655520494817092,326.8020727609874,N
143992,1.971847549329946,.5534042096054157,145.5531526772728,Y
144332,1.422688125380824,.2894663202302626,148.1368369219309,Y
144411,1.917305075411306,.5336499960405433,112.0697820063865,N
144861,2.509206470891934,.7489106677840017,273.2538079484687,N
144898,1.507797129274615,.5889007029481886,42.84393618916539,Y
144901,1.639831173780059,.5214268644907856,209.4277521800644,N
152560,1.443696260824159,.3982211060300605,237.8093019383474,Y
152561,1.454543356450526,.4855395790918721,281.8183670516745,Y
152564,1.390938974476586,.5619946778802051,105.6775377888668,N
152664,2.511350140802313,.7216282927924937,197.2476320992589,Y
152667,2.811358399022422,.7066717102109226,259.6681957602198,N
152671,1.128742963808666,.366047796117659,176.720498794406,Y
152679,2.250401155580742,.5534184464173525,48.42973773710019,N
152680,1.44772251835401,.6399542389971506,6.266980041583865,Y
152685,1.346941496080087,.5732027731833956,130.7298025061172,Y
152754,1.191035198555351,.4973223147356445,17.09057929526121,Y
152756,1.450862994916637,.4150470012624429,143.5359731995833,N
152770,1.878368940476764,.6536355258200254,86.82305291770203,Y
152828,1.161876141570468,.5231693039980126,256.1047795355377,Y
152889,1.679469459949484,.6404716467165484,163.6280686183496,N
152941,1.481434936159187,.6808561683328651,132.197965241651,N
152964,1.396437270012606,.3932155138385745,271.0829507331168,N
152978,1.162096175115186,.2366195966725974,136.6259353489672,Y
153002,1.340562382213254,.795719240250101,75.62682179195288,Y
153195,1.301106444771275,.6189810492300155,134.7977845978766,N
153220,2.521930298864054,.6763742215533489,226.3910578158616,Y
153243,1.298959796096574,.5307190990882273,119.4095909026405,N
153249,2.117339664152622,.5908932688181777,231.5493577484011,N
153267,1.781738331708949,.6142680862508059,121.6074385579961,N
153271,1.556977092908472,.4024765024049968,156.1122108605979,N
153311,2.5021660534327,.6452551149442479,226.5972579340163,Y
153315,1.237482644833671,.4496935966637185,117.1749032130648,N
153349,1.798985648072457,.6390761399509602,30.83525537887971,N
153460,1.413644931053301,.5810241788062303,231.2089200124408,N
153792,2.100524589830235,.7419886761234524,197.9318914155462,N
153814,1.711809573491722,.4674218630523611,142.2996536699388,Y
153953,1.77313073310927,.8089012399998362,7.488387926589247,N
153957,2.533390751957548,.758636122439583,158.33253108352,N
153958,1.703622899631744,.4515245457468027,187.9692573925719,Y
154019,1.325727365625236,.3602442268911125,357.9290546025567,Y
154020,1.541625279503195,.5898206339239733,158.8395245611669,N
154029,1.89001605156411,.462716405626121,37.12886713813717,N
154035,1.210007431862252,.5322514739346248,14.9742957489929,N
154229,1.850921618774534,.7186980964367128,187.7237042056991,N
154268,1.511077304462048,.4649572724307793,324.0147758558855,N
154269,1.871754306403967,.4861200477549328,148.8218704942103,Y
154275,1.083147776272609,.4907126904880042,202.6669498706973,Y
154276,1.704375733481646,.6894461493942386,310.7697717225192,Y
154278,1.804105034344889,.5915530688449063,85.08617334293712,N
154300,1.209004126851001,.4722582096901399,40.84220353582256,N
154302,1.719450117506366,.5617600933079512,271.7008730259676,Y
154330,1.476493619905,.4087068336028227,35.72320725602211,Y
154347,1.850298457904394,.6919059366397593,101.3519520149963,N
154453,2.590305409802171,.8328406733956688,55.70260711870926,N
154555,1.18422476866386,.5803294365794951,221.5183471223251,N
154590,1.105329940593701,.4022880904964119,222.5931367258904,Y
154631,1.557137540278622,.4917016441727728,19.00935074510184,N
154652,1.058535387775897,.4505794255233145,165.2989278756488,N
154656,2.309043433077525,.6475940885589431,80.39658560057009,N
154658,1.0964768484709,.4548427666399396,334.6142468370439,N
154715,1.61871143020799,.4908955085260799,187.1973260269165,N
154807,1.48368069937624,.3163863681901167,19.04742435997496,N
154988,1.505613634473548,.6802258618028875,30.79722129018877,N
154993,1.516667109552978,.6636211270365767,315.7397993514529,N
155110,1.261433372115914,.3483958622040053,134.0912140109112,N
155140,1.274828704292689,.8722740529786842,75.23384154008282,N
155336,2.118118084612379,.7389563928337216,103.4435290493596,N
155338,1.569007463940981,.4828519956653337,276.7707318574092,Y
159402,2.37598497097125,.574827313458674,248.0227955476201,N
159459,2.341596177773048,.7965534500011745,115.4945037650824,N
159504,2.431965679892221,.6185216296265303,28.21903102510247,Y
159677,1.850630397300043,.5956785744747309,192.1951425000044,N
159686,1.80362624766166,.6887576281754475,182.2129004404719,N
159699,1.696363707561104,.7164523653116047,341.0902843546184,N
159857,2.265974331299151,.5924201860445717,113.3472237126091,Y
159928,1.654424437628185,.4192171684027534,353.1032400045106,N
161989,1.122998435962117,.213946357948743,208.5440596908107,Y
162000,1.678040949630623,.4628313937046606,229.2731985268243,Y
162039,1.80137664144636,.6610791554611972,22.1253344512378,Y
162063,1.214311584550045,.6665244319100346,144.1295398994046,N
162082,1.246311655370777,.1872022339178545,121.4655077641307,Y
162116,1.915884531118258,.557719430673813,158.50572820805,Y
162120,1.088092092844729,.5709926514486314,19.98913762369049,Y
162157,1.296874716574754,.351581373393126,217.8170382163192,N
162162,1.205784207060604,.1948407005556227,248.3417836864276,Y
162173,1.189546969199196,.1902107094378715,58.18146851097767,Y
162181,1.409370910134111,.2806265880877237,276.9393220416617,N
162183,2.075073470209966,.5344657804206914,166.5496335376374,Y
162195,1.598195758485242,.7732054278664535,357.9646705857629,N
162210,2.299819675655789,.6947007418425317,259.4442710686639,N
162214,2.325626318520796,.5836660678747257,196.6905483041007,N
162215,1.081460721421952,.4365866064200712,357.1680112498181,N
162269,1.13528887184498,.7380970926363091,86.22565729148162,N
162416,1.853940293226643,.478259562619401,74.81914891989558,Y
162422,1.207428450604037,.5310345965781139,23.34209059348672,Y
162433,1.359102321566,.4814214972824907,295.8735357718674,N
162463,1.145533374149686,.2380498220120779,59.89916749897211,N
162470,1.112632769314899,.5528863077455072,175.7514283215017,N
162474,1.240898957780186,.3575396832428934,41.51990360806463,Y
162510,1.376005629937935,.3021402340274051,297.7078859462367,Y
162567,1.247579733851084,.2501199399434505,268.7068767476049,Y
162679,1.199514957812508,.571746713912075,89.18194713510273,N
162687,1.8763625302516,.5430194477738678,304.9690764002828,Y
162695,2.122011200247692,.6369679467079685,307.0436535617242,Y
162723,1.774778158237574,.6808382990564517,108.6921852017636,N
162783,1.31314817096549,.2320021485182547,31.75636979268281,Y
162825,1.774307940878177,.7431504846410739,84.24705343877328,Y
162882,1.0921428360608,.5752477934477777,105.5792646375126,Y
162903,1.304619949706836,.2375349812162705,359.8639247268669,N
162911,1.204693077045277,.339557501291043,92.48492215822854,N
162913,1.270970993547143,.5196240248601454,121.7263608857228,N
162922,1.318188124654623,.3817656216493894,250.5814604815478,Y
162979,2.036864065816366,.5438374139488954,354.744512777637,Y
162980,1.553157601198389,.4889997748385504,337.345928688536,N
162998,1.925464607537327,.4740694979340458,81.33503306927815,Y
163014,1.787005865539119,.445340069388566,327.837775978771,Y
163015,1.416938011680522,.368330731384664,112.692962263896,N
163026,1.297044297213721,.3652695792739147,131.003396907518,Y
163051,2.270975284554728,.5693870496316826,7.416491021132512,Y
163067,2.043156108264433,.5881498648227514,255.2305648238131,Y
163081,1.087000427880161,.2033717966977177,15.50288408006129,N
163132,1.219568748563599,.2951698217629672,47.60938922877444,Y
163191,1.835474353330689,.4645523224752358,182.5721907618455,N
163249,1.344351392753998,.3348326851049909,196.653701466637,Y
163295,2.47117821072968,.6407507827251896,206.6567942595722,N
163335,1.327960012779665,.6670895896168475,268.0094481520155,N
163364,1.36562196999577,.3691357881044773,267.3365341065808,Y
163373,1.469692758068683,.5467085006091514,224.0342155599843,Y
163454,1.162143412841922,.3699550653537964,59.60678091451199,N
163679,1.494898188161671,.4714731709686785,82.90548210623794,N
163683,1.577186354170131,.6882628761336241,239.0576377308576,Y
163692,1.526161813066224,.4105769127029902,203.4939330342108,N
163696,1.571133407978124,.5194020849868792,47.27017870336725,N
163697,1.60918004131526,.4727003439182232,71.28760391189333,Y
163732,2.750051101188874,.6963506580390891,246.413608419049,N
163758,1.295915001990307,.7410595920205056,198.4379038278486,N
163818,1.229244952556763,.3544639501392397,274.2603302964946,Y
164120,1.511931910391036,.4079239321896561,119.8131623588835,N
164121,1.109940520826838,.2919031662244114,56.94355119872906,Y
164184,1.626906811390311,.4534845475515824,247.3304578338108,N
164201,1.997557795704429,.859599604598864,85.13993178332387,N
164206,1.70067600569014,.4094755549136894,189.5932508767192,N
164207,1.001265315109902,.1361882573525175,154.9151700379416,Y
164211,1.665885928097783,.4234846666609443,102.529804380275,Y
164216,2.15125737703262,.5651995022640686,248.1914413079954,Y
164222,1.30439428227888,.2470802693951685,167.6983895267645,N
164342,1.569865307720499,.3610019505786388,164.8379384432474,N
164400,1.656424397499716,.4677606378531362,130.5858617989716,N
168318,2.162490877670099,.5428085683369551,170.9493434830051,Y
169352,2.082781269831742,.5181830961853614,246.0554647005994,N
170013,2.976567121339797,.7968223591866995,193.4417954095694,N
170086,1.905238538048164,.6255176432109162,311.0012791072392,Y
170502,2.476351045362471,.8803588626810701,7.82315177244658,N
170903,1.336397427045924,.6031562904675997,26.54845945477766,Y
171486,1.794565336071562,.5121073148627131,112.5857049510225,N
171576,1.0843422670455,.5834774695809731,202.3927319960108,Y
171839,1.460973960073768,.3109795455045515,132.669157978814,Y
172678,2.592107010692373,.6898485400619797,291.7605753983762,Y
172722,1.543845132685639,.6995090425527174,109.8739983507071,N
173561,1.447696326520684,.3109701335251738,320.0257507974382,Y
174881,1.25388328611391,.5570824774058784,64.38529517954004,N
175114,2.248386028712291,.66478430702548,147.3317801945987,N
175706,1.054042930170286,.3498890717099606,358.3246313684947,Y
175729,1.27172435081146,.4247908029126674,241.3957835091691,Y
175921,1.369043306483969,.4838429855533255,254.5226549890965,N
177016,1.159964270187141,.5820376114987655,25.81752839434196,N
177049,1.417206838249055,.6142704023624549,296.3996019068513,Y
177614,1.888345996282759,.5208460819073234,159.2075005995326,Y
177651,1.154221603086108,.6988254987724556,63.61686935760932,N
179806,1.857967884745604,.5342053205208445,55.03659466999497,Y
180186,2.420667370541823,.630836810683806,80.91411776143903,Y
184266,2.118210067667667,.6007876789083159,198.3036105534524,Y
184990,1.053215669465198,.7992689984520429,278.8128515510178,N
185851,1.365508525447352,.3765773825030519,245.0869125514859,Y
186822,1.573124983696542,.4524880273413195,216.3318730649122,N
186823,1.205080794238309,.6769638645268141,242.3846593245594,N
186844,2.431415445862468,.6722968876869063,2.874052621061312,Y
187040,1.356023326988911,.3224943949837576,191.5383733629809,Y
189008,2.165670074462418,.7949282247286208,105.3669092188718,N
189040,1.372897732403486,.3825861856157279,283.8414089956808,Y
189173,1.843772659843396,.5702951678101658,50.50823331102566,N
189630,1.205959779426364,.6931448430688961,68.13480125208845,N
189865,1.405837295719209,.8054909861835294,222.8926353517478,Y
190119,2.465608507188508,.8904516611492169,336.7042096680619,N
190135,2.017788563052235,.6888368066606477,162.7489682257864,N
190491,1.3189798349083,.2344516587605304,259.3532747267051,N
190788,1.268160633793693,.7921453805260756,102.2265825225999,N
191094,2.114629007361993,.6413089748725878,163.9859003276658,N
192559,1.074631492481857,.2265286733948695,231.1917685462051,Y
192563,1.452163026433749,.407985422006714,223.8462427890756,Y
192642,2.643857697402506,.7695553669812814,311.4959788491403,Y
193178,1.93558083275181,.7003189435221707,235.4903130613083,N
194006,1.448467273978872,.4242958591193131,105.871778266262,Y
194268,1.452954449664255,.7873153157328452,73.42432373527484,Y
194386,2.305549785444502,.6111070301109466,341.1705619904877,N
196068,2.117086182354519,.6643859386633123,141.4275619954158,Y
196625,1.847208878661107,.59137095277827,350.7118156497726,Y
197588,1.845485107071024,.4660490956797027,251.2304371600138,Y
199145,1.649395705100348,.7314994086391479,212.8869390465978,Y
199801,1.684618014048833,.5698293776965923,125.7793969237866,Y
200754,1.756029334555797,.5171291180987466,46.06989275127008,N
202411,2.153763474449768,.7513993491586224,127.2451820925561,N
202435,1.322464744951505,.691518620266504,174.6528946019428,N
204131,1.146353427325934,.6325190715454895,358.122922200553,N
204232,1.247496655820415,.5635219076778466,80.64634951424162,N
205744,2.298842833573932,.7475171302611571,338.4035571544676,Y
206378,1.787993188543056,.4392728676299482,48.149373006442,Y
206910,2.565285299195218,.7211841649544196,260.6269608090751,Y
207398,2.093635166768104,.6389470692412478,88.57472220627135,Y
207945,1.039065209414107,.118666346670111,354.4321635540939,Y
208115,1.299424698834397,.3546843046761246,309.3440379897103,Y
208565,1.258084857984656,.5384586601554915,15.28603466258109,N
208617,1.758575102165623,.68373936113087,302.8299151805623,N
211871,1.846235944288745,.5113038720654385,197.7720498692328,N
212359,2.015236735906682,.7083223219625083,48.77620266318917,N
213869,1.85971471746297,.6035138073638691,248.9203951703924,N
214088,2.877454864634903,.6972857432390202,92.42878928996463,N
214869,2.824288502804428,.6613979770752374,236.8336271910577,Y
215188,2.689395381462051,.6632468740304683,177.561087960438,N
215588,1.113541249954898,.6753902367402396,32.2874552964633,Y
216115,1.526908554050392,.5864729161579516,221.1817881510661,Y
216258,1.673494332734842,.4853391037366994,47.4337178226676,Y
216985,1.180570412976353,.2617247225566008,59.35580245021062,Y
217390,1.626090418143989,.4778274409557656,54.39081031364093,N
217430,1.230095752066684,.2705896922271179,329.1782106985103,Y
217628,2.550402645284444,.7034786706091354,105.1976485632062,Y
217837,1.054512875586239,.6774107060393534,236.9711828791628,N
218017,1.196304344138505,.1926231031333278,209.9998074357403,N
218863,2.193540053732831,.5505066952854276,295.7865106893262,N
219021,1.356651812357303,.7328267375339679,310.1998400004659,N
219071,1.052702985999258,.2819918476420299,137.5213443827269,N
220124,1.456672208911971,.3780475671634544,139.9256184866741,N
220839,1.900348930865162,.5963732720448137,57.70529148900042,Y
220909,2.535137397516341,.7049061412740428,222.9615600874272,N
221455,2.015935603456641,.6581514324225464,120.1540465954965,Y
221980,1.341347629535886,.400486758450064,343.55786334816,Y
222869,1.796394120643267,.544882222358127,238.837331215737,N
224926,1.461322827374815,.4397216217780499,313.9973006022849,N
225416,1.421859290197477,.8305357650427934,138.2187849256928,N
225586,1.298712932270035,.7071855066543515,159.876936758077,N
225900,1.906767994079894,.6191776707196658,89.57157607044316,N
226514,1.095336952770311,.6157799242898234,9.246853005314213,Y
226554,1.118810865492463,.2614692286612439,337.0053234680688,Y
228368,1.478726201204777,.7020043639931213,197.1069130303152,Y
228502,1.083283275580452,.1965940183602966,44.23049293405953,N
229007,2.197204753281439,.846966803476175,277.7243005409692,N
229672,1.333043710327851,.6138376675418336,292.0122178437996,N
230089,1.318526007069077,.2642011865314043,310.8470917315327,N
230420,2.324889805805058,.6536613690550794,259.3061930489071,N
230549,1.456156146416631,.3560430155786268,164.2164965268388,Y
230599,2.170720207408959,.8170944902057253,335.5818413310299,N
231134,1.974009339151408,.4956472650121048,286.4997800202287,N
231937,1.701300975811135,.8261280192159975,219.6106960038531,Y
232691,1.576678470864145,.4695761063616966,52.9663997586361,Y
234061,2.360645473927401,.5729062149037175,189.6237190380564,N
235700,2.01794037467615,.7292062724299693,354.1356465355942,N
235756,1.133339248980346,.2588394600530068,163.8141261866119,Y
237551,1.406123505055022,.3470032385804558,81.81580897928278,N
238063,1.738142774955616,.7141175846092997,161.8243417816769,N
238456,1.388528993149183,.3001544215351634,269.3973718824897,N
239849,2.251834530915846,.636691024370822,256.6936382583411,N
241370,1.675732873197171,.3936029116397704,160.0108436293183,N
242147,1.958772594530779,.7196560642528168,7.280529402617907,N
242450,1.083984268859461,.4772200099328196,319.9867798348203,Y
242643,1.834236340640925,.8643756515166326,47.8954695071323,Y
242708,2.502308192255708,.6954084756380027,160.7653522477235,Y
243566,2.458617806330283,.6411810169004131,159.1420934393102,Y
244670,1.748423935359456,.4861277721117943,221.8195960492544,N
244977,1.760506611403935,.4443055851430838,73.42757975755934,Y
247360,2.573625770176726,.8370853411421336,137.1796255576812,Y
248590,2.910736137294593,.6984215254497719,344.1299843949733,N
250458,1.018470235760934,.49277629099739,184.2146369356491,N
250577,1.049791192455451,.5178957612142495,31.2832792193371,N
250614,2.041835224330085,.6593515616987803,264.5502854969581,N
250620,2.109777636045572,.6007753754360164,247.1510651808122,Y
250697,1.380968580334367,.4393981416066266,30.23140020654485,N
250706,2.974262492869678,.695591104367869,.4901493059040002,Y
251346,2.014422413816475,.5343106708319765,248.6135161823041,Y
251722,1.674326108034902,.6614392374790915,100.094154582913,Y
252091,2.250474997224706,.7621992424828339,201.5632343469039,N
252373,1.302261439016698,.7354930106973551,256.0409243210431,N
252558,1.089273202606535,.3971415358627349,308.1969849145308,N
253106,1.37886797355025,.7930153011162196,350.4779552201012,N
253841,2.286586025246895,.6416319626484213,138.4091828096882,Y
254417,2.076102219256735,.6044440612955839,278.1314790159018,N
255071,1.001139666188751,.6324122261550004,145.2225523010206,Y
255501,1.682920580903639,.7318148606690049,164.3420865884405,N
257744,1.693718817270949,.5859185243050598,132.0844155837167,N
259221,1.100270655941696,.8332162023558108,165.9330117128709,N
260141,1.132907195797346,.2519921001527686,34.9630259040329,Y
263976,1.046130837981596,.2614309964990155,319.3219807193144,Y
264993,1.375703675857922,.4107210417976949,300.6112056824997,Y
265032,2.305417579072889,.7014240005943804,161.2119221369306,N
265187,1.249280756807623,.330316126939353,98.1641105993328,N
265196,1.455004884988805,.3785793864672064,330.8665235353495,Y
265482,1.129592897556976,.3278712685449807,105.3013458359923,Y
265661,1.896146479869336,.7380862557844379,350.1398671240278,N
267131,2.405425475052357,.6592727165251371,116.4807325841841,Y
267136,1.14770509713534,.4177317780135299,42.0153341509434,N
267221,1.039082257868505,.6598204352508235,140.7585889166859,Y
267223,1.841215718670014,.9016452845046106,14.25674585348428,N
267337,1.269116490211777,.5141928550860071,18.60303129152484,Y
267494,2.717896984232712,.7846565820319522,357.4080561720886,Y
267720,1.379158863758855,.7197016983498935,38.67159581961388,Y
267729,1.916770695384895,.6089621678694439,316.7268866905063,Y
267940,1.105453541974171,.523945018709958,349.6669377829041,N
269690,2.000076169131002,.6045944351725653,262.6896570687413,Y
271480,1.260734456882338,.4419270141137921,162.5212694089785,N
274138,1.323851387508284,.5691610561862979,349.5855189728019,N
275677,1.280259745737448,.3206116116358198,128.7699836694571,Y
275714,1.489702285139246,.4586473424753562,138.0494551609921,N
275974,2.045730113513583,.795790794614724,320.1988143145713,N
275975,1.478825443500972,.4639064485575958,359.8319999230398,N
275976,2.206879222602137,.5839910233262829,143.824469104197,N
276033,1.370949752786601,.915097263915481,279.8663903990555,Y
276049,2.234153834527802,.5599312635067666,132.8602149164166,N
276409,1.242721495055702,.5870977290157915,206.1532936708742,N
276703,1.260118652802989,.7499644757938887,264.5234661584813,N
276732,1.470866758809357,.780444735056655,266.3688709265672,N
276891,1.294527494119558,.3814623944860632,257.735372760755,N
277039,1.648898257928586,.585967024892257,188.0848766340004,N
277142,1.754757103238398,.8274506233727462,143.7081956884224,N
277475,1.010510538624167,.2374120507927384,218.9704405560782,Y
277570,1.372433843701843,.6170766979382718,114.6019634078536,Y
277616,2.564294835857202,.6985122578819498,138.6863507972077,N
277617,1.522110851664283,.6329391018027803,349.2474474302813,N
277810,1.001293017220682,.3775609750355733,135.6444365536945,N
277958,2.050756626706093,.7360731414656916,155.9831741821662,N
278327,2.510045435094668,.7264662878868432,157.9816569405625,N
278381,1.023167097610418,.258833560011588,3.020274197247347,N
279744,1.671370546009743,.6116274479812454,18.14062035245257,Y
279816,1.238279602171494,.4007328896898479,72.93021869752353,Y
280136,1.496099420253922,.5628381074956972,206.0862924520485,N
280491,1.104931523447787,.4839244237980779,48.95488553903694,N
281070,1.806590747060116,.5743603098683502,296.8348838061684,N
281365,1.630510000075048,.6634782666617861,51.57283029264465,N
284422,2.625614197889053,.6930827243166422,29.53998441307558,N
285179,1.228163671744178,.5354918520457322,288.2391125177709,N
285331,1.735633953765178,.4555274366320703,101.3286945665647,N
285339,1.366486572310737,.6752281310644859,239.9906635623834,N
285540,2.104723902319905,.7269694047919028,30.30512804570612,N
285567,1.701084220398913,.6408695994928334,22.903743716483,N
285638,1.299486692230728,.5403252555172309,250.8965748567871,N
285990,1.785500446204377,.7890196648787846,43.11685018036351,N
286080,1.047223278493223,.4826445953776427,24.30955778879024,Y
288807,1.489971715695348,.3768808781892352,312.6664899852335,N
289315,2.324294432401654,.6348860435256114,67.43473559259479,Y
290772,2.083142677426193,.5946705529689054,59.14752683080093,Y
292165,1.20287778663394,.5806621480578952,279.2559555777697,N
292220,1.412543831329639,.3121401067223292,75.02117283847581,Y
293054,2.531983603505277,.7672375097329031,59.1153269579324,N
293726,1.579575259610151,.3697537276486535,93.18377080446125,N
294739,1.566278107653793,.4082514870305039,27.48374139146756,Y
296318,1.65909584421071,.5246657749103462,44.60543199532357,N
297274,2.43376708948055,.7946590406621371,5.503737886674935,Y
297300,1.272883018886061,.4144650871853893,301.5651250532653,Y
299582,1.29054342758022,.465686630334337,292.7773371368424,N
301011,1.508653834111561,.5453482917094412,87.11940095519022,N
301844,1.642038699152407,.5262290578631562,28.63535885329337,Y
302010,1.688350045077155,.4892388204404839,316.0716808588206,N
302156,1.268301527571374,.6452624086505606,52.11583584058111,N
302311,1.147800913760776,.3023505606551717,204.5712755201824,N
302830,1.473122580218482,.4422299095968198,100.5508487247006,N
302831,1.389194071125732,.5406408598600303,238.5768604266624,Y
303248,1.769160569088369,.5740204753582943,325.1565064375041,N
303262,1.094744881637729,.3106719158064278,164.263684644894,N
303449,2.015149318462667,.6259704014246469,242.2912786668509,N
303450,1.268828147826294,.3304465982124811,194.0794518380852,Y
303933,1.125599713517923,.4887087815656936,332.4681847920853,N
304293,1.171835545178235,.3390982188788831,225.8679571684425,N
304330,1.411284963104282,.3099769328329895,12.04205256515532,Y
304640,1.417957344425502,.5043637766775231,68.54503127047956,N
306367,2.531680854764024,.7429979419339142,310.0810993758521,N
307005,2.891258219686069,.7527967522790457,293.4903709921916,Y
307070,1.310344180901046,.2495476858576744,182.8607157325265,N
307493,2.078919588455063,.5871029568073848,144.7305454710608,N
308041,1.428215299506137,.4358201102094303,86.79035129811044,N
308043,1.250363426919114,.8288611672002155,301.3170955050591,N
308635,1.157316418711815,.4305760283815304,175.2276873700686,Y
310560,1.049237992900758,.49892530735343,213.5318811815347,Y
311044,1.907381994132387,.6218254098949992,214.763438101763,Y
311066,1.633606362200774,.3995908972187714,225.9066108505839,Y
311555,1.630519266895726,.6144985757798161,14.69754078761863,N
312942,2.263823381169978,.7764638282578449,17.76344727957014,N
312956,1.405210699251114,.5409011737822722,220.5519942787654,N
313538,1.686816663091141,.5515501310822722,280.9315018471378,N
313552,1.181940057562868,.422601473064955,108.6178912345753,N
313809,1.194936979198524,.500188296997733,192.5991374339366,N
314079,1.256946186977274,.3110498758646831,85.1825381983101,N
314082,2.237974367793757,.5746057344745792,50.05672589069897,Y
314212,2.133584406451111,.6506715454098728,112.9016261335277,Y
317255,1.400359356126788,.5676603919852357,58.05467134303696,Y
317643,1.184037588347656,.4396001675590772,42.05924398824928,N
318411,2.315718585360338,.6081133887558605,21.73406449550925,N
319988,1.396170101740636,.5504300413581256,67.44279486879341,N
322705,2.528906852461528,.6885704350091345,355.515442605621,N
322763,2.00650873259848,.5363653095070225,137.8336184484737,N
323179,1.74858719404055,.6875170806479655,140.0801372007768,N
323300,1.168547151630844,.3182131998238645,311.8562827374402,N
326302,1.387748874613788,.3450008914186214,146.6824158175023,N
326354,1.139891505378882,.1745380214244117,188.2787069358338,N
326386,1.089118390795336,.4214962125645972,160.3850326834564,N
326388,1.274289579234277,.4963759746280116,242.2603265957341,N
329275,1.378458217179212,.3047203535713693,30.9491459600705,N
329338,1.698536609816557,.4885044509816456,181.4863663615269,N
329395,2.253941565502562,.6487237044804206,30.26777936825085,N
329614,2.689342850957344,.676831738796575,276.4228214285542,Y
329770,1.355880691779962,.6283296302186174,182.4673498072999,N
329774,2.644258281437176,.8373048717508838,226.3014288609836,N
330233,1.543073628926681,.3741949306212685,245.5156541075097,Y
330809,1.541809680762041,.5058719599810804,296.4242549498117,N
331471,2.497648590455521,.89447563077161,334.7117326276274,N
331876,1.284353543891054,.5361342184697288,117.0167147609245,Y
331990,1.460757464657901,.3939478195113587,343.9480561881899,N
332408,1.400993918526563,.5686234093895722,89.23317868275957,N
332446,1.382352304168563,.4105945888682923,4.238187515086213,Y
332775,1.547111082293068,.4620333861441424,21.61902438659656,N
333480,1.120495712345638,.4073108570788367,76.40120568211191,N
333510,1.758895836506317,.6076354354464674,141.0116578987805,N
333521,1.252253568457904,.3731869506435203,255.708109842718,Y
333578,1.57406064208257,.3770852228138041,237.8109018690571,Y
333707,1.269571676462443,.275324841763533,190.2530059376386,N
333755,1.15609743175484,.5587024888550269,335.7078869203126,N
334673,1.684207928672505,.4167649794652742,304.7018040250669,N
337053,1.725505177666386,.4544423097684783,116.4413866931546,N
337075,1.983250455102023,.5907739551994059,52.61824008002571,Y
337118,1.280812023912818,.4634682877194413,153.5822541350922,N
337252,1.128971598399171,.3136597652869229,5.957658046920815,N
337558,1.962362684495321,.5820283418646577,48.41044892346171,Y
338049,2.212190255581839,.5452613746128721,.9766751992478647,N
339714,1.451479252663024,.3708891442465872,275.3181227122914,N
339715,1.459828713600359,.7515312066746733,356.2879368860318,N
340291,1.145646980927077,.3815797013200353,318.4397378042798,N
342866,1.537269748981816,.5955717648331591,287.7736469212473,Y
343158,2.52777130511564,.8065337193948957,284.2273479816925,N
343166,2.003538271952708,.663912468413856,24.80216365043718,N
344076,1.985591885966238,.7468063919812005,90.65658253030324,Y
345813,1.317462746354967,.3316039920272051,15.18153719596715,N
347634,1.122272392028912,.5541543660148706,118.8233889460121,N
348314,1.189550348107199,.2780669320495801,213.0863034778621,Y
348461,2.274549788611083,.8550852310652662,309.5302192042254,N
348776,1.28469638380103,.2086723856819629,145.9091679814948,N
349063,2.199639549606476,.5461943494818833,258.5063466039621,N
349068,1.323117078717665,.4258696907130526,292.3331755956236,Y
349074,1.341527176935447,.7206876057558929,219.6143374314844,N
349219,1.734371724021514,.4936321166099988,235.3508594353229,N
349507,1.166876960827243,.5812818634739643,357.6698330655305,Y
349925,2.171571961329606,.6972215901699123,284.4754548696992,N
349928,1.932887289363243,.7767432044595148,124.7425200285361,N
350523,1.116920371688869,.2025418062184768,247.863483724782,Y
350751,1.070662789217811,.2562398038224772,76.56600135473685,Y
350988,1.820699065522429,.4760157982888515,17.55971744939216,N
351278,1.182957517941896,.4132227634906286,7.026678507787815,N
351331,1.381158919987545,.5031980485941451,232.7104232536118,N
351340,1.929179745413355,.6174559281662598,70.06957649771378,N
351370,2.515907343113613,.8907847987087945,242.5138866919697,N
351545,1.204271559295339,.3435167894802365,347.7537672648832,N
352102,2.09012255083465,.6561068707589224,31.30465808732892,Y
353947,1.24959239249635,.3938280456735093,113.9495426380275,N
354101,1.486126095454179,.339449176036522,197.3258131996412,N
354182,1.145380466094839,.2381655042066046,49.33555734868136,Y
354876,1.470381198965349,.5984526854764501,81.58203930782199,N
355046,1.242254931253178,.2718735350663657,317.6890436744962,N
356394,2.010236576926812,.7852933122129754,345.5380487704528,N
356991,2.103851016395192,.5325679084181384,270.3708008602059,Y
357005,2.795068911634683,.6980394513073344,226.8588844193749,N
357022,1.284790153892333,.329570920394507,312.6694173522442,Y
357024,1.653445861578081,.4010806134674724,239.7932326525074,Y
357028,1.382687634890515,.6147372505420694,207.8197804958778,Y
357439,1.502228429422975,.4025243138551118,208.1119377153771,Y
357594,1.355470214121163,.2783898915436306,12.23283499063429,Y
357618,1.203377651626926,.3368271418012951,329.855469963255,N
357621,1.604590494939271,.4650903152837622,266.0300319582375,N
357622,1.083452116723713,.5382970039603844,281.2524800341133,Y
358453,1.122600114524382,.4412926425213831,12.08593853820574,N
358471,1.874883300989051,.5976014670235067,64.69498314787849,Y
358744,1.839238966586542,.510623138045025,356.8810546850938,Y
359170,1.544787891903229,.4653950353445253,255.4392754770799,Y
359242,1.571282592198656,.7242376664780854,123.486886511342,N
359369,2.14567875410068,.6981829665207401,314.954495895274,Y
360191,1.539662066976305,.47860348256783,118.9586930991693,Y
360433,2.392413528422127,.6356462224306753,231.4073152116857,N
361518,2.059972667629172,.6016641719938256,75.54580772367272,N
361538,1.311342445025921,.3353105098342584,214.8104172555331,N
361689,1.814984955790778,.503787640127614,96.96910342602884,N
361754,1.373202601867491,.356838231279042,41.94000158106724,Y
361861,2.907901118534087,.741387332806937,189.987355001738,N
362310,2.438417352275485,.7864621688210149,248.2640052559375,N
363024,1.355855757549161,.4291338723422923,323.4205076275853,Y
363067,1.076366613407113,.09006205456094665,180.9839788608453,Y
363071,1.893599601500275,.5493682344667254,20.63645277349177,N
363116,1.214359939989673,.5031340780470388,316.4212510232275,Y
363267,1.352718592719095,.4037055722387389,213.5528696480017,N
363298,1.950766462771114,.7493356432734374,326.9516647047054,N
363305,1.23721802302249,.2198926056214081,240.7828799126494,Y
363344,1.169147938580941,.1959683646593051,19.93920459358387,Y
363599,1.588086047491401,.7237692481031657,292.305900271516,Y
363617,1.467016375713309,.5755785387729879,237.629882718244,N
363734,1.681290783572996,.7786209073734597,48.75092914481078,Y
363790,1.902964464345662,.5530462307363854,329.4175470090829,Y
363814,1.963779637477268,.4822702919381958,272.9868200643372,N
363831,1.974967339027879,.5256075616346689,271.5165419300375,Y
364877,1.960317510782011,.8514225090252032,331.2366957640756,N
365014,1.047816947708627,.6019756635663875,232.0608788860619,Y
365071,1.029813350173683,.07395480320935152,301.5386961781045,Y
365246,2.671872948442885,.8651951198142105,153.5382350226722,N
366746,1.087109228544623,.4615849302730829,148.4518736375985,Y
366774,1.814969586371138,.4505162839348404,160.7561635613067,Y
367248,1.024663127019602,.139806597462908,24.23991352523005,Y
367390,1.427807942242936,.3638225525032278,86.6996740665838,N
367684,1.636627849580522,.6887211137517087,192.6075063352499,N
367789,1.430684815244558,.3903372395899217,291.1690137357608,Y
368203,2.491554481797773,.6122752506836567,257.4886907734119,Y
368565,1.245069351949664,.6002993092315879,227.90610903281,Y
369057,1.554522923325665,.6148116575699659,50.20078522217185,Y
369264,2.005461598954673,.5695585784505108,238.4801738667808,Y
369296,2.080999278326626,.8994555341653948,335.8068026587791,N
369452,1.045302967888469,.7426140925639603,43.39970026053143,N
369454,1.373151441933284,.6464696036996156,218.7082847711594,N
369984,1.043556542452915,.2878054258048489,290.4295213141692,N
370061,1.815138097710677,.6938184277836376,16.83912546969284,N
370307,1.979538222862391,.4916574644691715,239.9681434410597,N
371336,2.482704714353663,.7846545603047751,181.6908316815145,N
371660,1.293127923528503,.2693343875996066,245.5307221966713,Y
373135,1.652894299344974,.4974050033818954,78.39638046523973,Y
373428,2.015779693897554,.5473000683924759,213.3897637501595,N
373579,1.446970795137198,.3305282412801812,348.6314274714006,N
374038,2.692736933992659,.6347850284797227,229.9515981529184,Y
374158,1.266437629979284,.9267415454887817,265.9919061137264,Y
374267,1.467279745289531,.640651690997765,23.29945228252702,N
374851,2.387051868308619,.6053763482820294,144.5534227793891,Y
374855,1.099614509980387,.4458218399356069,35.64525131637495,Y
375054,1.298538395887516,.4164665801855492,308.2364459057858,Y
375103,1.286219479731957,.2796385185225545,306.0106980383807,Y
375657,1.225321585952823,.3142108993996735,331.9507186348552,N
376707,2.157561898800036,.7775980752847963,222.4269343414138,N
376788,1.040925641321257,.4960190524721255,303.7586598694667,N
377097,1.958705253171488,.5548382148219573,22.77535140413593,Y
377732,1.930639958414758,.6213305164094706,241.8425165640786,Y
378124,1.262674572643594,.72307346339319,78.60267693982703,N
378358,1.726117625106264,.4393851537182159,307.1504988351509,Y
378842,1.821883129333143,.6171620185753132,11.32708055817863,N
380128,1.460651377209219,.3174291609590148,126.8663559541624,N
380455,2.243343904296086,.7983747291264321,194.8211258264515,N
380476,1.157854847751348,.3991538836354875,131.8329380683182,N
380929,1.454709465339555,.4199811571823391,129.8943545021399,N
381181,1.471880398813848,.3206285413275712,315.2904574046012,N
381677,1.851053089514686,.4555708919655094,259.0573930397067,N
381906,1.542618625968755,.6459018093548762,65.24184878956638,Y
381989,1.347400084693852,.4957551557835983,183.5792948069412,N
382395,2.106183662705858,.7638068957547836,129.708897049329,Y
382406,1.309888953466653,.7815563586986906,177.6360922399859,Y
382745,1.5006951367003,.326835814076548,309.3839719004983,Y
382758,1.37997133394428,.3172054431617449,249.8429438744759,Y
382825,1.405560471017989,.3934584212962744,2.052381653662943,Y
385252,1.052928337903464,.1836918179993631,192.5594075558475,Y
385343,2.314192824767408,.6051979237673065,284.8518761346411,Y
385402,2.461235536012869,.8842337779513354,157.6309922945811,N
385497,1.589108237338815,.4592856756114978,73.55913330858775,N
385605,1.706570975593413,.5729929759870781,256.2852338952071,Y
385843,1.126200743928724,.4792852820186303,282.8417069989694,N
386259,2.083635296546471,.5289289883617528,306.1749801065964,N
386454,1.222292618983261,.9090668520503147,127.0285751878715,Y
386504,1.44492695289077,.5549659123761167,284.8217471137089,N
386847,1.692183809667269,.4625665317117257,176.1833940527898,Y
387505,1.541856377631868,.8732910007304242,41.70618805816462,Y
387668,1.297373429794727,.4333571294655304,48.23912083035942,Y
387717,1.145138042554132,.4771069576187846,88.66676630592275,N
387746,1.963370931242649,.5137953049864201,221.9235035893132,Y
387793,2.394700041714997,.7416772477272211,138.6765824412263,N
387871,2.10050225961627,.6000307029663601,230.8460712714213,N
388188,1.36593072896249,.7762498807178088,100.3623569785624,Y
388798,1.307056662506771,.7245018094527232,224.5549926064477,N
388945,1.592777440362722,.3911022123700166,288.97412306183,Y
389694,1.545339481063305,.4921578106228389,14.75595397841495,Y
390522,1.185929273163074,.3527143479036029,22.10737230515346,N
390929,1.308263269011219,.2245680296369045,248.102738981799,Y
391151,2.580198831361368,.8830490492474521,129.7863529502497,N
391508,2.112329044541799,.6842591523211493,231.0858551770391,N
392476,1.335920093315602,.6603256925446119,120.096067843096,N
392704,1.508151459085465,.4724116864127835,102.6379002284327,N
393569,1.066704154434611,.3155003693734081,66.66196247906225,N
393908,1.726649611966956,.546446792007902,195.4309757662087,N
394130,2.598707423616765,.9689230771750985,98.13756062852988,N
394783,1.131368341181858,.3358401230510685,254.1114209553697,N
395143,1.49901613811251,.4389772186033482,117.0485817878197,N
395207,1.56816173912488,.4892949730349432,273.6175222535602,Y
395289,1.290430425880861,.3472935198607041,107.6210791343714,N
396730,1.334503432672384,.5789328946744579,124.1928191116122,N
396793,1.067769423429216,.6084003538504841,27.26495423696045,N
396794,1.854356042925785,.6637462516815463,254.508110765726,N
397237,2.525172080916754,.886965051180952,158.395610029107,N
397474,2.170454807734891,.832980234428048,199.5300026365395,N
397847,1.396498225020297,.4485570599251307,28.65855551778273,N
399308,1.102427662202395,.2381431184145619,351.6009013008229,N
399325,1.146312636909073,.6145234931329151,286.8866978471821,N
399433,2.650176281580335,.7809104178044473,107.9381879208003,N
399457,2.509218373522438,.9560696257538117,149.8286999918146,Y
399774,2.044237613039434,.5173395856290348,238.2899211598217,Y
401856,1.452417323938727,.477982647868448,16.83960475047285,Y
401857,2.822647235139791,.855876642470074,60.63556019763778,N
401925,1.894090410927704,.4752416803456682,165.0359629212671,N
401998,1.967542752839458,.8771347004163248,180.3649464778141,N
404108,2.502982677849285,.6880916916734812,216.3956678765011,N
405212,1.372979719066956,.7313387482933792,218.0146212488363,Y
405762,1.480673747124686,.4479117019085073,231.2287033129093,Y
406213,1.91730927467039,.5460751969211524,158.7167967494439,Y
406952,1.240874832431036,.7172287827695658,328.5643226986888,N
407324,1.616731985025641,.5222002042355159,270.0920687760297,N
407338,1.583707405844578,.4761932735655028,123.072843243134,N
407653,2.053565644131244,.5118905154531165,71.67619947065327,N
408752,2.045583747962176,.7920764867068585,79.92793567631384,N
408792,1.340733590076142,.3774727902378631,12.20880996427509,Y
408980,1.429603903424722,.7223447116569385,320.710892836199,N
409836,1.924486174991748,.5732257660596434,160.5896902921057,Y
410088,2.499666960634392,.6295817225734555,98.29246029166787,N
410627,1.31538319741673,.4426793595544884,9.393732898621712,Y
410777,1.162746974024544,.4929250923994434,20.77397713622272,Y
410778,2.909207524119009,.7198290024182216,102.0791972975275,Y
411165,1.598635524115403,.502913028740141,284.9809823152278,Y
412977,1.257080680777082,.7730828005560515,252.8088582566413,N
413989,1.119502860732068,.5219545656086523,93.22389379566349,Y
414287,3.211593607479437,.7572730368060293,73.5525072140706,Y
414429,1.800345573428514,.4896728427559212,275.6983965535152,N
414772,1.194541373541823,.6720687460671233,198.5979589726008,N
414800,1.513445595429124,.5153579344826072,356.1067941776922,N
414990,1.321046835633557,.3349765277446464,8.026537655322608,Y
415027,1.30965036732392,.3861606306757744,354.563428284935,N
415029,2.122594428206419,.6532284536133014,110.1876637815356,Y
415745,1.746486131162138,.4563966691532909,267.7373520933111,Y
415987,1.122108311405659,.4361386745249043,192.6363858726195,N
416151,1.111482631982556,.3063080211497822,223.899037342954,N
416195,1.076910341703066,.1599553638525976,229.1915721457606,Y
416283,1.053292649708391,.2563244716453628,317.0474831616542,N
416591,1.864928569349374,.7348031561803877,175.3403883107901,Y
416694,3.058913119810104,.7012502678967285,15.87018093904158,N
416801,1.193717502609609,.497700500594916,14.65253910619629,Y
417211,1.727118921358338,.4874232720389183,113.7665089335461,Y
417581,1.602791906484262,.6783772414836938,142.3915585323969,N
417612,1.600960419255548,.3934490068226953,357.850842706254,Y
417634,2.46214020455516,.5934258599751565,133.9047636452527,Y
417816,1.250159981350445,.2657593463093518,35.84879325577781,Y
417871,1.876070436625687,.7000278781756568,141.3516038921497,Y
417874,2.44489008044976,.8873447296366204,92.14273491552836,N
417949,1.262122748091018,.1977501873239218,108.6542416819222,Y
418094,1.485486079049261,.4407056229101871,109.7915906474614,Y
418135,1.460719674697376,.3373446731836546,169.0470395850846,Y
418233,1.730517541402198,.4514219056514803,126.3793967858696,N
418416,2.091592444917939,.6245421623599628,161.2914141158568,Y
418849,1.005136470640142,.1069769874638672,117.2706896393407,Y
418896,1.310649441568098,.4291182100454179,202.8223270694124,N
418900,1.559344152542234,.3532971708409398,99.69023784542701,N
419472,1.225002104537789,.2001830404457558,120.3802032713822,Y
419624,1.00237484875518,.07535140022100768,304.4086617761775,Y
419880,2.545121507513827,.6716795618813418,99.97409002927178,Y
419922,2.409363427240967,.6385267929356389,131.8317359000146,N
420048,1.609162722435716,.4121859178767451,113.6892543477846,N
420210,1.283743275840597,.2349666749980601,318.3529849305867,Y
420262,1.586977080545369,.4226365524562498,154.2227452705996,N
420286,2.131741473692161,.5327875994839055,189.4857729573232,N
420591,1.553545495747633,.442764014462749,227.728570042054,N
422638,1.149415868310442,.145104624243498,202.8414477511021,N
422699,1.998160205632596,.5930875657051835,134.8496841383268,Y
422787,2.602718741029861,.6133268242099155,140.149399671829,Y
423022,1.318095758117411,.4741416556255043,75.71692340820253,N
423100,2.411874991713876,.8376498501010597,55.63537099324137,N
423709,1.471755755718939,.4046888074335858,130.2826109119035,Y
424392,1.103825277335914,.2799592925906324,219.3269084271451,N
424482,1.255759827683968,.2427327384834783,85.04675005766815,Y
426071,1.025385474955667,.6486142596402931,199.9405371737164,N
428209,1.941622948760783,.4918753453505511,121.6423473517619,Y
428223,2.679654189394921,.8677844438709549,48.60913019602199,N
428694,1.601486305654406,.6480606886607556,210.3508323595586,N
429094,1.120883831359247,.1701300495206145,190.1548223567774,Y
429389,1.198169513896414,.17598111738644,345.0212544788886,N
429584,2.498853761091935,.7000543637949902,97.40725801119261,Y
429736,1.044047757621311,.4155280553547417,25.56637466189618,N
430440,2.421868944496515,.5914022934558062,40.16647214661319,Y
430544,2.197783259839697,.8082479863456896,108.9934829587352,Y
430804,1.948670545022744,.7554004070932753,37.33379150931317,Y
431698,2.296316414384127,.7566444511686538,56.51283844513128,N
431760,2.26347717864875,.9499774935480813,111.2322800965502,N
432509,1.404902901236488,.8280131820423541,217.1920906518815,N
433303,1.03225302786929,.1697594223218228,21.34896340177135,N
433939,1.040197390828711,.4370235228907702,126.0004967417875,N
433953,1.07676453453795,.2012239155974256,146.5508456133012,Y
434096,1.896529450144836,.7668358881365985,116.8762307526909,Y
434188,1.645395871957142,.7629838768510663,98.02143399335374,Y
434196,1.062282201897127,.134561351378139,344.7624344276071,Y
434344,1.377123177397162,.2855719146133404,301.8548830395476,N
434500,1.263417049999124,.2572476124226868,130.3959199992802,N
434632,1.151228072067029,.2514832712699031,151.9984380011604,N
434633,1.263858383408058,.3554733651411081,104.3656895556258,Y
434677,1.489938005725482,.3663337936770562,167.0793213653049,Y
434734,1.495065289537509,.4383030880884918,157.6657325203659,Y
434740,1.527453135914862,.3799430752963819,340.0259594594786,N
434786,1.381245140822147,.6516292979139069,218.3678075958481,N
435159,2.60383779699661,.6299607194595707,9.61839568248484,Y
435441,1.253972511108719,.4180652142598558,103.0437398025491,N
435548,2.012219194528551,.5276982658470944,171.5213238007823,Y
436037,1.87022939047448,.6589924374553469,166.6603750576968,N
436325,1.830799762810393,.8462382040925057,83.76431740502625,N
436329,2.953063004506775,.7046253888638109,56.32888625582959,Y
436568,2.359215075336057,.7058996116901214,132.2874376378289,N
436724,1.620226524925236,.3763193973751719,85.32011653394991,Y
436761,2.236828905862918,.5918250052506947,114.7987438356234,N
436763,1.979943750945413,.6639638361755457,166.9302766873325,N
436774,1.232112236428295,.4863206772733922,292.4739699606383,Y
436775,2.010703457593896,.7632641854555956,108.3387799338181,N
437316,1.829101733821707,.4677621205987078,119.2886196299741,N
437846,1.479013236915159,.3523702713304855,107.1681121726894,N
437905,2.192446999363253,.6675419741619186,97.3581477398874,Y
437965,2.543640299511848,.6938509832705962,59.61784751227883,N
437994,3.291384071637405,.7006478906339564,7.014974350812743,N
438017,1.44958442676539,.3660011515468243,311.2340145401436,N
438105,1.91372195953615,.8239459328751915,42.47858350277928,Y
438107,1.848389377062873,.6864325466087597,116.7717259922916,N
438116,2.214878757260946,.9074689497921313,86.50437622248249,N
438661,1.209627035627245,.2932481455866464,19.65735965917984,Y
438908,1.854763599208882,.5418384435838569,121.1538505307731,Y
438955,1.154941276578327,.4747802280552376,114.4044670662107,Y
438990,1.252418599632928,.748207822451757,223.7902138998899,N
439313,2.1087827792026,.5438624510334726,63.15883311464787,N
439437,1.023099648244789,.5497937333782053,65.20282669183797,Y
439877,1.23626764765785,.3693280267425172,203.3939069824525,Y
440212,1.680808041148668,.4300988403458666,48.09990495074953,Y
441058,2.540392582353192,.8131053371657827,5.779822221525553,N
441641,1.997056627718626,.5608761293776894,128.0065560402171,Y
442037,2.929337464652101,.6863507429921086,40.74168269378689,Y
442523,1.666522432168744,.4248626613786436,49.61235472750457,Y
442605,1.996942986626287,.5442638722309144,61.91445275949736,N
443103,1.034771699039423,.1921036338792103,43.36743803002146,Y
443104,1.045541267037658,.203370164212387,273.6056232787896,N
443806,1.259850608153318,.2478012272422296,122.3447063908379,Y
443880,1.759078642779603,.4265951020977372,48.87624695228276,Y
444004,1.07056646653232,.1744044459290553,207.4792558391273,Y
444193,1.069493465501588,.1945994769136809,51.11658254324134,Y
444584,1.491499603371062,.5386291622107799,328.244707179028,Y
445025,2.421701428211462,.8032269350354093,7.962824788332335,N
445305,1.305701842636637,.2923259985000017,37.27669281198045,Y
445775,2.118163880608553,.7560020073122432,92.76412930643454,N
445830,1.562044479489246,.4410738039849334,30.32629271437446,N
445974,1.477811068389069,.3637017768083986,143.0380433459862,Y
446791,2.238808133683891,.7048124504039487,82.48690786196869,Y
446833,1.052195522385369,.3813455599654057,26.488587186758,N
446862,1.458673711672194,.3483549240972897,317.2458399127406,Y
447221,1.16076380154791,.1501968045405251,338.5831820849907,N
447755,1.708661798271947,.5266008162715929,347.850344377133,Y
447903,1.694177625364905,.5997134990718036,178.0662406122918,N
448003,1.71508785662344,.4137671167673286,149.0009274746524,Y
448628,1.244120810634888,.6532623401799399,181.8616462382255,N
448721,1.54412841821612,.4120396568825702,124.6184845297269,Y
449089,1.318645235101968,.6319653442567706,327.9274140952116,N
449107,1.359154219374944,.3900456692312285,284.7935669431545,N
450142,1.998948618851942,.5413899360369492,30.41916824190984,Y
450143,1.745767808271661,.4660195490937745,65.00115868143679,N
450159,1.910817560061754,.7010679440957999,4.754400433078025,N
450160,2.432030686923529,.667687117608817,354.5080711213811,N
450259,1.800251405448131,.4536642203036939,333.4374483508328,N
450263,1.426676935624893,.4094379690660391,325.9528696942842,Y
450270,1.431962442424119,.3328575995935983,349.3734343551715,Y
450293,1.231360019116571,.2756882832750771,89.02449687601008,Y
450894,2.222172363196686,.5931346238584373,105.9367178759093,Y
451003,1.716439543832385,.4639175637919982,344.9427800709469,Y
451124,3.208726460708958,.6985948343755676,42.4093849772477,Y
451157,1.284908707865459,.2797886759860768,346.4699281964685,Y
451297,1.84044637310586,.4949306078745911,132.9073536526454,Y
451370,1.187673636006194,.2307280800731413,141.3008867597101,Y
452302,1.697770623134639,.8271812251518664,350.7140047891601,Y
452313,2.275788224970511,.5786370972122544,333.2487868293921,N
452334,1.236107681890828,.1892589125049464,263.070191676191,N
452376,1.759134308370081,.4934111674050946,19.0001113488351,Y
452474,1.775963766872319,.4874205008959411,343.1407653267217,N
452639,2.256546607733809,.8702433035778488,336.0667162875837,N
452807,1.149959351285539,.2727997711098041,341.7305008073525,Y
453707,1.133308009287505,.2289192158045562,115.8966689489371,Y
453729,1.380383790239612,.2777209038027031,255.8210869643472,Y
454094,1.013787691178339,.1441245858265376,249.0675124741004,Y
454100,1.331866279749776,.4186294139933265,103.6115366130019,Y
454101,1.327987319377435,.6290098787926571,63.20888857911677,Y
455148,1.238380648674683,.2924777804989014,276.4947500344151,Y
455176,1.313037618005074,.7384586710309315,306.5475007046913,Y
455299,2.302452052622249,.5768273807106356,323.0976379731329,Y
455426,2.53799960522272,.921095572768483,24.86254844333851,N
455550,2.291173597165406,.5706905723110058,84.67903283244446,N
455554,2.405451067104002,.7067282741575328,13.1680850838406,N
455588,1.241374080190904,.2439620508166208,349.104734194859,N
455594,1.759270170539412,.6581099148214967,323.6224126998909,N
455795,1.952042124566394,.6541880237531613,301.4611141169084,N
455956,1.063682707825574,.2752155443639063,239.3974950888363,N
456051,2.216583373520791,.5961820764357102,27.70320006702443,N
456301,1.867744051302359,.4807435132671446,276.1168349460293,N
456898,2.384042714900501,.6711164784927316,92.13023629000811,N
456938,1.575617191744919,.6220675985473081,49.46073135377429,Y
456973,1.586728532031649,.4713471510702268,163.6453380437624,N
457647,2.277758707573557,.7173043093733099,340.8176733144804,N
457662,1.451855923931988,.3015073564982037,348.3981287023261,Y
457768,1.940903435798296,.5248464537762925,133.3820664139545,Y
457912,1.278847148524329,.4388865346090862,172.0536072943968,N
458062,1.252782719548521,.5628091680058762,273.0211007791532,N
458116,1.030519836919127,.5656186576739783,150.2429914231235,Y
458122,2.063097786819883,.6701338232484756,11.46996322196407,Y
458418,1.854102210647606,.5376360560642712,30.79642871869127,Y
458723,1.810530095967599,.5032502969718068,319.3666920681359,Y
458732,2.486785844888313,.602481531511973,9.125678602575777,N
459046,1.597053255601711,.4867970328209092,224.686065506223,N
459119,2.25697979040376,.8325937088428306,31.49705399638064,N
459386,1.568448545105336,.571662703031485,227.642563980102,N
459451,1.834714930539777,.4965255233069901,166.5985417098277,N
459458,2.015693241648392,.7715153337536583,331.6515453302034,N
459462,1.314412792737034,.4745959842912434,54.98058474301548,N
459683,1.661850199036179,.4530435699511342,29.89469904991849,Y
459872,1.003995342101378,.0715553276650594,61.89080556797863,N
