name,a,e,M,w,per
Halley,17.8341442925537,0.967142908462304,38.3842644764388,111.3324851045177,75.3158906863411
Encke,2.215132168119717,.8483353543281217,191.9830650931392,186.5460141528601,3.2969143756007
Biela,3.53465808340135,0.751299,.9469569963959761,221.6588,6.64552531740703
Faye,3.83815915788662,.5696175496849397,59.65629669645756,205.1258177176394,7.51956420594534
Brorsen,3.10112826228681,0.809796,.1743237848212893,14.9468,5.46119640576126
d''Arrest,3.503683369339459,.6114219228700193,17.52046753268517,178.1152293178701,6.55836343821244
Pons-Winnecke,3.418928238115145,.6376170100495518,51.05523981198084,172.5000552680682,6.32183534284138
Tuttle,5.6998620708785754374048,0.8197997470243816309221,351.4516245290291,207.5092459727414,13.6083265414944
Tempel,3.146531761968834,.5098191971027368,319.8162046132129,179.1872688303726,5.58157008403714
Tempel,3.064200979961858,.5373524008962,345.6199434171522,195.5476728978316,5.36394199699254
Tempel-Swift-LINEAR,3.412530375504241,.5462361578422221,41.90335896713238,164.1149688874212,6.30409850979341
Pons-Brooks,17.121223241407509618738,0.9548123941619716115170,1.601583044410965,199.028468565403,70.8451929225654
Olbers,16.9067774347548,0.930297147462082,1.656899068407468,64.64120651677283,69.5183499778236
Wolf,4.253550620791401,.3556303365465381,235.4411475254309,159.1621223444681,8.77274711988889
Finlay,3.487620254044579,.7201690549546611,22.08495765565798,347.559241376592,6.51331360097578
Brooks,3.358221347550548,.5632234095202744,55.77498981764651,219.7488417157946,6.15420812539407
Holmes,3.620364612305112,.4316918158101075,60.1556261802272,24.56129594403238,6.8886904386768
Perrine-Mrkos,3.55954221481951,0.642580982439164,11.51461302314525,166.0504171249452,6.71582582329104
Borrelly,3.602103618426963,.6255056909848424,18.60881822392003,353.4653344930212,6.83663674179294
Westphal,15.6421524304176,0.919831188993609,359.7165728186091,57.08095497141959,61.8661332756055
Giacobini-Zinner,3.515549653876195,.7068178874382801,79.15473085623789,172.5844249090343,6.59170945771282
Kopff,3.445531902348308,.5477531209893566,9.231823882440029,162.9028630022056,6.39576672805268
Brorsen-Metcalf,17.069206834622299595594,0.9719522579248509597249,.2664191525503107,129.6106836788667,70.5225834969236
Schaumasse,4.08201725729564,0.704800355727747,10.5571002171822,57.87449254945604,8.2474645386527
Neujmin,3.08916688391109,0.566818596285863,11.57706623123575,193.7040335562024,5.42963027852721
Grigg-Skjellerup,3.016899663207433,.6402771379420908,93.84515864619932,2.146692287947138,5.24021977965204
Crommelin,9.235960944226864,.9189810923126022,20.61577251683614,196.0253968913816,28.0692839516353
Neujmin,6.91117047509728,0.775413310267197,24.12183115677739,346.9162480897589,18.169191853189
Schwassmann-Wachmann,6.012902722853091,.04159566771213193,280.2031403958263,49.49588898286991,14.7446500363493
Reinmuth,3.775407331000286,.5011953460445658,61.06376105450979,13.17396658855007,7.33590881521051
Schwassmann-Wachmann,4.246480086303573,.1939049560064233,100.7835205272671,18.01931880463022,8.75088224768839
"Comas Sola",4.506309665622958,.5560422729746218,32.40775222084641,53.30412527572365,9.56620648484774
Daniel,4.0322648712397013426311,0.4619610780504002089941,34.65417307778618,18.96396783509159,8.09714246821617
Gale,4.9435893,0.760719,1.1223642,209.1572,11
Herschel-Rigollet,28.8435453,0.97405,359.9715976,29.298,155
Whipple,4.161500021015582,.2617095134990785,98.97979457264906,200.6202022211424,8.48951840115475
Forbes,3.435252239041289,.5405801452774754,70.87561172651786,329.6436674604699,6.36716565809481
Stephan-Oterma,11.2476696975501,0.860022494401565,3.705608922904022,358.1910370660319,37.7226360578495
Oterma,7.25148931544269,0.245513956937926,338.345849678193,56.27834376123234,19.5276066944962
Vaisala,4.939864962861835,.6316152020645802,25.59861596735432,47.28885502172881,10.9794558818843
Tuttle-Giacobini-Kresak,3.08544379187977,0.66041266487128,346.0350247582312,62.19321855938809,5.41981747692292
Neujmin,4.876460018192112,.5841747519155726,23.77772214832961,147.120393793131,10.7687477482499
Wolf-Harrington,3.34922191681506,.5946651580229637,58.08204437832079,191.491979515038,6.12948644579256
Reinmuth,3.693173969476632,.4263587224185384,37.48368459753332,58.26864705864526,7.0975400373726
Honda-Mrkos-Pajdusakova,3.021546191968544,.8246720758970018,42.638552274391,326.2580403750489,5.25233065880804
Wirtanen,3.087646694227751,.659202561356482,57.51960214822232,356.3402053363259,5.42562286195012
Ashbrook-Jackson,4.123164511232739,.3167267437788968,283.1757066819097,357.7622106302243,8.3724815085334
Johnson,3.53174298156458,.4252128228718672,186.3162928006837,210.3702533539293,6.63730597007971
Arend-Rigaux,3.566556837561493,.6002741375112215,154.3344573629339,332.9187091007017,6.73568744437421
Arend,4.084807073353012,.5302606367828769,354.4859914589077,49.22171663273186,8.25592096046928
Harrington,3.71446643000283,.542437041421476,7.34011923544291,269.2756022819647,7.15900818286303
Harrington,3.580672324457032,.5620663599153678,303.4588923007622,233.587839407905,6.77571408202069
Harrington,3.71436788288775,.5424857920569471,350.9555637520852,269.3739808328227,7.15872328531293
Harrington-Abell,3.857849696139989,.5403891098664094,33.49388213604229,139.5984423127618,7.5775037018532
"Van Biesbroeck",5.411319767385534,.5514593086814216,340.7446612627342,134.1911692760593,12.5881815993562
"de Vico-Swift-NEAT",3.7904782930723568412645,0.4270474945217546114406,339.8904731313036,1.933331420129209,7.37987869257988
Tempel-Tuttle,10.3383382297577,0.905552720972412,4.97833968468816,172.5002736828059,33.2417827583798
Slaughter-Burnham,5.086080145567667,.5068157697508696,331.863380751342,44.23172251260178,11.4705172248636
duToit-Neujmin-Delporte,3.452538989318305,.4992889286810742,32.3770843557389,115.214272881255,6.41528699620548
duToit-Neujmin-Delporte,3.45215357827758,0.499040120360139,23.64084019027458,115.2325343233014,6.41421280698932
Jackson-Neujmin,4.08035723716121,0.661506727386572,19.53759774139457,200.3582618971439,8.24243409745619
Kearns-Kwee,4.489785903645472,.4754287676142775,41.68377677599364,127.5232197137293,9.51363861691776
Tsuchinshan,3.505780291945367,.5384297030693533,2.923734869534633,216.3821697146897,6.56425200029049
Shajn-Schaldach,3.680790560430611,.4256876949215883,11.56458681194695,221.9082283259649,7.06187233342162
Tsuchinshan,3.52862876870025,0.57800841084276,31.68213685772162,22.86372369456345,6.62852896118174
Wild,5.587749927389681,.6509190323024351,24.1890970612711,169.0295202220291,13.208808523438
Swift-Gehrels,4.438474029980045,.6897325315715446,34.10993526032826,96.32254809159546,9.35101442486113
Gunn,3.895945433566345,.253123704975375,274.8722127979199,212.6248044763774,7.69002055369328
"du Toit",6.00224069684791,0.787701486880903,2.748548428873332,257.249719336475,14.7054498017365
Churyumov-Gerasimenko,3.462505635805988,.64093009801435,12.8359406450424,12.80065127074631,6.44308611143738
Klemola,4.8955055208880651207437,0.6406870098523979040194,355.3616677714903,153.9795052071384,10.8318969402737
Taylor,3.881643499563681,.4144624763356466,25.83257715246469,343.4481373761716,7.64771458294199
Kojima,3.673496445990252,.4538077525760331,43.58917888161571,1.937921138531265,7.04089127921542
Clark,3.127133494405472,.498175178622493,80.75350038001254,208.9003484420799,5.53003441635884
Denning-Fujikawa,4.336084232317145,.8191545266363583,14.33936241459959,337.8580424566273,9.02931423648274
Schwassmann-Wachmann,3.090704926051694,.6856899338804724,296.7307002967511,199.3915382399436,5.43368576008167
Schwassmann-Wachmann,3.0618412252795819128437,0.6932855208263886126474,357.4384229893136,198.7994525904428,5.35774699700879
Schwassmann-Wachmann,3.063468722115394,.6922258013072282,23.73073531906494,198.8705914205202,5.36201936497173
Schwassmann-Wachmann,3.06229329930756,0.6938774627627,356.7899338999595,198.7732444491985,5.35893362989882
Schwassmann-Wachmann,3.06335181161612,0.693412971192622,349.8718318710391,198.7746010901946,5.36171242350909
Schwassmann-Wachmann,3.06483261003617,0.693565806671118,349.8454221686491,198.7738044969675,5.36560060311544
Schwassmann-Wachmann,3.04420865724153,0.691538816676964,345.3126333988963,198.869444132752,5.31153230587721
Schwassmann-Wachmann,3.06430700077958,0.693543485158215,349.8533881432975,198.7896438621016,5.36422038658229
Schwassmann-Wachmann,3.07631556437795,0.694735674965028,349.8933270105301,198.7475944367357,5.39578363248632
Schwassmann-Wachmann,3.06835160960417,0.693940938277251,349.8670730198247,198.7775561198109,5.37484432085886
Schwassmann-Wachmann,3.05239117034204,0.692288993783599,349.7850410923837,198.7643511012408,5.33296195128557
Schwassmann-Wachmann,3.08503544059736,0.695575899386973,350.0226321018555,198.7241361407526,5.4187415622391
Schwassmann-Wachmann,3.11832472400051,0.698647244447971,350.2130766954646,198.4951921977602,5.5066846858957
Schwassmann-Wachmann,3.06994234287616,0.694088213263508,349.8891512863724,198.769702114044,5.37902460370814
Schwassmann-Wachmann,3.3340747694428,0.69335823324,350.9725498756171,181.562191599204,6.08795179228671
Schwassmann-Wachmann,3.26075831524011,0.711932414090286,350.6764189561788,198.1833800675977,5.888248334766
Schwassmann-Wachmann,3.02441289019931,0.689397458779432,349.4994641452583,198.8353864788111,5.25980717089293
Schwassmann-Wachmann,2.97607817120721,0.69348697056495,349.3500381939082,204.9294792152065,5.13422271626054
Schwassmann-Wachmann,3.10529750382754,0.697573249761406,350.0091178735023,198.6608054163719,5.4722133789927
Schwassmann-Wachmann,3.07645099021487,0.694751288807723,349.8526548762619,198.7509795337178,5.39613993690678
Schwassmann-Wachmann,3.34821195686902,0.719502303654523,351.0562620415104,197.9700546537453,6.12671412915886
Schwassmann-Wachmann,3.07211624836372,0.69335823324,349.876181395664,198.0161462720894,5.38473915450535
Schwassmann-Wachmann,2.94109009142002,0.680633878945504,349.0246757133873,199.1079394823084,5.04394908784768
Schwassmann-Wachmann,3.04180282124803,0.691246808725753,352.8076642007583,198.8169658347176,5.30523699962686
Schwassmann-Wachmann,3.08254721749018,0.695367114577502,352.9561980522087,198.7526383059272,5.41218718748961
Schwassmann-Wachmann,3.06777308736794,0.69335823324,349.7867838211022,198.3713234061079,5.37332429278925
Schwassmann-Wachmann,3.0963752841415,0.696725656659651,349.9918356806567,198.7081422587468,5.44864597413083
Schwassmann-Wachmann,2.90757509348788,0.676299018237858,349.2621879338159,198.7163902725815,4.95797819317181
Schwassmann-Wachmann,3.08672271282378,0.695781146462459,349.8226734973686,198.7052943053087,5.42318760944666
Schwassmann-Wachmann,3.07520604461415,0.69335823324,349.8328553284363,197.7396253755624,5.39286478917067
Schwassmann-Wachmann,3.111488252589795,.698251127367121,349.4588799116804,198.7294365495064,5.48858571222787
Schwassmann-Wachmann,4.68497505729183,0.800195285662543,354.6531984313296,196.7656541361871,10.1407278330903
Schwassmann-Wachmann,3.05798267872401,0.69335823324,349.792353539475,199.3256981265443,5.34762240191595
Schwassmann-Wachmann,3.12759000072912,0.699842823483816,350.1270880157023,198.7225549045438,5.53124539175354
Schwassmann-Wachmann,3.03591116618305,0.69335823324,349.7146820705487,201.0885963512684,5.28983092886262
Schwassmann-Wachmann,3.07622840208973,0.694756955270123,349.895184725943,198.8011953376514,5.39555431326974
Schwassmann-Wachmann,3.0720255879213,0.69376877393668,349.9596645649388,198.1671916364014,5.38450079475938
Schwassmann-Wachmann,3.14413946156757,0.701430092385429,353.5278506404665,198.7426204960793,5.57520581298437
Schwassmann-Wachmann,3.08794215725399,0.695911908759867,353.1160119123984,198.7713164253278,5.42640166347363
Schwassmann-Wachmann,3.08744810378797,0.695799013016798,350.2237117938292,198.7098465902828,5.4250994247122
Schwassmann-Wachmann,3.139576900192716,.7009701052570073,352.8664861346379,198.7247613547488,5.56307467730175
Schwassmann-Wachmann,3.00135904388845,0.686932227480063,349.8990536028593,198.8104065064084,5.19978192644555
Schwassmann-Wachmann,3.05783304672693,0.692822353452358,349.8441439223119,198.758306151452,5.3472299051059
Schwassmann-Wachmann,3.06228436373416,0.69335823324,350.1609438825533,198.8335456057121,5.35891017438435
Schwassmann-Wachmann,2.91373418607164,0.67730146390118,349.1189465722792,198.8339738442099,4.97374020004107
Schwassmann-Wachmann,3.05014120644439,0.692470126439069,349.5464523883325,199.2512703220542,5.32706652712761
Schwassmann-Wachmann,2.89370372170499,0.675089956009265,348.8068787861384,198.92203184,4.92254048387186
Schwassmann-Wachmann,2.89390864978339,0.675069986179574,349.2480122686146,198.8670388615369,4.92306340434966
Schwassmann-Wachmann,2.96078483411662,0.682432921372534,349.641239890988,198.6920225956304,5.09469833149912
Schwassmann-Wachmann,2.96762679277048,0.682432921372534,349.5716608708024,197.9285670216984,5.11236823020815
Schwassmann-Wachmann,3.13424236839265,0.700467515087574,353.497734320052,198.7461327274749,5.54890216767565
Schwassmann-Wachmann,2.97944716240244,0.682439213725336,349.8091408149953,196.4631309954056,5.14294327620725
Schwassmann-Wachmann,2.9582410093582,0.682439213725336,349.5444421561689,199.0041336556026,5.08813390533009
Schwassmann-Wachmann,2.98917045822215,0.685673899484921,352.9315188815893,198.8097995413545,5.16813946145222
Schwassmann-Wachmann,2.97971817146176,0.684754805524033,349.306235299396,198.954825666221,5.143644991578
Schwassmann-Wachmann,2.95948456938239,0.682439213725336,349.2262840613326,198.8380687888751,5.0913426017245
Schwassmann-Wachmann,2.95954219133071,0.682462679481376,352.5033923023544,198.9127973517095,5.09149129713147
Schwassmann-Wachmann,3.04058323671172,0.691094488235562,349.6481529567639,198.7979116113036,5.30204668611781
Schwassmann-Wachmann,3.04504693747306,0.691542805405763,349.6318261550581,198.7753879911289,5.31372640270597
Schwassmann-Wachmann,3.09141865178814,0.696223718867002,349.8703461752779,198.699429249213,5.43556804196274
Schwassmann-Wachmann,2.95929756911756,0.682439213725336,349.1548474479109,198.8613490413005,5.09086005112188
Schwassmann-Wachmann,3.04704387959224,0.691771506515135,352.9190712329013,198.794770559419,5.31895437314373
Schwassmann-Wachmann,3.047706272631,0.691827563127927,352.9104171660001,198.7715535759656,5.32068888860887
Schwassmann-Wachmann,2.95951342725043,0.682453453655532,352.5678957574933,198.8488389130481,5.09141707025829
Schwassmann-Wachmann,3.05370675559865,0.692453880247705,352.9259732753705,198.8198463106619,5.33641009487744
Schwassmann-Wachmann,2.98432308707744,0.685154134205868,353.0724241337271,198.8412924261245,5.15557323377108
Schwassmann-Wachmann,3.11501747725682,0.698573546172044,353.5860078961267,198.7685231571228,5.49792655280095
Smirnova-Chernykh,4.159011689561823,.1491585383882555,270.7647282943897,86.83238075964353,8.48190519290998
Kohoutek,3.54314699923032,0.496307395647225,358.0938421757012,175.8017246617871,6.66947975418123
West-Kohoutek-Ikemura,3.471228107965556,.5385141130913966,113.4462999249071,.07725895891905298,6.46744781235278
Longmore,3.617308919458934,.3540972189354261,308.7289233421153,196.8017434288122,6.87997089710674
Gehrels,3.73590971838216,.4619028596361237,113.6399853231238,192.7544368108993,7.22109005422868
"du Toit-Hartley",2.945858611714987,.6185134899509153,5.987205298911507,281.689317338125,5.05622102755015
Peters-Hartley,4.021659589584823,.5989902415048468,352.2961693179048,339.1311051464525,8.06521897446367
Wild,3.448111475072858,.5382555635420905,327.0063173876104,41.70707542640682,6.40295056792781
Gehrels,4.142151524005956,.1228436023814659,45.78576051994936,226.3510356473145,8.43038046582958
Russell,3.33797581090783,0.517209914571475,358.1852118196531,.3762291200373954,6.09863974906463
Giclas,3.64129988065612,.4950370873283377,42.93772433397255,276.4703221093038,6.94852897128151
Boethin,5.1848871265672986652361,0.7811606261503803994017,313.1875107575854,37.61838460810365,11.8063909966417
Wild,3.604732210953487,.3720888070328248,37.39650887601581,179.1397184128221,6.84412153910879
Bus,3.439988882211404,.3890210684886514,34.66653612875152,24.71860995154904,6.38033909484806
Howell,3.108883474923954,.5630633285248894,47.06901291546103,235.9016113272215,5.48169501307388
Russell,3.7950303750386020773532,0.3992295140228890870659,345.5792320554773,249.3204450596951,7.39317670961492
Gehrels,6.04223509448231,0.509136733842498,15.38795096243373,28.23751090828684,14.8526733822416
Russell,3.900202625249658,.3290816622224581,24.55618353726403,354.6270701675999,7.70262859730285
Sanguin,5.358356865937731,.6593254789566613,23.26762816786203,163.7890342412169,12.4038256630773
Lovas,4.3912043587897438001732,0.6119295988335800018376,47.08980217124619,74.64672258105206,9.20203065177523
Russell,3.509474721117858,.3645474466609431,312.9699830189154,92.77539076444052,6.57463095303928
Machholz,3.033939724939583,.9592118287498192,77.99276065152682,14.75774840136655,5.28467914883847
Metcalf-Brewington,4.79909570735725,.4573932742257172,128.5590889656395,228.2912964551788,10.5134999955919
Takamizawa,3.808319341400365,.5605977808221723,27.5372541598409,157.8742443878394,7.43204344767768
Kowal,6.150503689944444,.2287716907957943,80.84662334200382,174.6153280631434,15.2536658124824
Hartley,3.427940771634493,.4134786464956612,359.9961396521821,181.8620636861376,6.34684900816092
Chernykh,5.7921529460737,0.594171114197868,4.64250536728102,263.1723818254981,13.9401752663891
Chernykh,5.79977321714315,0.59472156321091,.1135994534185381,263.1867780154515,13.9676942683486
Shoemaker,3.735059835182303,.4729510635048332,24.67529035923729,18.80153804163205,7.21862610252505
Hartley,3.475268743304754,.6937804720128784,225.7701522441131,181.3222857728302,6.47874361345838
Kowal,3.261966481395548,.6385033272235335,.81221554250182,200.6652170792541,5.89152118141105
"Singer Brewster",3.47004826613181,.4090801715603757,58.08508238263528,46.63529856040196,6.46415074421683
Schuster,3.758052564073794,.5886970626590886,41.37087076685697,355.958463758387,7.28538450496625
Ciffreo,3.742538067328224,.5433862742962028,29.34077526964776,358.1076586706113,7.24031634675239
Swift-Tuttle,26.0920694978266,0.963225755046038,7.631696167124212,152.9821676305871,133.281843840173
Hartley,3.61358649669657,.3150140794597391,22.27174763892074,167.7446678179486,6.86935379011257
Helin-Roman-Crockett,4.160365902658368,.1096207704078609,359.6946225231546,3.37794152502789,8.48604821158179
Urata-Niijima,3.532576715247871,.5880891107121575,37.06983589103117,21.43969131331588,6.63965639824882
Spitaler,3.681617220714808,.4244778524522092,3.940811467318436,50.02141686828044,7.06425148148293
Wiseman-Skiff,3.542193505168747,.5553841362061995,43.04266283685447,172.8342430900015,6.66678770605955
Maury,4.259707663751156,.5211645777049814,58.59101536405222,120.4104598679621,8.7918019263794
Wild,3.485256958468291,.3724795893345955,357.1913447215218,173.3190905080572,6.50669435511887
Helin-Roman-Alu,4.094989939215451,.2539816793211983,75.79965916881847,222.5869770685564,8.28681151620858
Shoemaker-Levy,3.462878805693899,.4282051070326322,333.0918387892916,302.3246544406015,6.44412774028485
Parker-Hartley,4.292462036261698,.2950453641774186,45.80860790049942,181.661715328449,8.89340144187707
Mueller,4.137763681119297,.340813229617001,43.4829148927632,30.28447308525833,8.41698837236592
Shoemaker-Holt,4.5970477676472,.1837585083825333,62.65581934941744,11.75664426964608,9.85659079960933
"de Vico",17.680816651897078628508,0.9627088867609727707019,3.765031967057799,12.99609193700053,74.3466977284963
West-Hartley,3.860744511762061,.4486260518570287,43.33196213066638,102.8202036859696,7.58603420157642
Mrkos,3.316893805338879,.5039293007848538,36.60659885636425,183.7250935905468,6.04095433940742
Spacewatch,3.127091883587495,.5123227175298782,67.20407197956034,87.19442972903114,5.52992403963982
IRAS,5.646476269897362,.6957724986244791,81.89487642320886,356.7748973871472,13.4175883366531
Holt-Olmstead,3.450569402900435,.3607275357804062,334.6551575839263,6.713344480762474,6.40979814005539
Shoemaker-Holt,4.48815742820982,0.321040052243999,325.56444834641,210.1922243172213,9.50846309556443
Shoemaker-Holt,4.5127587101054773555119,0.3199662500875177228998,21.63583339799928,210.4329771088858,9.58674933349649
Shoemaker-Levy,4.278372420557185,.08529992366081832,52.12035466433725,309.1197468250286,8.84964972339904
McNaught-Hughes,3.543602890259892,.411707591006842,92.30573290980611,224.440632076287,6.67076702244711
Mueller,3.679142246300213,.3432245787360794,78.99002033324929,179.2763173970513,7.05712924338311
Helin-Roman-Alu,4.079419111816716,.5323089959541165,21.80149120169611,221.1588150560269,8.23959170226332
Kowal-Vavrova,6.239163761283836,.5878685932612639,36.45084271510884,18.62907986921665,15.5846760593173
Shoemaker-Levy,3.83020881258833,0.289567735861711,338.6215750635425,22.60841193194022,7.49621232286181
Mueller,4.203111220476629,.2912348645774915,341.781197938862,225.1876966413451,8.61716731712027
Shoemaker-Levy,4.504629950681258,.5761005783395901,311.3030107563667,140.8120795210524,9.5608583162704
Shoemaker-Levy,3.621812002614595,.5305272289353777,39.23017200425817,95.59377683043907,6.89282190939713
Vaisala-Oterma,4.5187566335433686504075,0.2469714049832185953636,38.639099620829,165.5320702572544,9.60586835604251
Bowell-Skiff,6.39724825593164,0.691761661370916,.437851279495995,173.0867710151257,16.1807262009553
Machholz,3.021375791347877,.7481709500936971,8.065994449225769,149.4733235234648,5.25188635592692
Machholz,3.01289341549972,0.750123959058633,9.564830913755152,149.2844343114263,5.22978523604551
Machholz,3.00880914460354,0.751062411225747,359.6307502791839,149.2918108441891,5.21915461480777
Ge-Wang,4.959563010870304,.4982387835727335,102.8877554559597,175.5507295650478,11.0451932985843
Kowal-Mrkos,4.301753014606733,.4099585163983387,348.4918579831569,320.7518638652634,8.92229153877948
Kushida,3.8661654111329148975073,0.6277946381861101432519,357.8140625424916,216.0971007035949,7.60201721722905
Shoemaker-Levy,4.140996048772898,.5417922616394574,184.8634995358683,10.37025831833113,8.42685316253822
Shoemaker-LINEAR,4.0267485328550911560796,0.6479184283051104831230,357.5184738449497,316.8388036934592,8.08053221347584
Kushida-Muramatsu,3.8070857912160049885130,0.2760252083897379860033,9.172577076233985,346.8408341847135,7.4284327777262
Anderson-LINEAR,3.673943594210344,.5394647052225616,356.8113018584882,6.700966864673739,7.0421768736838
Mueller,4.334089695239168,.3883606876177078,14.61885710929453,43.75899639163972,9.02308491877208
LONEOS,3.89210294287199,.5458268171174088,9.113915416473532,245.670363236798,7.6786465961245
Helin,5.810234690721675,.5702268688893664,207.8924407042042,215.4827024800921,14.0055031271513
Helin-Lawrence,4.493696904571612,.3071587132794293,89.14652197936175,163.60386314,9.52607215558652
Ikeya-Zhang,51.213581137145759214490,0.9900975228715980236415,.5594094752361835,34.67316805083965,366.510077153951
Brewington,4.870270090159263,.6730436666766748,57.10494939505089,48.67450452986796,10.7482503128611
Shoemaker,6.63432431213906,0.726672673927576,10.21881607437063,14.9109113793261,17.0884726977508
Russell-LINEAR,3.595982638828496,.5595281646349175,57.86268555536307,357.8754345463461,6.81921811533971
Tritton,3.409022576712262,.6016267402517835,332.6984476032763,148.8881291064382,6.29438087082045
Kowal-LINEAR,4.719744611506325,.02893906282980168,225.3311577287858,231.8133868545749,10.2538261823419
LONEOS,5.896289124614977,.3808236713487229,351.1880662866973,4.987818773630607,14.3178022137962
LINEAR,3.973597606755107,.4789346679581795,231.4306632597776,17.99528368655458,7.92107326732693
Hartley-IRAS,7.72123378622071,.8350738462769237,323.5772227049488,47.13845022529085,21.4554810301242
"Siding Spring",3.049517950466359,.5964897727175125,135.5099739967416,356.4007882980528,5.325433837251
NEAT,3.762261685581952,.4532292334851692,45.1358486292045,349.6686757408043,7.29762767596445
Christensen,3.648714806901318,.5413243236729088,271.5297026055949,325.9430154098566,6.96976412856103
LINEAR,18.04988797793641,.6215837574912003,5.18229338671845,126.2053458940078,76.6866857184551
NEAT,13.88283939168301,.3831014579229702,7.700857012594934,321.8788868930617,51.7279957246515
CINEOS,16.1408551156671,.2699551843085261,16.20278505794441,343.6495125063299,64.8482127275767
Hergenrother,3.623703022347536,.609558895880292,23.152291992926,13.95118353211078,6.89822093210036
NEAT,2.604263020070025,.7669213009105551,158.4168571978383,217.9762263570652,4.20276849888204
Christensen,4.198170054508219,.3043031432899574,28.1972526482166,225.8172852880655,8.60197630670805
Spahr,3.552070610991009,.5031130574217229,46.58905322028546,347.1063951041499,6.69469179269914
Yeung,3.511418359120262,.3619264891831533,331.1246297820583,178.9756979816457,6.58009351056649
Mueller,5.706964720495605,.2616668314758032,312.9485131182346,29.88792738516089,13.6337706518695
Hergenrother,3.490260973533814,.421618543794811,210.2508666913887,51.05822663096868,6.52071252415217
Barnard,24.33728792070278,.9545011068589594,356.4397738827332,60.34965166822896,120.065013021883
Hug-Bell,3.668188678565818,.473842542348582,68.05002437485736,296.8144267572273,7.02563691133297
Jedicke,5.892900594038868,.3073410789337982,282.510634751329,295.7053975964394,14.3054615690836
NEAT,3.858630619918548,.355109524747633,319.8083409476832,94.94791474096391,7.57980462830386
Shoemaker-Levy,3.839018373459053,.7073228278805144,11.75008853224812,333.7988485602352,7.52208935718543
LONEOS,2.931215275854553,.6663423299937125,184.0620435516912,51.4338425706135,5.01856756234231
Korlevic-Juric,4.510118161405117,.1365763752881888,288.3588786150248,161.5421048968827,9.57833632826248
Lovas,3.525555300846194,.6047574969528612,188.2510204375339,77.6768853021069,6.61987058343826
Petriew,3.099699187747567,.6993210375147131,62.38997669552067,181.9403336066726,5.45742186458407
Garradd,4.831985872197205,.1175909231262562,333.5038619843111,278.5991007566114,10.6217649340403
LINEAR,4.452956038241505,.1701182218624886,284.1769502005516,131.7178225812288,9.39681796174653
LINEAR-Mueller,4.367933465510861,.4156143236868653,315.8282741837955,26.415847837298,9.12897933136948
NEAT,2.920510268004104,.5967955466821282,46.5143553186676,15.3971378706121,4.9911004270027
Mueller,4.237966404333134,.5205267741318643,332.9756496936794,49.7346674245498,8.72457874252129
McNaught,3.532411562896625,.4203156371110926,59.65708068301558,274.1714403147332,6.63919078540969
Shoemaker-Levy,6.698604558889319,.772126286309046,316.6070773213959,310.8321766153857,17.3374297076236
LINEAR-NEAT,3.576600727795079,.3943325814040706,358.875618020012,8.453774232306444,6.76416033111005
LINEAR,3.999562114572238,.5755231389106317,3.765408647262267,130.7118619394205,7.99883744756484
Hill,6.47960643491348,.315047798798942,338.5816063674453,249.6535742516584,16.4941957478126
Tichy,3.781497663461639,.4313134844133996,168.0303354448991,11.59882874227125,7.35366695349617
LINEAR,2.865999002612692,.6296602371558928,69.3051576029857,188.7289004473067,4.85201633878229
ODAS,3.58306422508561,.4479159374598513,215.2924347567418,69.03820536685934,6.78250451391011
Shoemaker,5.954800268410104,.5069284376022202,320.7929535540054,191.9393427947523,14.5314516481435
Larsen,4.920224292987082,.3333926492953443,292.5233477872862,133.2517567177933,10.914040314772
LONEOS,3.459267702959195,.6128695185722387,19.51370788665928,25.0673844327545,6.43405042848456
Scotti,3.770652596272423,.3321236559698317,337.1246856364315,255.7222240175186,7.32205495269626
Korlevic,4.643485238138329,.314653512873307,318.6063511600875,154.5454157226637,10.0063181271212
LINEAR-NEAT,3.655519435714783,.4721408809812201,1.746886831723274,355.0874632496999,6.989270488501
Giacobini,3.548459099134047,.5669612177509425,32.30025025385246,154.221170659353,6.68448430469268
Giacobini,3.539301441690985,.568714327637854,6.950708178874592,154.219453037641,6.65862461283462
Giacobini,3.60328142190863,.5753279137768729,2.339584320598842,154.0793970125158,6.83999014591284
Giacobini,3.5399689569418089085672,0.5687302569766289339625,354.0431894928307,154.2717704299316,6.66050843501621
Barnard-Boattini,3.143688003695274,.6886420878908622,173.3233983417518,179.5749493037745,5.57400506462474
NEAT,3.884219740982902,.757031518894085,257.079051955412,271.2038116059287,7.65532951247586
McMillan,4.036024685636033,.3743328662523569,14.07438983677013,310.4845017184678,8.10847016470055
LINEAR,2.93069628715738,.6925376343663351,156.0743144740153,150.5212232130998,5.01723477151836
Christensen,3.1720851510391,.8325032627208268,3.795118810452619,345.8255533591199,5.64970091530556
Hill,3.562848846176242,.3381920050175883,134.5896691653944,4.269599388446993,6.72518598058756
NEAT,3.926947567548183,.5787482775254646,319.1779090137033,15.07100270915987,7.78199336532698
"Van Ness",3.426864023868714,.3806646545095143,54.5948488979252,3.514162933336794,6.34385883741513
"Van Ness",3.422250471846395,.3797273022751771,9.74101651092603,3.341503759615148,6.33105214171125
LINEAR,3.60435568477783,.4895520712375712,65.67247854038634,190.1589408985868,6.84304923048928
NEAT,4.023138681375808,.2006421522188538,269.6149605216499,222.2129949479117,8.06966874041695
LINEAR,3.882696080939694,.4454186110315633,114.1677342558116,151.6078793624928,7.65082552845985
LINEAR,3.942173923836579,.6896427560080348,328.2702281929764,246.775468211001,7.82729809139157
LINEAR,3.341856686662046,.4909327949509942,60.73900218639663,10.75259449112544,6.1092786553319
LINEAR,3.650899120893209,.3524985789349789,283.5274593993728,107.8498576799406,6.97602377026266
McNaught,3.113704636629025,.5026506136795762,11.04663152634513,180.752160225825,5.49445122360583
LINEAR,3.47456267632109,.4873988738431755,107.9675207092858,39.56718371141837,6.47676929365222
LINEAR,2.857518464514056,.7267693963810077,253.4490935755538,345.4248856078516,4.83049648383983
Skiff,4.138496310761236,.4175597146857165,226.3797729215846,38.3163287585471,8.41922393072737
LINEAR-NEAT,3.342305999439978,.4369516486843072,64.50318672376011,9.287938918038224,6.11051078591887
LINEAR,3.545328755145044,.6637644632691145,23.90406126761667,1.329461349227417,6.67564097895336
Pigott-LINEAR-Kowalski,3.689455615477498,.4804474350021011,121.285903467966,357.1744426757099,7.08682383930977
Catalina-LINEAR,3.587440335763946,.4993857905736375,196.6064446717,90.17063707324975,6.79493384086549
LINEAR,4.161836111096829,.1763056288704916,192.1664164833571,115.2055164295503,8.49054686463748
Gibbs,3.924735359307809,.3782472818322429,343.5061648752472,223.9882742583603,7.77541842456408
LINEAR,3.400743651362596,.5634928579698885,211.3791944165125,308.8846990501099,6.2714656258144
LINEAR-NEAT,4.025472405010516,.2469915801096556,81.35623270864485,42.3875959257247,8.07669128261879
Hill,4.482771767537313,.3345199989231166,356.3117364353791,53.42485645037063,9.49135340487715
"La Sagra",3.037327334760674,.4090272614185136,255.8516007870289,26.91663608905688,5.29353270016844
LINEAR,3.817996464780973,.2519116580093193,198.761403122069,358.4832026793052,7.46038920765268
LINEAR,4.000387079773747,.3148400266881949,171.5620787171421,333.8842248554525,8.00131238205177
LINEAR,3.727546306163059,.5087712718889918,311.9377767096116,119.3665805413004,7.19685533833092
LINEAR,3.736700352954727,.3525993284859636,208.2343802000988,20.41281913606926,7.22338248603173
Read,3.163221896406786,.2527781196003774,207.9600705783461,325.0874020776336,5.62603836836352
LINEAR,4.464164365888056,.6316548361498424,165.6048491379466,220.3612856279761,9.43231871501915
NEAT,3.867068464040567,.4501319645263105,115.3957896890042,352.0995201777944,7.60468087380608
LINEAR,4.88441297988186,.6188715697106489,291.3982198761471,111.473113930239,10.7951024237329
Spahr,5.643675589150758,.3141331711681838,313.4810940777998,250.6365642910514,13.4076067872657
NEAT,3.831376661280214,.3585716233288795,46.22026116848742,284.2349339160629,7.49964102980735
Scotti,4.947112710570793,.2042131382581726,293.4236481373438,90.31567868723677,11.0036282554771
WISE,4.011837030648198,.4662892068735632,260.0068001583065,316.3026248516925,8.03568911450391
NEAT,4.020741733347053,.2862836659739946,170.3933012134391,176.4198764937487,8.06245806606747
LINEAR,3.995189934096721,.6234222264034647,254.3951546948035,44.33956542540266,7.98572496154771
Gibbs,5.982464274635912,.6411612168497145,348.2993975447121,209.9127515514211,14.6328315459673
LINEAR,2.777175367052575,.816149560284423,30.76520818562273,64.04066337480732,4.62821109393779
Larson,3.730334457750246,.4064797230434751,350.7850180892973,44.88900702277459,7.20493156613921
LINEAR,3.489671874808641,.5095517978606823,8.968092364785022,30.84361594866725,6.51906171005653
LINEAR,3.052025235590942,.6736191844623731,323.9015745859533,343.2903535745651,5.33200296986494
PANSTARRS,3.469309011750889,.4125583951342929,72.49581816010924,230.8727177836223,6.46208518336362
McNaught,4.670271970644078,.3119069854691572,315.9487196491851,221.0233767504911,10.0930275929735
Levy,3.038408435020066,.6681889016894792,193.4978697184347,179.6923293670564,5.29635920592084
LINEAR,4.621105579995913,.417937535578262,269.6119651110424,124.2007783347942,9.93406595171366
Catalina,3.755425051066341,.4336173942170644,235.9627599102964,117.7936252286737,7.27774527059475
PANSTARRS,4.397398984216789,.2088043835288372,333.8007068722156,25.82897843772859,9.22150932793153
Garradd,2.725734249446032,.3421712179073474,40.45679881807635,256.503595389284,4.50021713640764
McNaught,3.685599054648147,.5935048395532496,277.4742674832356,15.61411176427704,7.0757150362788
Larson,3.58712027563139,.3895433798507963,226.7175100490325,58.5954912929043,6.79402452724019
McNaught-Russell,6.935517744284216,.8154028826429843,340.9807027646734,171.1690205549158,18.2652883645772
Gibbs,3.029643301537498,.5869803961071717,27.70540769579519,26.3154858427866,5.27345751245289
Larsen,3.892018761323937,.3737711207200287,38.74106137934061,346.5743929575982,7.67839747750983
LINEAR,4.252984092256914,.6460250873419684,4.291673197608478,32.72047022939254,8.77099452075928
Christensen,3.529533621620163,.3404246531820948,66.241701879605,97.96763594706306,6.63107877387312
LONEOS,3.289612129307083,.593340592152269,49.07618697347723,96.85229934475858,5.96657691811788
Bernardi,4.522800413069187,.4802189069971182,67.51314459688332,358.3053971345503,9.61876549984714
Jedicke,7.211032345529254,.4344145301888696,261.4629451249841,223.926991170399,19.3644143861272
Gehrels,6.752133832256525,.4676709227926323,258.9287363567192,211.4735307269304,17.5456622434793
"van Houten-Lemmon",6.969382141348709,.3899422919539769,319.048629232431,35.0383394977079,18.3992287785763
NEAT,4.452472789080105,.4524759832592989,204.8797727588265,25.96317864451423,9.39528834372735
Pons-Gambart,32.54239111656612,.9750961432178844,2.752522689919114,20.18419247403626,185.644630706466
Tombaugh-Tenagra,4.365458461614423,.4406543954050188,345.9178045818462,38.45497584089328,9.12122129476826
Hermann,5.764619090512867,.713938170242489,131.1050100563166,173.1370374384234,13.8408934614681
Vorobjov,5.365502135274508,.2689146425028647,337.882906256283,206.1270848504977,12.4286443389318
LINEAR,3.86562476228263,.5035597506028568,31.26031126991301,152.299858194571,7.6004226612257
McNaught,3.692177533782286,.434489728510642,89.99035752539631,238.1043404804568,7.09466780664049
"La Sagra",3.575652894261562,.3993528168141439,347.5341382241625,5.962040527449206,6.76147165811024
Larsen,4.511788051435455,.4180949726414225,169.8047538742992,104.8350120016027,9.58365644900335
MOSS,4.862122716926783,.1735992815756038,302.3911492658,26.01457121473731,10.7212908101391
Spacewatch,4.135988441888949,.4856289687883189,306.4583294924047,21.93427367660663,8.41157219844053
McNaught,3.672208949798938,.3765598195496727,36.63482378844326,202.8461061316791,7.03719003987814
LINEAR,4.511663294761228,.6209279165176597,85.29802546334702,177.2960744652221,9.58325895132836
Christensen,4.117064372792283,.4251626016738834,71.87586272536129,24.76482820685491,8.35390800715521
Christensen,4.177751953240896,.2690603363436921,41.66192541555198,189.0055231886737,8.53929817801313
Blanpain,3.04610387349231,.6846297334784514,67.63538836459321,9.838702159155172,5.31649323500959
Jager,6.104209907021001,.6470409619270787,267.8680917271116,180.9146921027494,15.0817727064948
NEAT,4.559094493906344,.4286430750700019,159.5367979216103,175.9569171618763,9.73477891530909
Li,6.134847738125053,.5867715331947698,246.4620927322088,318.8483591163418,15.1954611597658
Spacewatch,3.633181123162572,.419342964183725,150.3363753471029,41.4169019665751,6.92530293943029
LINEAR,3.200457816378064,.5945159337133528,93.32923040155927,233.2695181857633,5.72567065292863
LINEAR,5.345132018421562,.6147890632322975,168.4933874045773,73.37066258261537,12.3579335779686
Garradd,3.501015346281297,.4766286291817307,249.1637932386103,350.0377739893009,6.55087366324125
Beshore,3.48397434556826,.3086498338097453,53.34698974423387,131.8141910830173,6.50310288294621
Christensen,3.490149795441779,.4124291387296715,20.81860875784021,95.6185967471979,6.52040096237666
Catalina-PANSTARRS,4.372899361579497,.2819554161535973,322.0448990186117,323.4753294116305,9.1445518367896
Catalina,2.694544334263179,.6934621680484665,38.79973136127148,222.7484631067154,4.42319618797048
LINEAR-NEAT,5.686867070697107,.5874165458554789,52.78658437563432,189.399728846603,13.5618150544414
Lemmon-PANSTARRS,4.266480939437351,.2303736703896931,133.0452669069061,208.6065627048943,8.81277976172446
NEAT,5.075130668072057,.5104416819863621,180.0641673808136,356.5401281321852,11.4334960183122
Ory,3.243127092631494,.5737843349679356,52.81430787802964,329.5984468193087,5.84055549309131
Skiff,4.620487458463609,.6961201103819195,233.5584691385575,144.8941965809631,9.9320728394748
LINEAR,3.103790893731194,.5982594906974988,94.8149490108902,.7688016312200395,5.46823139731549
LINEAR,5.80662535234928,.6747303138131737,315.9677095778935,222.1152805099831,13.9924547518654
Lagerkvist-Carsenty,6.673549256814883,.362384700224559,178.4271184829443,333.7704299848289,17.240247955508
LINEAR,4.451116169482742,.6066828196651917,154.8080254146878,50.77270254772419,9.39099470894317
Hill,4.16645635942,.424663107414368,67.42780160989953,31.21278505095711,8.50468941585109
PANSTARRS,2.188803669020928,.1152849435008947,251.7348715282304,144.1915289905619,3.23830995045338
NEAT,3.446455665896327,.4343846638546015,331.8293001557684,207.1450370315252,6.398339003822
Gibbs,3.155646833891609,.2424141475288142,244.954672750022,253.5023926110905,5.6058412074553
Montani,7.264035596167837,.4144463966563212,205.0473033206225,213.8109308593123,19.5783076125656
LONEOS,4.884876719578946,.5134149449652499,49.51816324737992,63.50213581262015,10.7966398356093
LONEOS-Christensen,4.327896869328113,.1664163274096624,335.8438473674303,191.7491803900391,9.00375268319524
WISE,2.929228713963763,.5923477169378085,122.5740518111998,330.1227126031379,5.01346660347946
McNaught-Hartley,7.539628693590754,.6753517392588705,294.1382136904016,313.0998597583317,20.7029932299419
Catalina-McNaught,3.572986272291813,.6649903894323589,264.1314583020431,203.6807522661521,6.75390929368402
McNaught,3.102912310104745,.6824401124131176,76.44253318771239,.665388450046148,5.46590974031568
SOHO,2.425408650984272,.9810794372072498,274.33372909472,172.5321181901422,3.77733572137452
SOHO,2.516261465609644,.9786764761583875,337.7606588297931,49.04947699308757,3.99155256116452
SOHO,2.611063149525005,.9816378201685886,180.7502637878306,353.0772167685196,4.21924034781266
"La Sagra",3.095929042189836,.153784445570409,343.0000762445442,58.56915804482286,5.44746814848672
Yang-Gao,3.419580405672789,.6209692370658518,12.97471555311555,346.9558488947632,6.32364428364153
Hill,4.072762283750205,.3182371979313405,212.4222577812742,278.8168778202771,8.21943178669862
"Van Ness",3.557887976631412,.5640019161581543,.7758104119914314,185.022139809866,6.71114476431348
LONEOS-Tucker,4.195387705516426,.5519136124159065,354.925618276224,30.32959455038183,8.59342624781674
LINEAR-Catalina,5.189179873948214,.6801083889240188,282.6017361753651,342.3148611052374,11.8210564102735
Catalina,6.58531947325641,.5491101676555967,156.5980396392739,187.0236263249342,16.8994852078107
Gibbs,3.003793367672493,.04208657647672002,128.3440254427781,177.4017799220638,5.20610931959496
Ikeya-Murakami,3.087241138959552,.4885908891871415,6.843118908480498,152.429576403165,5.42455393248836
Ikeya-Murakami,3.086455917193617,.4903734607070914,352.8565504057189,152.4554427092979,5.42248450863786
Ikeya-Murakami,3.08342761660665,.489874808589416,350.8630736466547,152.3927433648983,5.41450599626408
Ikeya-Murakami,3.087985742086217,.4896331838111639,167.7193681380252,152.3929817519033,5.42651655048993
Ikeya-Murakami,3.08368157923568,.4903849018997315,353.0041220811732,152.5781007340497,5.41517494848018
Ikeya-Murakami,3.087712526064005,.4905753916912424,352.6782126834277,152.4821287929476,5.42579638275174
Ikeya-Murakami,3.146142644920812,.4962884872601748,353.4016976699388,152.3859186642724,5.5805347455642
Ikeya-Murakami,3.063156293666109,.4937376373108632,353.6260346842608,154.5165571432864,5.36119911601515
Ikeya-Murakami,3.08904338003422,.4907936426564671,355.3747104878898,152.4819076401984,5.42930466953028
Ikeya-Murakami,3.08313817078411,.4898209567061312,355.3747648952703,152.3716800443532,5.41374361285978
LINEAR,4.224642125366026,.7357711143347724,281.2275062489853,26.12172773342082,8.68346563905937
NEAT,6.455716393804044,.3565963323530912,31.30349365899818,80.85887103387999,16.4030597537886
Gibbs,3.589196540919855,.5435355722891612,31.25436872125894,162.3223079208947,6.79992406665625
McNaught,4.813010339375764,.4531543706658797,25.72503227130158,313.9255950717442,10.5592578263817
