rowid,mpl_hostname,mpl_letter,mpl_discmethod,mpl_pnum,mpl_orbper,mpl_orbsmax,mpl_orbeccen,mpl_dens,mpl_orbincl,ra,dec,mst_teff,mst_mass,mst_rad,hd_name,mpl_name,mpl_eqt,mpl_masse,mpl_rade,mpl_status,mpl_mnum,rowupdate,mst_lum
1,2MASS J21402931+1625183 A,b,Imaging,1,7336.5,,0.26,,46.2,325.122159,16.421759,2300,0.08,0.12,,2MASS J21402931+1625183 A b,185,6657.48,10.31,3,0,14/05/14,-3.48
2,55 Cnc,e,Radial Velocity,5,0.7365437,0.01544,0.061,4.78,87.3,133.149216,28.330818,5234,0.905,0.94,,55 Cnc e,262,7.81,2.08,3,0,03/12/15,
3,55 Cnc,e,Radial Velocity,5,0.736546,0.01583,0,4.5,,133.149216,28.330818,,,,,55 Cnc e,273,8.37,2.173,3,0,16/05/14,
4,CoRoT-1,b,Transit,1,1.50897655,0.0259,0.071,0.44,85.66,102.079885,-3.102147,,,,,CoRoT-1 b,281,340.0781,15.917,3,0,31/03/16,
5,CoRoT-1,b,Transit,1,1.5089557,,0,0.38,85.1,102.079885,-3.102147,5950,0.95,1.11,,CoRoT-1 b,299,327.35,16.7,3,0,14/05/14,
6,CoRoT-10,b,Transit,1,13.2406,0.1055,0.53,3.7,88.55,291.063708,0.746143,5075,0.89,0.79,,CoRoT-10 b,369,874,10.87,3,0,14/05/14,
7,CoRoT-11,b,Transit,1,2.99433,0.0436,0,0.99,83.17,280.687263,5.937688,6440,1.27,1.37,,CoRoT-11 b,381,740.51,16.03,3,0,14/05/14,
8,CoRoT-12,b,Transit,1,2.828042,0.04016,0.07,0.411,85.48,100.765677,-1.296439,5675,1.078,1.12,,CoRoT-12 b,403,291.438,16.14,3,0,14/05/14,
9,CoRoT-13,b,Transit,1,4.03519,0.051,0,2.34,88.02,102.721137,-5.086445,5945,1.09,1.01,,CoRoT-13 b,409,415.704,9.92,3,0,14/05/14,
10,CoRoT-14,b,Transit,1,1.51214,0.027,0,7.3,79.6,103.424211,-5.536037,6035,1.13,1.21,,CoRoT-14 b,439,2415.4,12.22,3,0,14/05/14,
11,CoRoT-16,b,Transit,1,5.35227,0.0618,0.33,0.44,85.01,278.524691,-6.002595,5650,1.098,1.19,,CoRoT-16 b,475,170.032,13.11,3,0,14/05/14,
12,CoRoT-17,b,Transit,1,3.7681,0.0461,0,2.82,88.34,278.699254,-6.612234,5740,1.04,1.59,,CoRoT-17 b,478,772.29,11.43,3,0,14/05/14,
13,CoRoT-18,b,Transit,1,1.9000693,0.0295,0.08,2.2,86.5,98.17241,-0.031586,5440,0.95,1,,CoRoT-18 b,481,1102.82,14.68,3,0,14/05/14,
14,CoRoT-19,b,Transit,1,3.89713,0.0518,0.047,0.71,88,97.033582,-0.170681,6090,1.21,1.65,,CoRoT-19 b,485,352.78,14.46,3,0,14/05/14,0.544
15,CoRoT-2,b,Transit,1,1.7429964,0.0281,0,,87.84,291.777056,1.383714,,,,,CoRoT-2 b,511,1051.973,16.421,3,0,16/05/14,
16,CoRoT-2,b,Transit,1,1.7429935,0.02798,0.0143,1.47,88.08,291.777056,1.383714,5625,0.96,0.91,,CoRoT-2 b,543,1102.82,16.432,3,0,14/05/14,
17,CoRoT-20,b,Transit,1,9.24285,0.0902,0.562,8.87,88.21,97.720408,0.226919,5880,1.14,1.02,,CoRoT-20 b,543,1347.54,9.42,3,0,14/05/14,
18,CoRoT-22,b,Transit,1,9.75598,0.092,0.077,0.249,89.749,280.667115,6.219136,5939,1.099,1.14,,CoRoT-22 b,555,12.2,4.88,3,0,21/08/14,
19,CoRoT-23,b,Transit,1,3.6313,0.048,0.16,3,85.7,279.782615,4.357806,5900,1.14,1.61,,CoRoT-23 b,568,889.9,11.77,3,0,14/05/14,
20,CoRoT-24,b,Transit,2,5.1134,0.056,0,0.9,86.5,101.922547,-3.719301,4950,0.91,0.86,,CoRoT-24 b,584,5.7,3.7,3,0,11/06/14,
21,CoRoT-24,c,Transit,2,11.759,0.098,0,1.3,89,101.922547,-3.719301,4950,0.91,0.86,,CoRoT-24 c,584,28,5,3,0,11/06/14,
22,CoRoT-25,b,Transit,1,4.86069,0.0578,0,0.15,84.5,280.629662,6.513829,6040,1.09,1.19,,CoRoT-25 b,600,85.81,12.11,3,0,14/05/14,
23,CoRoT-26,b,Transit,1,4.20474,0.0526,0,0.28,86.8,279.750514,6.969787,5590,1.09,1.79,,CoRoT-26 b,604,165.26,14.12,3,0,14/05/14,
24,CoRoT-27,b,Transit,1,3.57532,0.0476,0.065,12.6,86.7,278.495813,5.538462,5900,1.05,1.08,,CoRoT-27 b,606,3302.11,11.287,3,0,14/05/14,
25,CoRoT-28,b,Transit,1,5.20851,0.0603,0.047,0.69,88.1,278.688338,5.57373,5150,1.01,1.78,,CoRoT-28 b,615,153.82972,10.705,3,0,16/04/15,
26,CoRoT-29,b,Transit,1,2.85057,0.0386,0.082,1.45,87.3,278.902103,6.479651,5260,0.97,0.9,,CoRoT-29 b,650,270.1555,10.088,3,0,16/04/15,
27,CoRoT-3,b,Transit,1,4.2568,,0,26.4,85.9,292.055263,0.12182,6740,1.37,1.56,,CoRoT-3 b,670,6883.91,11.32,3,0,14/05/14,
28,CoRoT-4,b,Transit,1,9.20205,0.09,0,0.525,90,102.194663,-0.672774,6190,1.16,1.17,,CoRoT-4 b,683,228.83,13.34,3,0,14/05/14,
29,CoRoT-5,b,Transit,1,4.0378962,0.04947,0.09,0.217,85.83,101.277254,0.815239,6100,1,1.19,,CoRoT-5 b,686,148.42,15.558,3,0,14/05/14,
30,CoRoT-6,b,Transit,1,8.886593,0.0855,0.1,2.32,89.07,281.072525,6.663194,6090,1.05,1.02,,CoRoT-6 b,690,940.74,13.068,3,0,14/05/14,
31,CoRoT-7,b,Transit,2,0.85359159,0.017016,0,7.5,80.78,100.956125,-1.063033,5259,0.913,0.82,,CoRoT-7 b,704,5.74,1.585,3,0,05/03/15,
32,CoRoT-8,b,Transit,1,6.21229,0.063,0,1.6,88.4,291.588518,1.426452,5080,0.88,0.77,,CoRoT-8 b,705,69.92,6.39,3,0,14/05/14,
33,CoRoT-9,b,Transit,1,95.2738,0.407,0.11,0.9,89.99,280.786712,6.204172,5625,0.99,0.94,,CoRoT-9 b,713,266.97,11.77,3,0,14/05/14,
34,Fomalhaut,b,Imaging,1,318280,115,0.13,,,344.412689,-29.622236,,2,,,Fomalhaut b,713,826.3,13.5,3,0,14/05/14,
35,GJ 1132,b,Transit,1,1.62893,,0,6,,153.715737,-47.156727,3270,0.181,0.21,,GJ 1132 b,757,1.62,1.16,3,0,12/11/15,-2.359
36,GJ 1214,b,Transit,1,1.5803925,,0.14,1.87,88.62,258.828837,4.96392,3026,0.157,0.21,,GJ 1214 b,767,6.55,2.678,3,0,28/01/16,-2.484
37,GJ 3470,b,Radial Velocity,1,3.33714,0.0348,0.051,1.07,88.8,119.774349,15.391492,3600,0.541,0.5,,GJ 3470 b,767,14,4.2,3,0,14/05/14,-1.538
38,GJ 3470,b,Radial Velocity,1,3.3366487,0.031,0.017,1.18,88.88,119.774349,15.391492,3652,0.51,0.48,,GJ 3470 b,768,13.73,3.88,3,0,23/07/14,
39,GJ 436,b,Radial Velocity,1,2.64389803,0.0308,0.1616,,86.858,175.546219,26.70657,3416,0.556,0.46,,GJ 436 b,779,25.4,4.1,3,0,18/09/14,
40,GJ 436,b,Radial Velocity,1,2.6,0.029,0.2,1.7,,175.546219,26.70657,,,,,GJ 436 b,792,23.201,4.26,3,0,12/02/15,
41,GJ 436,b,Radial Velocity,1,2.64389788,0.03109,0.15,1.73,86.774,175.546219,26.70657,,,,,GJ 436 b,797,23.13802,4.191,3,0,31/03/16,
42,GJ 436,b,Radial Velocity,1,2.64388312,0.0291,0.13827,1.8,86.44,175.546219,26.70657,,0.47,0.46,,GJ 436 b,800,22.1,4.17,3,0,05/02/15,
43,GJ 876,d,Radial Velocity,4,1.93778,,0.207,,,343.319733,-14.2637,,,,,GJ 876 d,806,,0.61,3,0,24/04/15,
44,HAT-P-1,b,Transit,1,4.4652934,,0,0.345,86.28,344.445104,38.674953,,1.133,1.11,,HAT-P-1 b,814,166.536,13.731,3,0,14/05/14,
45,HAT-P-1,b,Transit,1,4.4652968,0.05561,0,0.358,85.634,344.445104,38.674953,,,,,HAT-P-1 b,818,168.13207,14.785,3,0,31/03/16,
46,HAT-P-1,b,Transit,1,4.46529,0.0551,0,,85.9,344.445104,38.674953,5975,1.12,1.15,,HAT-P-1 b,825,168.4499,15.244,3,0,03/09/15,0.18
47,HAT-P-11,b,Transit,1,4.8878162,0.053,0.198,1.33,88.5,297.709351,48.080856,4780,0.81,0.75,,HAT-P-11 b,841,25.743,4.73,3,0,14/05/14,-0.585
48,HAT-P-12,b,Transit,1,3.2130598,0.0384,0,0.3192,89,209.389489,43.493534,4650,0.733,0.7,,HAT-P-12 b,850,67.059,10.749,3,0,14/05/14,-0.678
49,HAT-P-13,b,Transit,2,2.9162382,0.0431,0.0133,0.362,81.93,129.882536,47.352051,,,,,HAT-P-13 b,850,287.95398,16.668,3,0,31/03/16,
50,HAT-P-13,b,Transit,2,2.91626,0.0427,0.021,0.498,83.4,129.882536,47.352051,5653,1.22,1.56,,HAT-P-13 b,852,271.098,14.359,3,0,14/05/14,0.346
51,HAT-P-13,b,Transit,2,2.91625,,0.0133,,83.4,129.882536,47.352051,,,,,HAT-P-13 b,878,270.462,14.258,3,0,15/10/14,
52,HAT-P-14,b,Transit,1,4.627669,0.0606,0.107,1.82,83.5,260.116169,38.242165,6600,1.386,1.47,,HAT-P-14 b,885,709.367,12.89,3,0,14/05/14,0.563
53,HAT-P-15,b,Transit,1,10.863502,0.0964,0.19,1.96,89.1,66.248026,39.460636,5568,1.013,1.08,,HAT-P-15 b,897,618.471,12.016,3,0,14/05/14,0
54,HAT-P-16,b,Transit,1,2.77597024,0.0413,0.034,2.47,87.74,9.573181,42.463078,,,,,HAT-P-16 b,904,1331.38987,13.339,3,0,31/03/16,
55,HAT-P-16,b,Transit,1,2.77596,0.0413,0.036,2.42,86.6,9.573181,42.463078,6158,1.218,1.24,,HAT-P-16 b,905,1332.605,14.448,3,0,14/05/14,0.294
56,HAT-P-17,b,Transit,2,10.338523,0.0882,0.342,0.64,89.2,324.536396,30.488716,5246,0.857,0.84,,HAT-P-17 b,914,169.71,11.321,3,0,14/05/14,-0.319
57,HAT-P-18,b,Transit,1,5.507978,0.0559,0.009,0.286,88.79,256.346473,33.012512,4870,0.77,0.72,,HAT-P-18 b,928,62.29468,10.615,3,0,27/08/15,
58,HAT-P-18,b,Transit,1,5.508023,0.0559,0.084,0.25,88.8,256.346473,33.012512,4803,0.77,0.75,,HAT-P-18 b,950,62.61,11.153,3,0,14/05/14,-0.569
59,HAT-P-19,b,Transit,1,4.008778,0.0466,0.067,0.25,88.2,9.516742,34.711575,4990,0.842,0.82,,HAT-P-19 b,950,92.802,12.689,3,0,14/05/14,-0.432
60,HAT-P-2,b,Transit,1,5.63341,0.0677,0.5163,12.5,90,245.151489,41.048084,,1.298,1.42,,HAT-P-2 b,950,2739.6946,10.66,3,0,04/02/16,
61,HAT-P-2,b,Transit,1,5.63341,0.0677,0.52,11.9,87.3,245.151489,41.048084,6290,1.298,1.47,,HAT-P-2 b,963,2873.1832,11.007,3,0,04/02/16,0.485
62,HAT-P-2,b,Transit,1,5.6,0.068,0.5,7.3,,245.151489,41.048084,6300,,,,HAT-P-2 b,963,2828.6,12.3,3,0,12/02/15,
63,HAT-P-2,b,Transit,1,5.6334729,0.06878,0.5171,7.29,86.72,245.151489,41.048084,6290,1.36,1.64,,HAT-P-2 b,970,2888.95,12.969,3,0,14/05/14,0.577
64,HAT-P-20,b,Transit,1,2.9,0.036,0,13.8,,111.916469,24.33663,4600,,,,HAT-P-20 b,978,2320.1,9.75,3,0,12/02/15,
65,HAT-P-20,b,Transit,1,2.875317,0.0361,0.015,13.78,86.8,111.916469,24.33663,4595,0.756,0.69,,HAT-P-20 b,984,2302.899,9.718,3,0,14/05/14,-0.721
66,HAT-P-21,b,Transit,1,4.124481,0.0494,0.228,4.68,87.2,171.274955,41.027954,5588,0.947,1.1,,HAT-P-21 b,1000,1291.289,11.478,3,0,14/05/14,0.025
67,HAT-P-22,b,Transit,1,3.2122312,0.0414,0.016,2.14,86.9,155.681719,50.128345,,,,,HAT-P-22 b,1000,682.69884,12.106,3,0,31/03/16,
68,HAT-P-22,b,Transit,1,3.21222,0.0414,0.016,2.11,86.9,155.681719,50.128345,5302,0.916,1.04,,HAT-P-22 b,1001,682.352,12.106,3,0,14/05/14,-0.114
69,HAT-P-23,b,Transit,1,1.212884,0.0232,0.106,1.01,85.1,306.123854,16.762152,5905,1.13,1.2,,HAT-P-23 b,1001,664.237,15.334,3,0,14/05/14,0.199
70,HAT-P-23,b,Transit,1,1.21288287,0.02302,0,1.406,85.74,306.123854,16.762152,5885,1.104,1.09,,HAT-P-23 b,1002,658,13.72,3,0,26/03/15,
71,HAT-P-24,b,Transit,1,3.35524,0.0465,0.067,0.44,88.6,108.825058,14.262599,6373,1.191,1.32,,HAT-P-24 b,1010,217.704,13.922,3,0,14/05/14,0.408
72,HAT-P-25,b,Transit,1,3.652836,0.0466,0.032,0.42,87.6,48.435419,25.197405,5500,1.01,0.96,,HAT-P-25 b,1012,180.202,13.339,3,0,14/05/14,-0.125
73,HAT-P-26,b,Transit,1,4.234516,0.0479,0.124,0.4,88.6,213.156383,4.059997,5079,0.816,0.79,,HAT-P-26 b,1014,18.751,6.333,3,0,14/05/14,-0.42
74,HAT-P-27,b,Transit,1,3.039586,0.0403,0.078,,84.7,222.767436,5.947368,5300,0.945,0.9,,HAT-P-27 b,1017,209.759,11.635,3,0,16/05/14,-0.244
75,HAT-P-27,b,Transit,1,3.039577,0.04,0,,85,222.767436,5.947368,,,,,HAT-P-27 b,1025,197.05,11.43,3,0,14/05/14,
76,HAT-P-28,b,Transit,1,3.257215,0.0434,0.051,0.44,88,13.000766,34.728413,5680,1.025,1.1,,HAT-P-28 b,1037,198.953,13.585,3,0,14/05/14,0.053
77,HAT-P-29,b,Transit,1,5.723186,0.0667,0.095,0.71,87.1,33.131142,51.778759,6087,1.207,1.22,,HAT-P-29 b,1040,247.261,12.408,3,0,14/05/14,0.265
78,HAT-P-3,b,Transit,1,2.899736,0.03866,0,1.29,87.07,206.094121,48.028667,5185,0.917,0.8,,HAT-P-3 b,1040,187.83,9.27,3,0,14/05/14,-0.362
79,HAT-P-30,b,Transit,1,2.810595,0.0419,0.035,0.37,83.6,123.949894,5.836719,6304,1.242,1.22,,HAT-P-30 b,1070,225.968,15.02,3,0,14/05/14,0.312
80,HAT-P-31,b,Transit,1,5.005425,0.055,0.245,2.18,87.1,271.537705,26.426662,6065,1.218,1.36,,HAT-P-31 b,1070,689.98,11.99,3,0,14/05/14,0.348
81,HAT-P-32,b,Transit,1,2.150008,0.0343,0,0.19,88.9,31.042848,46.687836,6207,1.16,1.22,,HAT-P-32 b,1070,273.322,20.053,3,0,14/05/14,0.294
82,HAT-P-32,b,Transit,1,2.15000805,0.0343,0.0072,,88.9,31.042848,46.687836,6269,,1.22,,HAT-P-32 b,1074,,20.053,3,0,15/10/14,
83,HAT-P-33,b,Transit,1,3.474474,0.0499,0,0.2,87.2,113.184212,33.835052,6446,1.375,1.64,,HAT-P-33 b,1078,242.176,18.898,3,0,14/05/14,0.618
84,HAT-P-34,b,Transit,1,5.452654,0.0677,0.441,2.4,87.1,303.195342,18.104868,6442,1.392,1.53,,HAT-P-34 b,1082,1057.694,13.417,3,0,14/05/14,0.56
85,HAT-P-35,b,Transit,1,3.646706,0.0498,0.025,0.55,87.3,123.250764,4.787023,6096,1.236,1.44,,HAT-P-35 b,1100,334.979,14.93,3,0,14/05/14,0.407
86,HAT-P-36,b,Transit,1,1.327347,0.0238,0.063,1.12,86,188.266255,44.915352,5560,1.022,1.1,,HAT-P-36 b,1108,582.24,14.168,3,0,14/05/14,0.013
87,HAT-P-37,b,Transit,1,2.797436,0.0379,0.058,0.89,86.9,284.296064,51.269138,5500,0.929,0.88,,HAT-P-37 b,1120,371.528,13.204,3,0,14/05/14,-0.208
88,HAT-P-38,b,Transit,1,4.640382,0.0523,0.067,0.59,88.3,35.383234,32.246151,5330,0.886,0.92,,HAT-P-38 b,1120,84.857,9.247,3,0,14/05/14,-0.208
89,HAT-P-39,b,Transit,1,3.54387,0.0509,0,0.19,87,113.758247,17.830082,6430,1.404,1.62,,HAT-P-39 b,1140,190.372,17.609,3,0,14/05/14,0.607
90,HAT-P-4,b,Transit,1,3.0565114,,0,,89.67,229.991354,36.229664,,1.26,1.6,,HAT-P-4 b,1171,216.12,14.93,3,0,26/02/15,
91,HAT-P-4,b,Transit,1,3.056536,0.04438,0,0.403,89.91,229.991354,36.229664,5860,,,,HAT-P-4 b,1180,213.255,14.28,3,0,14/05/14,0.431
92,HAT-P-40,b,Transit,1,4.457243,0.0608,0,0.15,88.3,335.512861,45.457378,6080,1.512,2.21,,HAT-P-40 b,1184,195.457,19.392,3,0,14/05/14,0.778
93,HAT-P-41,b,Transit,1,2.694047,0.0426,0,0.2,87.7,297.322651,4.672421,6390,1.418,1.68,,HAT-P-41 b,1192,254.253,18.887,3,0,14/05/14,0.628
94,HAT-P-42,b,Transit,1,4.641878,0.0575,0,0.61,85.9,135.344391,6.09723,5743,1.178,1.53,,HAT-P-42 b,1200,331.801,14.348,3,0,14/05/14,0.356
95,HAT-P-43,b,Transit,1,3.332687,0.0443,0,0.39,88.7,128.925737,10.206653,5645,1.048,1.1,,HAT-P-43 b,1202,210.395,14.359,3,0,14/05/14,0.045
96,HAT-P-44,b,Transit,2,4.301219,0.0507,0.044,0.23,89.1,213.144074,47.014687,5295,0.942,0.95,,HAT-P-44 b,1216,111.871,13.922,3,0,14/05/14,-0.194
97,HAT-P-45,b,Transit,1,3.128992,0.0452,0.049,0.38,87.8,274.373238,-3.381036,6330,1.259,1.32,,HAT-P-45 b,1218,283.492,15.984,3,0,14/05/14,0.4
98,HAT-P-46,b,Transit,1,4.463129,0.0577,0.123,0.28,85.5,270.444201,-2.970947,6120,1.284,1.4,,HAT-P-46 b,1230,156.684,14.392,3,0,14/05/14,0.391
99,HAT-P-49,b,Transit,1,2.691548,0.0438,0,0.75,86.2,305.441397,26.692652,6820,1.543,1.83,,HAT-P-49 b,1244,549.823,15.838,3,0,14/05/14,0.814
100,HAT-P-5,b,Transit,1,2.788491,0.04075,0,0.66,86.75,274.405476,36.62141,5960,1.16,1.17,,HAT-P-5 b,1244,336.89,14.12,3,0,14/05/14,0.187
101,HAT-P-50,b,Transit,1,3.1220109,0.0453,0.115,0.78,83.65,118.063411,12.13941,6280,1.273,1.7,,HAT-P-50 b,1250,429.0705,14.437,3,0,19/11/15,0.603
102,HAT-P-51,b,Transit,1,4.2180278,0.05069,0.123,0.178,88.48,21.06519,32.810764,5449,0.976,1.04,,HAT-P-51 b,1250,98.20947,14.493,3,0,19/11/15,-0.066
103,HAT-P-52,b,Transit,1,2.7535953,0.03694,0.047,0.98,87.02,42.721679,29.022396,5131,0.887,0.89,,HAT-P-52 b,1250,259.98494,11.31,3,0,19/11/15,-0.305
104,HAT-P-53,b,Transit,1,1.9616241,0.03159,0.134,0.8,86.2,21.871105,38.968147,5956,1.093,1.21,,HAT-P-53 b,1251,471.65972,14.773,3,0,19/11/15,0.217
105,HAT-P-54,b,Transit,1,3.799847,0.04117,0.074,1.118,87.04,99.898,25.48254,4390,0.645,0.62,,HAT-P-54 b,1260,241.5508,10.581,3,0,24/04/15,-0.902
106,HAT-P-55,b,Transit,1,3.5852467,0.04604,0.139,0.435,87.7,264.273447,25.731186,5808,1.013,1.01,,HAT-P-55 b,1270,184.97706,13.249,3,0,17/06/15,
107,HAT-P-56,b,Transit,1,2.7908327,0.0423,0.246,0.86,82.13,100.848038,27.252293,6566,1.296,1.43,,HAT-P-56 b,1271,692.8694,16.432,3,0,23/07/15,
108,HAT-P-57,b,Transit,1,2.465295,0.0406,0,,88.26,274.743421,10.597294,7500,1.47,1.5,,HAT-P-57 b,1276,587.9855,15.838,3,0,05/11/15,0.806
109,HAT-P-6,b,Transit,1,3.852985,0.05235,0,0.558,85.51,354.774222,42.465973,6570,1.29,1.46,,HAT-P-6 b,1280,335.932,14.908,3,0,14/05/14,0.553
110,HAT-P-7,b,Transit,1,2.2047304,0.032,0.039,,80.8,292.24731,47.969513,,,,,HAT-P-7 b,1283,564.442,15.278,3,0,16/05/14,
111,HAT-P-7,b,Transit,1,2.204737,0.0377,0,,83.111,292.24731,47.969513,,,,,HAT-P-7 b,1283,564.442,15.043,3,0,14/05/14,
112,HAT-P-7,b,Transit,1,2.2047354,0.0355,0,0.8,83.143,292.24731,47.969513,6350,1.47,1.84,,HAT-P-7 b,1285,566.05523,15.906,3,0,15/10/15,
113,HAT-P-8,b,Transit,1,3.0763776,0.0487,0,0.568,87.5,343.041067,35.447109,6200,1.28,1.58,,HAT-P-8 b,1292,483.08,16.81,3,0,14/05/14,0.519
114,HAT-P-9,b,Transit,1,3.92289,0.053,0,0.35,86.5,110.168529,37.140652,6350,1.28,1.32,,HAT-P-9 b,1300,247.9,15.69,3,0,14/05/14,0.41
115,HATS-1,b,Transit,1,3.446459,0.0444,0.12,1.03,85.6,175.525336,-23.354836,5870,0.986,1.04,,HATS-1 b,1304,589.55,14.594,3,0,14/05/14,0.041
116,HATS-10,b,Transit,1,3.312846,0.04491,0.501,0.7,87.79,294.306813,-22.204477,5880,1.101,1.1,,HATS-10 b,1313,167.17858,10.862,3,0,21/05/15,0.117
117,HATS-13,b,Transit,1,3.0440499,0.04057,0.181,0.377,88.55,316.961465,-26.096655,5523,0.962,0.89,,HATS-13 b,1313,172.58169,13.585,3,0,13/08/15,
118,HATS-14,b,Transit,1,2.7667641,0.03815,0.142,1.191,88.83,313.215479,-25.687334,5346,0.967,0.93,,HATS-14 b,1315,340.39593,11.646,3,0,13/08/15,
119,HATS-17,b,Transit,1,16.254611,0.1308,0.029,3.5,89.08,192.189799,-47.613693,5846,1.131,1.09,,HATS-17 b,1315,425.25654,8.709,3,0,24/03/16,0.093
120,HATS-2,b,Transit,1,1.354133,0.023,0,1.05,87.2,176.739094,-22.562992,5227,0.882,0.9,,HATS-2 b,1320,427.463,13.092,3,0,14/05/14,-0.268
121,HATS-3,b,Transit,1,3.547851,0.0485,0,0.51,86.2,312.45744,-24.428793,6351,1.209,1.4,,HATS-3 b,1322,340.382,15.48,3,0,14/05/14,0.456
122,HATS-4,b,Transit,1,2.516729,0.0362,0.013,1.55,88.5,94.112075,-22.546885,5403,1.001,0.93,,HATS-4 b,1324,420.471,11.433,3,0,02/07/14,-0.187
123,HATS-5,b,Transit,1,4.763387,0.0542,0.019,0.39,89.3,67.222871,-21.481916,5304,0.936,0.87,,HATS-5 b,1330,75.323,10.223,3,0,14/05/14,-0.268
124,HATS-6,b,Transit,1,3.3252725,0.03623,0,0.399,88.21,88.146797,-19.031656,3724,0.574,0.57,,HATS-6 b,1344,101.38777,11.187,3,0,14/05/15,
125,HATS-8,b,Transit,1,3.583893,0.04667,0.376,0.259,87.8,294.941746,-25.748318,5679,1.056,1.09,,HATS-8 b,1350,43.86054,9.785,3,0,17/06/15,
126,HATS-9,b,Transit,1,1.9153073,0.03048,0.129,0.85,86.5,290.810104,-20.166317,5366,1.03,1.5,,HATS-9 b,1359,266.02371,11.938,3,0,21/05/15,0.23
127,HD 114762,b,Radial Velocity,1,83.9151,0.353,0.3354,,,198.08226,17.517122,5673,0.83,1.24,HD 114762,HD 114762 b,1361,,12.44,3,0,17/12/14,
128,HD 1461,b,Radial Velocity,2,5.77267,,0.16,,,4.674448,-8.053001,,,,HD 1461,HD 1461 b,1379,,0.83,3,0,24/04/15,
129,HD 149026,b,Radial Velocity,1,2.8766,0.042,0,,85.3,247.623413,38.347309,6147,1.3,1.45,HD 149026,HD 149026 b,1384,,8.127,3,0,15/10/14,0.43
130,HD 156668,b,Radial Velocity,1,4.6426,,0.22,,,259.418701,29.227226,,,,HD 156668,HD 156668 b,1387,,0.85,3,0,24/04/15,
131,HD 17156,b,Radial Velocity,1,21.2163979,,0.6768,,86.49,42.435364,71.753235,,1.275,1.51,HD 17156,HD 17156 b,1407,1014.153,12.274,3,0,29/10/14,
132,HD 17156,b,Radial Velocity,1,21.21663,0.1614,0.6819,3.78,87.89,42.435364,71.753235,6100,1.24,1.44,HD 17156,HD 17156 b,1413,1023.37,11.43,3,0,29/10/14,0.412
133,HD 189733,b,Radial Velocity,1,2.219,0.0313,0,0.75,85.3,300.182129,22.710854,5050,0.82,0.76,HD 189733,HD 189733 b,1418,365.49,14.12,3,0,21/08/14,
134,HD 189733,b,Radial Velocity,1,2.2,0.031,0,0.96,,300.182129,22.710854,,,,HD 189733,HD 189733 b,1428,349.6,12.3,3,0,12/02/15,
135,HD 209458,b,Radial Velocity,1,3.5,0.047,0,0.34,,330.794891,18.884319,,,,HD 209458,HD 209458 b,1438,219.29,15.7,3,0,12/02/15,
136,HD 209458,b,Radial Velocity,1,3.5239,0.046,0,0.27,,330.794891,18.884319,6025,1.03,1.15,HD 209458,HD 209458 b,1440,197.05,15.92,3,0,21/08/14,
137,HD 219134,b,Radial Velocity,6,3.0935,0.0382,0.02,5.89,85.058,348.32074,57.168354,4699,0.78,0.78,HD 219134,HD 219134 b,1442,,1.606,3,0,28/01/16,-0.577
138,HD 63454,b,Radial Velocity,1,2.818049,0.0368,0,,,114.841049,-78.278969,4840,0.84,1.05,HD 63454,HD 63454 b,1450,,12.31,3,0,26/03/15,
139,HD 7924,b,Radial Velocity,3,5.39699,,0,,,20.496313,76.710281,,,,HD 7924,HD 7924 b,1450,,1.06,3,0,24/04/15,
140,HD 80606,b,Radial Velocity,1,111.4357,0.449,0.9332,,89.32,140.65654,50.603722,,0.97,0.98,HD 80606,HD 80606 b,1458,1252.2,10.98,3,0,14/05/14,
141,HD 97658,b,Radial Velocity,1,9.4957,,0.13,,,168.638184,25.710384,,,,HD 97658,HD 97658 b,1463,,0.95,3,0,24/04/15,
142,HD 97658,b,Radial Velocity,1,9.4903,0.08,0.078,3.9,89.14,168.638184,25.710384,5170,0.77,0.74,HD 97658,HD 97658 b,1468,7.55,2.247,3,0,14/05/14,-0.45
143,HIP 116454,b,Transit,1,9.1205,0.0906,0.205,4.17,88.43,353.955353,0.445516,5089,0.775,0.72,,HIP 116454 b,1472,11.82,2.53,3,0,19/12/14,
144,HIP 57274,b,Radial Velocity,3,8.1389,,0.2,,,176.170685,30.959293,,,,,HIP 57274 b,1480,,0.77,3,0,24/04/15,
145,K2-10,b,Transit,1,19.3044,,0.31,2.6,,172.121957,1.690636,5620,0.92,0.98,,K2-10 b,1480,27,3.84,3,0,11/02/16,
146,K2-19,b,Transit,2,7.919454,0.077,0,,88.83,174.960319,0.603575,5230,0.89,0.88,,K2-19 b,1486,,7.23,3,0,15/10/15,
147,K2-19,b,Transit,2,7.921101,0.0762,0.119,0.492,88.87,174.960319,0.603575,5390,0.949,0.91,,K2-19 b,1490,44,7.46,3,0,19/11/15,
148,K2-19,c,Transit,2,11.90701,0.1032,0,,89.91,174.960319,0.603575,5230,0.89,0.88,,K2-19 c,1500,,4.21,3,0,15/10/15,
149,K2-24,b,Transit,2,20.8851,0.154,0,0.63,89.25,242.573719,-24.990331,5743,1.12,1.21,,K2-24 b,1500,21,5.68,3,0,11/02/16,0.158
150,K2-24,c,Transit,2,42.3633,0.247,0,0.31,89.76,242.573719,-24.990331,5743,1.12,1.21,,K2-24 c,1500,27,7.82,3,0,11/02/16,0.158
151,K2-25,b,Transit,1,3.484552,,0.27,,88.3,63.273432,15.247763,3180,0.294,0.29,,K2-25 b,1513,,3.43,3,0,05/01/16,-2.076
152,K2-27,b,Transit,1,6.77145,,0.16,1.8,,171.515165,1.230738,5320,0.89,0.85,,K2-27 b,1516,29.1,4.45,3,0,11/02/16,
153,K2-28,b,Transit,1,2.260455,0.0214,0,,88.9,335.624384,-7.955366,3214,0.257,0.29,,K2-28 b,1520,,2.32,3,0,25/02/16,
154,K2-29,b,Transit,1,3.2588321,0.04217,0.066,0.53,86.656,62.670647,24.402043,5358,0.94,0.86,,K2-29 b,1530,232.0159,13.339,3,0,24/03/16,
155,K2-3,b,Transit,3,10.05429,0.0775,0.06,4.32,89.59,172.334949,-1.454787,,0.612,0.55,,K2-3 b,1540,8.4,2.078,3,0,15/10/15,
156,K2-3,c,Transit,3,24.6491,0.1405,0.04,1.82,89.7,172.334949,-1.454787,,0.612,0.55,,K2-3 c,1540,2.1,1.644,3,0,15/10/15,
157,K2-3,d,Transit,3,44.5705,0.2086,0.045,17.5,89.79,172.334949,-1.454787,,0.612,0.55,,K2-3 d,1544,11.1,1.53,3,0,15/10/15,
158,KELT-1,b,Transit,1,1.217514,0.02466,0.0099,24.7,87.8,0.362142,39.383808,6518,1.324,1.46,,KELT-1 b,1550,8654.15,12.442,3,0,14/05/14,0.542
159,KELT-14,b,Transit,1,1.7100588,0.02956,0,0.421,79.67,108.301485,-42.409744,5802,1.178,1.37,,KELT-14 b,1555,380.12468,17.038,3,0,17/03/16,0.279
160,KELT-15,b,Transit,1,3.329441,0.04613,0,0.36,88.3,117.415037,-52.120453,6003,1.181,1.48,,KELT-15 b,1560,289.2253,16.175,3,0,17/03/16,0.412
161,KELT-2 A,b,Transit,1,4.1137912,0.05496,0,,88.6,92.663948,30.957144,6151,1.308,1.83,,KELT-2 A b,1570,483.717,14.415,3,0,14/05/14,
162,KELT-3,b,Transit,1,2.7033904,0.04122,0,0.75,84.23,148.643324,40.388069,6306,1.278,1.47,,KELT-3 b,1570,469.415,15.076,3,0,14/05/14,0.489
163,KELT-4 A,b,Transit,1,2.9895932,0.04317,0,0.228,83.16,157.062546,25.573189,6206,1.201,1.6,,KELT-4 A b,1570,286.68266,19.044,3,0,25/02/16,0.535
164,KELT-6,b,Transit,2,7.8457,0.07939,0.22,0.311,88.81,195.981868,30.640051,6102,1.085,1.58,,KELT-6 b,1571,136.661,13.372,3,0,14/05/14,0.493
165,KELT-6,b,Transit,2,7.8455821,0.08,0.029,,88.81,195.981868,30.640051,6272,1.126,1.53,,KELT-6 b,1577,,13.227,3,0,03/09/15,
166,KELT-7,b,Transit,1,2.7347749,0.04415,0,0.442,83.76,78.295532,33.318165,6789,1.535,1.73,,KELT-7 b,1581,406.8224,17.183,3,0,04/06/15,0.758
167,KELT-8,b,Transit,1,3.24406,0.04571,0.035,0.167,82.65,283.30551,24.12738,5754,1.211,1.67,,KELT-8 b,1600,275.55861,20.849,3,0,03/09/15,
168,KOI-12,b,Transit,1,17.8552333,0.151,0.72,,88.95,297.453731,41.010991,6820,1.452,1.63,,KOI-12 b,1603,3178.3,16.029,3,0,14/05/15,
169,KOI-13,b,Transit,1,1.763588,0.03641,0.00064,3.6,86.77,286.971199,46.868362,7650,1.72,1.74,,KOI-13 b,1604,2949.4624,16.948,3,0,15/10/15,
170,KOI-142,b,Transit,2,10.95416,,0.05593,0.87,89.055,291.148088,40.669407,5471,0.956,0.88,,KOI-142 b,1605,8.7,3.78,3,0,14/05/14,-0.223
171,KOI-217,b,Transit,1,3.90512,0.0477,0,,89.8,294.865505,46.285854,5545,0.95,0.86,,KOI-217 b,1620,,12.442,3,0,14/05/14,
172,KOI-94,b,Transit,4,3.743208,0.05119,0.25,10.1,89.3,297.333057,41.891117,6182,1.277,1.52,,KOI-94 b,1626,10.5,1.71,3,0,14/05/14,0.479
173,KOI-94,c,Transit,4,10.423648,0.1013,0.43,0.91,88.36,297.333057,41.891117,6182,1.277,1.52,,KOI-94 c,1626,15.6,4.32,3,0,14/05/14,0.479
174,KOI-94,d,Transit,4,22.342989,0.1684,0.022,0.363,89.871,297.333057,41.891117,6182,1.277,1.52,,KOI-94 d,1628,106,11.27,3,0,14/05/14,0.479
175,KOI-94,e,Transit,4,54.32031,0.3046,0.019,0.6,89.76,297.333057,41.891117,6182,1.277,1.52,,KOI-94 e,1630,35,6.56,3,0,14/05/14,0.479
176,Kepler-10,b,Transit,2,0.837495,0.01684,0,8.8,84.4,285.679394,50.241299,5627,0.895,1.06,,Kepler-10 b,1637,4.56,1.416,3,0,14/05/14,0.002
177,Kepler-10,b,Transit,2,0.8374912,0.01687,0,8.15,84.15,285.679394,50.241299,5643,0.913,1.06,,Kepler-10 b,1637,4.6,1.46,3,0,27/08/15,
178,Kepler-10,b,Transit,2,0.8374907,0.01685,0,5.8,84.8,285.679394,50.241299,5708,0.91,1.06,,Kepler-10 b,1642,3.33,1.47,3,0,02/06/14,
179,Kepler-10,b,Transit,2,0.83749026,,0.06,,,285.679394,50.241299,,,,,Kepler-10 b,1648,,1.473,3,0,21/05/15,
180,Kepler-10,c,Transit,2,45.29485,0.2407,0,10,89.65,285.679394,50.241299,5627,0.895,1.06,,Kepler-10 c,1650,20,2.227,3,0,14/05/14,0.002
181,Kepler-10,c,Transit,2,45.294292,,0.05,,,285.679394,50.241299,,,,,Kepler-10 c,1650,,2.323,3,0,21/05/15,
182,Kepler-10,c,Transit,2,45.29427,0.2413,0.025,,89.64,285.679394,50.241299,5643,0.913,1.06,,Kepler-10 c,1652,,2.32,3,0,27/08/15,
183,Kepler-10,c,Transit,2,45.294301,,0,7.1,89.59,285.679394,50.241299,5708,0.91,1.06,,Kepler-10 c,1653,17.2,2.35,3,0,02/06/14,
184,Kepler-100,b,Transit,3,6.887037,,0.13,,,291.385979,41.990273,,,,,Kepler-100 b,1657,,1.305,3,0,21/05/15,
185,Kepler-100,c,Transit,3,12.815909,,0.02,,,291.385979,41.990273,,,,,Kepler-100 c,1660,,2.221,3,0,21/05/15,
186,Kepler-100,d,Transit,3,35.33313,,0.38,,,291.385979,41.990273,,,,,Kepler-100 d,1664,,1.514,3,0,21/05/15,
187,Kepler-101,b,Transit,2,3.4876812,0.0474,0.086,1.45,85.82,283.255489,48.355228,5667,1.17,1.56,,Kepler-101 b,1674,51.1,5.77,3,0,25/09/14,
188,Kepler-101,c,Transit,2,6.02976,0.0684,0,10.5,84.6,283.255489,48.355228,5667,1.17,1.56,,Kepler-101 c,1675,3.78,1.25,3,0,25/09/14,
189,Kepler-103,b,Transit,2,15.965316,,0.03,,,288.984555,40.064521,,,,,Kepler-103 b,1686,,3.476,3,0,21/05/15,
190,Kepler-103,c,Transit,2,179.6133,,0.02,,,288.984555,40.064521,,,,,Kepler-103 c,1689,,5.319,3,0,21/05/15,
191,Kepler-105,b,Transit,2,5.4122,0.066,0.47,,85.94,287.887325,46.276237,6397,1.28,1.58,,Kepler-105 b,1700,,4.81,3,0,14/05/14,0.607
192,Kepler-107,b,Transit,4,3.180026,,0.02,,,297.028248,48.208611,,,,,Kepler-107 b,1700,,1.581,3,0,21/05/15,
193,Kepler-107,c,Transit,4,4.901441,,0.02,,,297.028248,48.208611,,,,,Kepler-107 c,1700,,1.664,3,0,21/05/15,
194,Kepler-107,d,Transit,4,7.95825,,0.14,,,297.028248,48.208611,,,,,Kepler-107 d,1706,,1.064,3,0,21/05/15,
195,Kepler-107,e,Transit,4,14.749176,,0.02,,,297.028248,48.208611,,,,,Kepler-107 e,1710,,2.92,3,0,21/05/15,
196,Kepler-108,b,Transit,2,49.18354,,0.22,,,294.559169,46.062325,,,,,Kepler-108 b,1724,,9.56,3,0,21/05/15,
197,Kepler-108,c,Transit,2,190.3214,,0.04,,,294.559169,46.062325,,,,,Kepler-108 c,1729,,8.23,3,0,21/05/15,
198,Kepler-109,b,Transit,2,6.481637,,0.21,,,290.392721,40.284875,,,,,Kepler-109 b,1730,,2.338,3,0,21/05/15,
199,Kepler-109,c,Transit,2,21.22262,,0.03,,,290.392721,40.284875,,,,,Kepler-109 c,1740,,2.634,3,0,21/05/15,
200,Kepler-11,b,Transit,6,10.30375,0.091,0,,88.5,297.115123,41.909138,5680,0.95,1.1,,Kepler-11 b,1752,4.3,1.97,3,0,16/05/14,
201,Kepler-11,b,Transit,6,10.3039,0.091,0.045,1.72,89.64,297.115123,41.909138,5663,0.961,1.06,,Kepler-11 b,1753,1.9,1.8,3,0,14/05/14,
202,Kepler-11,c,Transit,6,13.02502,0.106,0,,89,297.115123,41.909138,5680,0.95,1.1,,Kepler-11 c,1756,13.5,3.15,3,0,16/05/14,
203,Kepler-11,c,Transit,6,13.0241,0.107,0.026,0.66,89.59,297.115123,41.909138,5663,0.961,1.06,,Kepler-11 c,1759,2.9,2.87,3,0,14/05/14,
204,Kepler-11,d,Transit,6,22.68719,0.159,0,,89.3,297.115123,41.909138,5680,0.95,1.1,,Kepler-11 d,1764,6.1,3.43,3,0,16/05/14,
205,Kepler-11,d,Transit,6,22.6845,0.155,0.004,1.28,89.67,297.115123,41.909138,5663,0.961,1.06,,Kepler-11 d,1770,7.3,3.12,3,0,14/05/14,
206,Kepler-11,e,Transit,6,31.9959,0.194,0,,88.8,297.115123,41.909138,5680,0.95,1.1,,Kepler-11 e,1772,8.4,4.52,3,0,16/05/14,
207,Kepler-11,e,Transit,6,31.9996,0.195,0.012,0.58,88.89,297.115123,41.909138,5663,0.961,1.06,,Kepler-11 e,1776,8,4.19,3,0,14/05/14,
208,Kepler-11,f,Transit,6,46.68876,0.25,0,,89.4,297.115123,41.909138,5680,0.95,1.1,,Kepler-11 f,1778,2.3,2.61,3,0,16/05/14,
209,Kepler-11,f,Transit,6,46.6888,0.25,0.013,0.69,89.47,297.115123,41.909138,5663,0.961,1.06,,Kepler-11 f,1778,2,2.49,3,0,14/05/14,
210,Kepler-11,g,Transit,6,118.37774,0.462,0,,89.8,297.115123,41.909138,5680,0.95,1.1,,Kepler-11 g,1782,300,3.66,3,0,16/05/14,
211,Kepler-11,g,Transit,6,118.3807,0.466,0.15,4,89.87,297.115123,41.909138,5663,0.961,1.06,,Kepler-11 g,1786,25,3.33,3,0,14/05/14,
212,Kepler-117,b,Transit,2,18.7959228,0.1445,0.0493,0.3,88.74,288.793037,48.040234,6150,1.129,1.61,,Kepler-117 b,1790,29.875,8.059,3,0,19/11/14,
213,Kepler-117,c,Transit,2,50.790391,0.2804,0.0323,1.74,89.64,288.793037,48.040234,6150,1.129,1.61,,Kepler-117 c,1790,584.78,12.341,3,0,19/11/14,
214,Kepler-12,b,Transit,1,4.4379637,0.0556,0.01,0.111,88.76,286.243425,50.040382,5947,1.166,1.48,,Kepler-12 b,1812,136.979,18.999,3,0,14/05/14,
215,Kepler-126,b,Transit,3,10.495634,,0.07,,,289.347291,44.208553,,,,,Kepler-126 b,1816,,1.439,3,0,21/05/15,
216,Kepler-126,c,Transit,3,21.86964,,0.19,,,289.347291,44.208553,,,,,Kepler-126 c,1823,,1.498,3,0,21/05/15,
217,Kepler-126,d,Transit,3,100.28208,,0.02,,,289.347291,44.208553,,,,,Kepler-126 d,1823,,2.513,3,0,21/05/15,
218,Kepler-127,b,Transit,3,14.43577,,0.47,,,285.189985,46.027962,,,,,Kepler-127 b,1823,,1.52,3,0,21/05/15,
219,Kepler-127,c,Transit,3,29.39344,,0.03,,,285.189985,46.027962,,,,,Kepler-127 c,1833,,2.389,3,0,21/05/15,
220,Kepler-127,d,Transit,3,48.62997,,0.03,,,285.189985,46.027962,,,,,Kepler-127 d,1834,,2.668,3,0,21/05/15,
221,Kepler-129,b,Transit,2,15.791619,,0.01,,,285.311284,47.848595,,,,,Kepler-129 b,1840,,2.409,3,0,21/05/15,
222,Kepler-129,c,Transit,2,82.1908,,0.2,,,285.311284,47.848595,,,,,Kepler-129 c,1840,,2.522,3,0,21/05/15,
223,Kepler-130,b,Transit,3,8.45725,,0.15,,,288.450665,40.245305,,,,,Kepler-130 b,1862,,0.976,3,0,21/05/15,
224,Kepler-130,c,Transit,3,27.508686,,0.08,,,288.450665,40.245305,,,,,Kepler-130 c,1868,,2.811,3,0,21/05/15,
225,Kepler-130,c,Transit,3,27.50868,0.178,0,,89.34,288.450665,40.245305,5879,1,1.17,,Kepler-130 c,1872,,2.9,3,0,14/05/14,0.155
226,Kepler-130,d,Transit,3,87.5211,,0.8,,,288.450665,40.245305,,,,,Kepler-130 d,1898,,1.31,3,0,21/05/15,
227,Kepler-138,c,Transit,3,13.78164,,0.05,5,,290.381547,43.292973,3871,0.57,0.54,,Kepler-138 c,1900,3.83,1.61,3,0,14/05/14,
228,Kepler-138,d,Transit,3,23.08933,,0.024,1.31,,290.381547,43.292973,3871,0.57,0.54,,Kepler-138 d,1904,1.01,1.61,3,0,14/05/14,
229,Kepler-14,b,Transit,1,6.790123,,0.035,7.1,90,287.708814,47.33305,6395,1.512,2.05,,Kepler-14 b,1910,2669.66,12.733,3,0,14/05/14,0.799
230,Kepler-145,b,Transit,2,22.95102,,0.43,,,291.387762,44.529106,,,,,Kepler-145 b,1941,,2.56,3,0,21/05/15,
231,Kepler-145,c,Transit,2,42.88254,,0.11,,,291.387762,44.529106,,,,,Kepler-145 c,1951,,3.92,3,0,21/05/15,
232,Kepler-15,b,Transit,1,4.942782,0.05714,0.06,0.93,87.44,296.200595,49.140125,5515,1.018,0.99,,Kepler-15 b,1952,209.76,10.76,3,0,14/05/14,-0.087
233,Kepler-16,b,Transit,1,228.776,0.7048,0.0069,0.964,90.032,289.07571,51.757439,4450,0.6897,0.65,,Kepler-16 b,1956,105.833,8.449,3,0,14/05/14,
234,Kepler-167,b,Transit,4,4.3931632,0.0483,0,,89.33,292.658441,38.345413,4890,0.77,0.73,,Kepler-167 b,1956,,1.615,3,0,10/03/16,-0.57
235,Kepler-167,c,Transit,4,7.406114,0.0684,0,,89.3,292.658441,38.345413,4890,0.77,0.73,,Kepler-167 c,1958,,1.548,3,0,10/03/16,-0.57
236,Kepler-17,b,Transit,1,1.4857108,0.02591,0.011,1.35,87.2,298.395274,47.815006,,,,,Kepler-17 b,2000,778.65,14.68,3,0,14/05/14,
237,Kepler-18,b,Transit,3,3.504725,0.0447,0,4.9,84.92,298.079439,44.746321,5345,0.972,1.11,,Kepler-18 b,2000,6.9,2,3,0,14/05/14,-0.031
238,Kepler-18,c,Transit,3,7.64159,0.0752,0,0.59,87.68,298.079439,44.746321,5345,0.972,1.11,,Kepler-18 c,2035,17.3,5.49,3,0,14/05/14,-0.031
239,Kepler-18,d,Transit,3,14.85888,0.1172,0,0.27,88.07,298.079439,44.746321,5345,0.972,1.11,,Kepler-18 d,2048,16.4,6.98,3,0,14/05/14,-0.031
240,Kepler-186,f,Transit,5,129.9441,0.432,0.04,,89.96,298.652714,43.955017,3755,0.544,0.52,,Kepler-186 f,2049,,1.17,3,0,14/01/15,-1.26
241,Kepler-19,b,Transit,2,9.2869944,,0,10.4,89.94,290.420839,37.851786,5541,0.936,0.85,,Kepler-19 b,2050,20.3,2.209,3,0,14/05/14,
242,Kepler-197,b,Transit,4,5.599293,,0.02,,,295.226435,50.559006,,,,,Kepler-197 b,2056,,1.064,3,0,21/05/15,
243,Kepler-197,c,Transit,4,10.349711,,0.08,,,295.226435,50.559006,,,,,Kepler-197 c,2058,,1.208,3,0,21/05/15,
244,Kepler-197,d,Transit,4,15.67787,,0.03,,,295.226435,50.559006,,,,,Kepler-197 d,2075,,1.244,3,0,21/05/15,
245,Kepler-197,e,Transit,4,25.2097,,0.38,,,295.226435,50.559006,,,,,Kepler-197 e,2131,,0.983,3,0,21/05/15,
246,Kepler-20,b,Transit,5,3.6961219,0.04537,0.32,6.5,86.5,287.698004,42.338726,5455,0.912,0.94,,Kepler-20 b,2160,8.7,1.91,3,0,14/05/14,-0.149
247,Kepler-20,c,Transit,5,10.854092,0.093,0.4,2.91,88.39,287.698004,42.338726,5455,0.912,0.94,,Kepler-20 c,2160,16.1,3.07,3,0,14/05/14,-0.149
248,Kepler-20,d,Transit,5,77.61184,0.3453,0.6,4.07,89.57,287.698004,42.338726,5455,0.912,0.94,,Kepler-20 d,2169,20.1,2.75,3,0,14/05/14,-0.149
249,Kepler-20,e,Transit,5,6.098493,,0.28,,87.5,287.698004,42.338726,5466,0.912,0.94,,Kepler-20 e,2190,3.08,0.868,3,0,14/05/14,-0.069
250,Kepler-20,f,Transit,5,19.57706,,0.32,,88.68,287.698004,42.338726,5466,0.912,0.94,,Kepler-20 f,2190,14.3,1.03,3,0,14/05/14,-0.069
251,Kepler-21,b,Transit,1,2.785755,0.042507,0,12.9,82.58,287.361816,38.714016,6131,1.34,1.86,,Kepler-21 b,2200,10.4,1.635,3,0,14/05/14,
252,Kepler-22,b,Transit,1,289.8623,0.849,0,14.7,89.764,289.217484,47.884464,5518,0.97,0.98,,Kepler-22 b,2200,36,2.38,3,0,14/05/14,-0.102
253,Kepler-23,b,Transit,3,7.106995,,0.06,,,294.218924,49.479225,,,,,Kepler-23 b,2200,,1.694,3,0,21/05/15,
254,Kepler-23,c,Transit,3,10.742434,,0.02,,,294.218924,49.479225,,,,,Kepler-23 c,2210,,3.12,3,0,21/05/15,
255,Kepler-23,d,Transit,3,15.27429,,0.08,,,294.218924,49.479225,,,,,Kepler-23 d,2250,,2.235,3,0,21/05/15,
256,Kepler-25,b,Transit,3,6.2385369,,0.05,,,286.638393,39.487894,,,,,Kepler-25 b,2400,,2.702,3,0,21/05/15,
257,Kepler-25,c,Transit,3,12.7203678,,0.01,,,286.638393,39.487894,,,,,Kepler-25 c,2483,,5.154,3,0,21/05/15,
258,Kepler-278,b,Transit,2,30.15856,,0.04,,,290.107193,38.702235,,,,,Kepler-278 b,2550,,4.59,3,0,21/05/15,
259,Kepler-278,c,Transit,2,51.0851,,0.51,,,290.107193,38.702235,,,,,Kepler-278 c,2723,,3.31,3,0,21/05/15,
260,Kepler-296,b,Transit,5,10.864384,0.079,0.33,,,286.540008,49.437326,3740,0.498,0.48,,Kepler-296 b,2733,,1.61,3,0,03/09/15,
261,Kepler-296,c,Transit,5,5.8416366,0.0521,0.33,,,286.540008,49.437326,3740,0.498,0.48,,Kepler-296 c,,,2,3,0,03/09/15,
262,Kepler-296,d,Transit,5,19.850291,0.118,0.33,,,286.540008,49.437326,3740,0.498,0.48,,Kepler-296 d,,,2.09,3,0,03/09/15,
263,Kepler-296,e,Transit,5,34.14204,0.149,0.1,,89.89,286.540008,49.437326,3572,0.454,0.43,,Kepler-296 e,,,1.48,3,0,14/01/15,-1.569
264,Kepler-296,e,Transit,5,34.14211,0.169,0.33,,,286.540008,49.437326,3740,0.498,0.48,,Kepler-296 e,,,1.53,3,0,03/09/15,
265,Kepler-296,f,Transit,5,63.336,0.283,0.12,,89.95,286.540008,49.437326,3572,0.454,0.43,,Kepler-296 f,,,1.75,3,0,14/01/15,-1.569
266,Kepler-296,f,Transit,5,63.33627,0.255,0.33,,,286.540008,49.437326,3740,0.498,0.48,,Kepler-296 f,,,1.8,3,0,03/09/15,
267,Kepler-30,b,Transit,3,29.33434,0.18,0.042,1.02,90.179,285.283636,38.947281,5498,0.99,0.95,,Kepler-30 b,,11.3,3.9,3,0,14/05/14,
268,Kepler-30,c,Transit,3,60.323105,0.3,0.0111,1.88,90.323,285.283636,38.947281,5498,0.99,0.95,,Kepler-30 c,,640,12.3,3,0,14/05/14,
269,Kepler-30,d,Transit,3,143.34394,0.5,0.022,0.19,89.841,285.283636,38.947281,5498,0.99,0.95,,Kepler-30 d,,23.1,8.8,3,0,14/05/14,
270,Kepler-33,b,Transit,5,5.66793,0.0677,0,,86.39,289.077548,46.005222,5904,1.291,1.82,,Kepler-33 b,,,1.74,3,0,14/05/14,0.556
271,Kepler-33,c,Transit,5,13.17562,0.1189,0,,88.19,289.077548,46.005222,5904,1.291,1.82,,Kepler-33 c,,,3.2,3,0,14/05/14,0.556
272,Kepler-33,d,Transit,5,21.77596,0.1662,0,,88.71,289.077548,46.005222,5904,1.291,1.82,,Kepler-33 d,,,5.35,3,0,14/05/14,0.556
273,Kepler-33,e,Transit,5,31.7844,0.2138,0,,88.94,289.077548,46.005222,5904,1.291,1.82,,Kepler-33 e,,,4.02,3,0,14/05/14,0.556
274,Kepler-33,f,Transit,5,41.02902,0.2535,0,,89.17,289.077548,46.005222,5904,1.291,1.82,,Kepler-33 f,,,4.46,3,0,14/05/14,0.556
275,Kepler-338,b,Transit,4,13.72699,,0.04,,,282.978956,40.784347,,,,,Kepler-338 b,,,2.58,3,0,21/05/15,
276,Kepler-338,c,Transit,4,24.31168,,0.03,,,282.978956,40.784347,,,,,Kepler-338 c,,,2.48,3,0,21/05/15,
277,Kepler-338,d,Transit,4,44.4287,,0.03,,,282.978956,40.784347,,,,,Kepler-338 d,,,2.66,3,0,21/05/15,
278,Kepler-338,e,Transit Timing Variations,4,9.34149,,0.05,,,282.978956,40.784347,,,,,Kepler-338 e,,,1.587,3,0,21/05/15,
279,Kepler-34,b,Transit,1,288.822,1.0896,0.182,0.613,90.355,296.435821,44.64156,5913,1.0479,1.16,,Kepler-34 b,,69.92,8.564,3,0,14/05/14,0.173
280,Kepler-35,b,Transit,1,131.458,0.60347,0.042,0.41,90.76,294.496978,46.689762,5606,0.8877,1.03,,Kepler-35 b,,40.363,8.16,3,0,14/05/14,-0.027
281,Kepler-36,b,Transit,2,13.83989,0.1153,0.039,7.46,90.01,291.250191,49.231827,5911,1.071,1.63,,Kepler-36 b,,4.45,1.486,3,0,14/05/14,0.462
282,Kepler-36,c,Transit,2,16.23855,0.1283,0.033,0.89,89.98,291.250191,49.231827,5911,1.071,1.63,,Kepler-36 c,,8.08,3.679,3,0,14/05/14,0.462
283,Kepler-37,b,Transit,4,13.36805,,0.08,,,284.05966,44.518131,,,,,Kepler-37 b,,,0.354,3,0,21/05/15,
284,Kepler-37,c,Transit,4,21.302071,,0.09,,,284.05966,44.518131,,,,,Kepler-37 c,,,0.705,3,0,21/05/15,
285,Kepler-37,d,Transit,4,39.792232,,0.15,,,284.05966,44.518131,,,,,Kepler-37 d,,,1.922,3,0,21/05/15,
286,Kepler-38,b,Transit,1,105.599,0.4632,0.032,,89.442,286.830353,42.279205,5623,0.941,1.75,,Kepler-38 b,,122,4.3,3,0,14/05/14,
287,Kepler-39,b,Transit,1,21.0874,0.155,0.121,12.4,88.83,296.960265,46.034298,6260,1.1,1.39,,Kepler-39 b,,5720.7,13.68,3,0,14/05/14,
288,Kepler-39,b,Transit,1,21.08721,0.164,0.112,13,89.07,296.960265,46.034298,6350,1.29,1.4,,Kepler-39 b,,6388.1,13.9,3,0,29/01/15,
289,Kepler-4,b,Transit,1,3.21346,0.0456,0,1.91,89.76,285.615322,50.135754,5857,1.223,1.49,,Kepler-4 b,,24.472,4.002,3,0,14/05/14,0.354
290,Kepler-40,b,Transit,1,6.87349,0.08,0,1.68,89.7,296.81369,47.526608,6510,1.48,2.13,,Kepler-40 b,,699.2,13.11,3,0,14/05/14,
291,Kepler-41,b,Transit,1,1.8555582,0.03101,0,0.33,82.51,294.513229,45.981644,5750,1.15,1.29,,Kepler-41 b,,177.98,14.46,3,0,29/01/15,
292,Kepler-41,b,Transit,1,1.855558,0.03,0,1.1,88.3,294.513229,45.981644,5620,1.12,1.02,,Kepler-41 b,,174.8,9.98,3,0,14/05/14,
293,Kepler-410 A,b,Transit,1,17.833648,0.1226,0.17,,87.72,283.150698,45.139832,6273,1.214,1.35,,Kepler-410 A b,,,2.838,3,0,14/05/14,0.435
294,Kepler-411,b,Transit,1,3.00516,0.038,0,,88.27,287.605582,49.523262,4974,0.83,0.79,,Kepler-411 b,,,1.88,3,0,14/05/14,-0.509
295,Kepler-412,b,Transit,1,1.72086123,0.02959,0.0038,0.501,80.89,286.110327,43.680958,5750,1.167,1.29,,Kepler-412 b,,298.43,14.852,3,0,14/05/14,
296,Kepler-413,b,Transit,1,66.262,0.3553,0.1181,3.2,89.929,288.51062,51.162472,4700,0.82,0.78,,Kepler-413 b,,67,4.347,3,0,14/05/14,
297,Kepler-418,b,Transit,1,86.67856,,0.2,,89.952,294.433512,38.35545,5820,0.98,1.09,,Kepler-418 b,,349.6,13.45,3,0,28/05/14,
298,Kepler-419,b,Transit,2,69.7546,0.37,0.833,,88.95,295.417899,51.184765,6430,1.39,1.74,,Kepler-419 b,,794.5,10.8,3,0,25/06/14,
299,Kepler-420,b,Transit,1,86.647661,0.382,0.772,2.1,89.66,291.22518,44.927383,5520,0.99,1.13,,Kepler-420 b,,460.83,10.54,3,0,25/06/14,
300,Kepler-421,b,Transit,1,704.1984,1.219,0.041,,89.965,283.256822,45.087776,5308,0.794,0.76,,Kepler-421 b,,,4.16,3,0,23/07/14,-0.398
301,Kepler-423,b,Transit,1,2.6843285,0.03585,0.019,0.459,87.828,292.855742,46.391178,5560,0.85,0.95,,Kepler-423 b,,189.101,13.361,3,0,22/01/15,
302,Kepler-425,b,Transit,1,3.79701816,0.0464,0.33,0.27,87.02,290.358009,40.567738,5170,0.93,0.86,,Kepler-425 b,,79.45,10.962,3,0,03/10/14,-0.323
303,Kepler-426,b,Transit,1,3.21751883,0.0414,0.18,0.26,85.74,289.434628,49.4734,5725,0.91,0.92,,Kepler-426 b,,108.06,12.22,3,0,03/10/14,-0.089
304,Kepler-427,b,Transit,1,10.290994,0.091,0.57,0.16,89.5,288.25458,43.704868,5800,0.96,1.35,,Kepler-427 b,,92.17,13.79,3,0,03/10/14,0.29
305,Kepler-428,b,Transit,1,3.52563254,0.0433,0.22,1.02,89.36,290.581722,40.5774,5150,0.87,0.8,,Kepler-428 b,,403.63,12.11,3,0,03/10/14,-0.39
306,Kepler-43,b,Transit,1,3.02409309,0.0444,0.017,2.49,84.57,285.240856,46.668255,6050,1.27,1.38,,Kepler-43 b,,994.77,13,3,0,29/01/15,
307,Kepler-43,b,Transit,1,3.024095,0.0449,0.025,2.33,84.35,285.240856,46.668255,6041,1.32,1.42,,Kepler-43 b,,1026.55,13.45,3,0,14/05/14,
308,Kepler-432,b,Transit,2,52.50097,0.3034,0.535,4.6,88.9,293.282206,48.2859,4850,1.353,4.16,,Kepler-432 b,,1547.77,12.554,3,0,03/12/14,
309,Kepler-432,b,Transit,2,52.501129,0.301,0.5134,4.46,88.17,293.282206,48.2859,4995,1.32,4.06,,Kepler-432 b,,1719.4603,12.834,3,0,30/04/15,
310,Kepler-433,b,Transit,1,5.33408384,0.0679,0.119,1.13,89.21,297.593651,40.977268,6360,1.46,2.26,,Kepler-433 b,,896.24,16.25,3,0,14/01/15,0.88
311,Kepler-434,b,Transit,1,12.8747099,0.1143,0.131,2.4,86.46,293.586381,42.928913,5977,1.198,1.38,,Kepler-434 b,,908.96,12.67,3,0,14/01/15,0.33
312,Kepler-435,b,Transit,1,8.6001536,0.0948,0.114,0.131,85.51,292.287328,43.197281,6161,1.538,3.21,,Kepler-435 b,,266.97,22.31,3,0,14/01/15,1.129
313,Kepler-436,b,Transit,1,64.00205,0.339,0.19,,89.93,301.720753,44.412063,4651,0.729,0.7,,Kepler-436 b,,,2.73,3,0,06/01/15,-0.701
314,Kepler-437,b,Transit,1,66.65062,0.288,0.02,,89.9,297.347393,44.026947,4551,0.707,0.68,,Kepler-437 b,,,2.14,3,0,06/01/15,-0.762
315,Kepler-438,b,Transit,1,35.23319,0.166,0.03,,89.86,281.645806,41.951092,3748,0.544,0.52,,Kepler-438 b,,,1.12,3,0,06/01/15,-1.357
316,Kepler-439,b,Transit,1,178.1396,0.563,0.03,,89.95,280.801566,44.033994,5431,0.884,0.87,,Kepler-439 b,,,2.24,3,0,06/01/15,-0.236
317,Kepler-44,b,Transit,1,3.24674,0.0455,0.021,0.65,83.78,300.102352,45.762142,5757,1.19,1.52,,Kepler-44 b,,324.17,13.9,3,0,14/05/14,
318,Kepler-44,b,Transit,1,3.2467293,0.0446,0.066,0.93,84.96,300.102352,45.762142,5800,1.12,1.35,,Kepler-44 b,,317.82,12.22,3,0,29/01/15,
319,Kepler-440,b,Transit,1,101.11141,0.242,0.34,,89.93,285.349952,41.452206,4134,0.575,0.56,,Kepler-440 b,,,1.86,3,0,06/01/15,-1.102
320,Kepler-441,b,Transit,1,207.2482,0.64,0.1,,89.97,284.566904,49.012546,4340,0.572,0.55,,Kepler-441 b,,,1.64,3,0,06/01/15,-1.051
321,Kepler-442,b,Transit,1,112.3053,0.409,0.04,,89.94,285.366589,39.280081,4402,0.609,0.6,,Kepler-442 b,,,1.34,3,0,06/01/15,-0.932
322,Kepler-443,b,Transit,1,177.6693,0.495,0.11,,89.94,288.610544,49.968632,4723,0.738,0.71,,Kepler-443 b,,,2.33,3,0,06/01/15,-0.664
323,Kepler-444,b,Transit,5,3.6001053,0.04178,0.16,,88,289.752289,41.634605,5046,0.758,0.75,,Kepler-444 b,,,0.403,3,0,29/01/15,
324,Kepler-444,c,Transit,5,4.5458841,0.04881,0.31,,88.2,289.752289,41.634605,5046,0.758,0.75,,Kepler-444 c,,,0.497,3,0,29/01/15,
325,Kepler-444,d,Transit,5,6.189392,0.06,0.18,,88.16,289.752289,41.634605,5046,0.758,0.75,,Kepler-444 d,,,0.53,3,0,29/01/15,
326,Kepler-444,e,Transit,5,7.743493,0.0696,0.1,,89.13,289.752289,41.634605,5046,0.758,0.75,,Kepler-444 e,,,0.546,3,0,29/01/15,
327,Kepler-444,f,Transit,5,9.740486,0.0811,0.29,,87.96,289.752289,41.634605,5046,0.758,0.75,,Kepler-444 f,,,0.741,3,0,29/01/15,
328,Kepler-445,b,Transit,3,2.984151,,0,,89.74,298.736067,46.498552,3157,0.18,0.21,,Kepler-445 b,,,1.58,3,0,14/01/15,
329,Kepler-445,c,Transit,3,4.871229,,0,,89.91,298.736067,46.498552,3157,0.18,0.21,,Kepler-445 c,,,2.51,3,0,14/01/15,
330,Kepler-445,d,Transit,3,8.15275,,0,,89.61,298.736067,46.498552,3157,0.18,0.21,,Kepler-445 d,,,1.25,3,0,14/01/15,
331,Kepler-446,b,Transit,3,1.565409,,0,,87.42,282.250207,44.921102,3359,0.22,0.24,,Kepler-446 b,,,1.5,3,0,14/01/15,
332,Kepler-446,c,Transit,3,3.036179,,0,,88.97,282.250207,44.921102,3359,0.22,0.24,,Kepler-446 c,,,1.11,3,0,14/01/15,
333,Kepler-446,d,Transit,3,5.148921,,0,,88.72,282.250207,44.921102,3359,0.22,0.24,,Kepler-446 d,,,1.35,3,0,14/01/15,
334,Kepler-447,b,Transit,1,7.79430132,0.0769,0.123,0.4,86.55,285.268586,48.560013,5493,1,1.05,,Kepler-447 b,,435.41,18.49,3,0,19/02/15,
335,Kepler-449,b,Transit,2,12.58242,,0.03,,,293.732821,41.900829,,,,,Kepler-449 b,,,2.056,3,0,21/05/15,
336,Kepler-449,c,Transit,2,33.6727,,0.05,,,293.732821,41.900829,,,,,Kepler-449 c,,,2.764,3,0,21/05/15,
337,Kepler-45,b,Transit,1,2.455239,0.03,0.11,0.8,87,292.8729,41.064261,3820,0.59,0.55,,Kepler-45 b,,160.497,10.76,3,0,14/05/14,
338,Kepler-450,b,Transit,3,28.454851,,0.02,,,295.486509,51.0135,,,,,Kepler-450 b,,,6.14,3,0,21/05/15,
339,Kepler-450,c,Transit,3,15.413135,,0.02,,,295.486509,51.0135,,,,,Kepler-450 c,,,2.62,3,0,21/05/15,
340,Kepler-450,d,Transit,3,7.51464,,0.14,,,295.486509,51.0135,,,,,Kepler-450 d,,,0.837,3,0,21/05/15,
341,Kepler-453,b,Transit,1,240.503,0.7903,0.0359,,89.443,283.241297,46.378471,5527,0.944,0.83,,Kepler-453 b,,0.2,6.204,3,0,09/07/15,
342,Kepler-454,b,Transit,2,10.57375339,0.0954,0,2.76,87.09,287.478529,38.228866,5701,1.028,1.07,,Kepler-454 b,,6.84,2.37,3,0,03/12/15,
343,Kepler-46,b,Transit,3,33.60134,0.1968,0.01,14,89.038,289.268744,42.604176,5155,0.902,0.94,,Kepler-46 b,,1907,9.057,3,0,14/05/14,-0.255
344,Kepler-47,b,Transit,2,49.532,0.2962,0.035,,89.7,295.297916,46.920467,5636,1.049,0.96,,Kepler-47 b,,636,3.03,3,0,14/05/14,-0.076
345,Kepler-47,c,Transit,2,303.137,0.991,0.411,,89.825,295.297916,46.920467,5636,1.049,0.96,,Kepler-47 c,,8899,4.62,3,0,14/05/14,-0.076
346,Kepler-5,b,Transit,1,3.54846,0.05064,0.024,0.894,86.3,299.407009,44.035046,6297,1.374,1.79,,Kepler-5 b,,671.864,16.04,3,0,14/05/14,0.669
347,Kepler-51,b,Transit,3,45.154,0.2514,0.04,0.03,,296.479776,49.937683,6018,1.04,0.94,,Kepler-51 b,,2.1,7.1,3,0,14/05/14,
348,Kepler-51,c,Transit,3,85.312,0.384,0.014,0.03,,296.479776,49.937683,6018,1.04,0.94,,Kepler-51 c,,4,9,3,0,14/05/14,
349,Kepler-51,d,Transit,3,130.194,0.509,0.008,0.046,,296.479776,49.937683,6018,1.04,0.94,,Kepler-51 d,,7.6,9.7,3,0,14/05/14,
350,Kepler-6,b,Transit,1,3.234723,0.04567,0,0.352,86.8,296.837254,48.239964,5647,1.209,1.39,,Kepler-6 b,,212.619,14.83,3,0,14/05/14,0.299
351,Kepler-61,b,Transit,1,59.87756,,0.25,,89.8,295.304508,42.47529,4017,0.635,0.62,,Kepler-61 b,,,2.15,3,0,14/05/14,
352,Kepler-63,b,Transit,1,9.4341505,0.08,0.45,3,87.806,289.226179,49.548203,5576,0.984,0.9,,Kepler-63 b,,120,6.11,3,0,14/05/14,-0.157
353,Kepler-65,b,Transit,3,2.1549156,,0.02,,,288.6887,41.151173,,,,,Kepler-65 b,,,1.409,3,0,21/05/15,
354,Kepler-65,c,Transit,3,5.8599408,,0.08,,,288.6887,41.151173,,,,,Kepler-65 c,,,2.571,3,0,21/05/15,
355,Kepler-65,d,Transit,3,8.131231,,0.1,,,288.6887,41.151173,,,,,Kepler-65 d,,,1.506,3,0,21/05/15,
356,Kepler-68,b,Transit,3,5.3987533,,0.02,,,291.032305,49.040272,,,,,Kepler-68 b,,,2.354,3,0,21/05/15,
357,Kepler-68,b,Transit,3,5.398763,0.0617,0,3.32,87.6,291.032305,49.040272,5793,1.079,1.24,,Kepler-68 b,,8.3,2.31,3,0,14/05/14,0.194
358,Kepler-68,c,Transit,3,9.604979,,0.42,,,291.032305,49.040272,,,,,Kepler-68 c,,,0.927,3,0,21/05/15,
359,Kepler-68,c,Transit,3,9.605085,0.09059,0,28,86.93,291.032305,49.040272,5793,1.079,1.24,,Kepler-68 c,,4.8,0.953,3,0,14/05/14,0.194
360,Kepler-69,b,Transit,2,13.722341,0.094,0.16,,89.62,293.260938,44.868896,5638,0.81,0.93,,Kepler-69 b,,,2.24,3,0,14/05/14,-0.097
361,Kepler-69,c,Transit,2,242.4613,0.64,0.14,,89.85,293.260938,44.868896,5638,0.81,0.93,,Kepler-69 c,,,1.71,3,0,14/05/14,-0.097
362,Kepler-7,b,Transit,1,4.885525,0.06224,0,0.166,86.5,288.581516,41.0898,5933,1.347,1.84,,Kepler-7 b,,137.615,16.567,3,0,14/05/14,0.618
363,Kepler-74,b,Transit,1,7.340718,0.084,0.287,0.37,85.55,293.092525,41.355523,6050,1.4,1.51,,Kepler-74 b,,216.12,14.8,3,0,14/05/14,
364,Kepler-74,b,Transit,1,7.340711,0.0781,0,0.88,87.46,293.092525,41.355523,6000,1.18,1.12,,Kepler-74 b,,200.22,10.76,3,0,29/01/15,
365,Kepler-75,b,Transit,1,8.884924,0.08,0.569,11,89.1,291.137593,36.577386,5330,0.88,0.88,,Kepler-75 b,,3146.4,11.55,3,0,14/05/14,
366,Kepler-75,b,Transit,1,8.8849116,0.0818,0.57,11,89.12,291.137593,36.577386,5200,0.91,0.89,,Kepler-75 b,,3209.9,11.77,3,0,29/01/15,
367,Kepler-76,b,Orbital Brightness Modulation,1,1.54492875,,0,,78,294.192118,39.619003,6409,1.2,1.32,,Kepler-76 b,,635.63,14.01,3,0,14/05/14,
368,Kepler-77,b,Transit,1,3.57878087,0.04501,0,0.603,88,289.607956,44.345425,5520,0.95,0.99,,Kepler-77 b,,136.661,10.761,3,0,14/05/14,
369,Kepler-78,b,Transit,1,0.355,,0,5.57,79,293.74169,44.44833,5058,0.758,0.74,,Kepler-78 b,,1.86,1.173,3,0,14/05/14,
370,Kepler-79,b,Transit,4,13.4845,0.117,0.015,1.43,88.78,300.517131,44.38158,6174,1.165,1.3,,Kepler-79 b,,10.9,3.47,3,0,10/03/16,0.342
371,Kepler-79,c,Transit,4,27.4029,0.187,0.03,0.62,89.48,300.517131,44.38158,6174,1.165,1.3,,Kepler-79 c,,5.9,3.72,3,0,10/03/16,0.342
372,Kepler-79,d,Transit,4,52.0902,0.287,0.025,0.09,89.93,300.517131,44.38158,6174,1.165,1.3,,Kepler-79 d,,6,7.16,3,0,10/03/16,0.342
373,Kepler-79,e,Transit,4,81.0659,0.386,0.012,0.53,89.13,300.517131,44.38158,6174,1.165,1.3,,Kepler-79 e,,4.1,3.49,3,0,10/03/16,0.342
374,Kepler-8,b,Transit,1,3.52254,0.0483,0,0.261,84.07,281.288118,42.45108,6213,1.213,1.49,,Kepler-8 b,,191.643,15.906,3,0,14/05/14,0.605
375,Kepler-87,b,Transit,2,114.73635,0.481,0.036,0.729,89.274,297.916877,46.96513,5600,1.1,1.82,,Kepler-87 b,,324.2,13.49,3,0,14/05/14,
376,Kepler-87,c,Transit,2,191.2318,0.676,0.039,0.152,89.588,297.916877,46.96513,5600,1.1,1.82,,Kepler-87 c,,6.4,6.14,3,0,14/05/14,
377,Kepler-9,b,Transit,3,19.24,0.14,0.15,0.524,,285.573981,38.400892,,,,,Kepler-9 b,,80.09,9.438,3,0,14/05/14,
378,Kepler-9,c,Transit,3,38.91,0.225,0.13,0.383,,285.573981,38.400892,,,,,Kepler-9 c,,54.347,9.225,3,0,14/05/14,
379,Kepler-91,b,Transit,1,6.24668005,,0.0519,,67.37,285.672872,44.116734,,,,,Kepler-91 b,,209.76,15.69,3,0,05/02/15,
380,Kepler-91,b,Transit,1,6.246696,,0.018,0.43,69.17,285.672872,44.116734,,,,,Kepler-91 b,,241.54,14.572,3,0,19/02/15,
381,Kepler-91,b,Transit,1,6.24658,0.072,0.066,0.44,68.5,285.672872,44.116734,4550,1.31,6.3,,Kepler-91 b,,279.68,15.513,3,0,14/05/14,1.225
382,Kepler-92,b,Transit,3,13.748933,,0.17,,,289.086058,41.562941,,,,,Kepler-92 b,,,3.65,3,0,21/05/15,
383,Kepler-92,c,Transit,3,26.72311,,0.04,,,289.086058,41.562941,,,,,Kepler-92 c,,,2.455,3,0,21/05/15,
384,Kepler-92,d,Transit,3,49.3568,,0.07,,,289.086058,41.562941,,,,,Kepler-92 d,,,2.067,3,0,21/05/15,
385,Kepler-93,b,Transit,2,4.72673978,0.053,0,6.88,89.183,291.418281,38.672354,,,,,Kepler-93 b,,4.02,1.478,3,0,16/04/15,
386,Lupus-TR-3,b,Transit,1,3.91405,0.0464,0,1.4,88.3,232.577571,-42.979908,5000,0.87,0.82,,Lupus-TR-3 b,,257.431,9.976,3,0,14/05/14,
387,OGLE-TR-056,b,Transit,1,1.2119189,,0,,82,269.147958,-29.539222,5970,1.1,1.12,,OGLE-TR-056 b,,375.0394,13.967,3,0,25/02/16,
388,OGLE-TR-056,b,Transit,1,1.21191096,0.01942,0,,73.72,269.147958,-29.539222,,1.228,1.36,,OGLE-TR-056 b,,441.765,15.446,3,0,16/05/14,
389,OGLE-TR-056,b,Transit,1,1.2119,0.0225,0,0.5,86,269.147958,-29.539222,5900,1.04,1.1,,OGLE-TR-056 b,,286.047,14.572,3,0,25/02/16,
390,OGLE-TR-10,b,Transit,1,3.1014,,0,,88.5,267.867708,-29.876361,6220,1.22,1.21,,OGLE-TR-10 b,,209.7678,17.023,3,0,25/02/16,
391,OGLE-TR-10,b,Transit,1,3.101386,0.04162,0,0.38,89.2,267.867708,-29.876361,5750,1,1,,OGLE-TR-10 b,,181.1631,13.899,3,0,04/02/16,
392,OGLE-TR-111,b,Transit,1,4.0161,0.047,0,0.61,88.25,163.324625,-61.405639,5070,0.82,0.85,,OGLE-TR-111 b,,168.4499,11.209,3,0,11/02/16,
393,OGLE-TR-113,b,Transit,1,1.4324758,0.02299,0,1,88.4,163.101667,-61.446806,4800,0.79,0.78,,OGLE-TR-113 b,,343.2564,12.218,3,0,25/02/16,
394,OGLE-TR-113,b,Transit,1,1.4324757,0.0229,0,1.3,89.4,163.101667,-61.446806,4750,0.78,0.77,,OGLE-TR-113 b,,419.5356,12.218,3,0,25/02/16,
395,OGLE-TR-182,b,Transit,1,3.9791,0.051,0,,85.7,167.327963,-61.095257,5924,1.14,1.14,,OGLE-TR-182 b,,320.995,12.666,3,0,14/05/14,
396,OGLE-TR-211,b,Transit,1,3.67724,0.051,0,,87.2,160.059951,-62.455601,6325,1.33,1.64,,OGLE-TR-211 b,,327.351,15.244,3,0,14/05/14,
397,PH1,b,Transit,1,138.317,0.652,0.0702,,90.05,298.215108,39.955104,6407,1.528,1.73,,PH1 b,,169,6.18,3,0,14/05/14,
398,PH2,b,Transit,1,282.5255,0.828,0.41,,89.83,289.76359,51.962601,5629,0.94,1,,PH2 b,,,10.12,3,0,14/05/14,-0.102
399,Qatar-1,b,Transit,1,1.420033,0.02343,0,0.918,83.47,303.381672,65.162041,4861,0.85,0.82,,Qatar-1 b,,346.42,13.047,3,0,14/05/14,
400,Qatar-2,b,Transit,1,1.3371182,0.02149,0,2.208,88.3,207.655866,-6.804028,4645,0.74,0.71,,Qatar-2 b,,790.41,12.823,3,0,05/11/14,
401,Qatar-2,b,Transit,1,1.33711647,0.02153,0,1.573,86.12,207.655866,-6.804028,4645,0.743,0.78,,Qatar-2 b,,792.635,14.056,3,0,05/11/14,
402,TrES-2,b,Transit,1,2.47063,0.03556,0,0.77,83.62,286.808473,49.316402,,,,,TrES-2 b,,381.1,14.258,3,0,14/05/14,
403,TrES-2,b,Transit,1,2.47061344,,0,,84.15,286.808473,49.316402,,0.98,0.94,,TrES-2 b,,380.744,13.103,3,0,26/02/15,
404,TrES-2,b,Transit,1,2.4706132,0.0367,0.0002,2.42,83.865,286.808473,49.316402,,,,,TrES-2 b,,457.6752,13.955,3,0,31/03/16,
405,TrES-3,b,Transit,1,1.30618608,,0,,81.99,268.029265,37.546154,,0.928,0.82,,TrES-3 b,,607.03,14.796,3,0,26/02/15,
406,TrES-3,b,Transit,1,1.30618581,0.02282,0,0.994,81.85,268.029265,37.546154,5650,0.928,0.83,,TrES-3 b,,607.03,14.975,3,0,14/05/14,-0.204
407,TrES-4,b,Transit,1,3.5539246,0.05084,0,0.23,82.81,268.304354,37.211849,,,,,TrES-4 b,,291.45011,19.123,3,0,31/03/16,
408,TrES-4,b,Transit,1,3.553945,0.05091,0,0.209,82.86,268.304354,37.211849,,,,,TrES-4 b,,292.073,20.165,3,0,14/05/14,
409,TrES-5,b,Transit,1,1.4822446,0.02446,0,1.25,84.529,305.221841,59.448788,5171,0.893,0.87,,TrES-5 b,,565.078,13.552,3,0,14/05/14,
410,WASP-1,b,Transit,1,2.51994529,0.03889,0,0.34609,88.65,5.166978,31.98999,,,,,WASP-1 b,,268.88418,16.242,3,0,31/03/16,
411,WASP-1,b,Transit,1,2.51995,0.0382,0,,,5.166978,31.98999,6200,1.15,1.24,,WASP-1 b,,282.8687,21.633,3,0,10/03/16,
412,WASP-1,b,Transit,1,2.5199449,,0,,88.65,5.166978,31.98999,6110,,,,WASP-1 b,,292,16.97,3,0,16/05/14,
413,WASP-1,b,Transit,1,2.5199454,0.03889,0,0.348,90,5.166978,31.98999,,1.24,1.47,,WASP-1 b,,271.415,16.623,3,0,14/05/14,0.441
414,WASP-10,b,Transit,1,3.1,0.038,0,3.1,,348.992912,31.462852,4700,,,,WASP-10 b,,1017,12.3,3,0,12/02/15,
415,WASP-100,b,Transit,1,2.849375,0.0457,0,0.53,82.6,68.959728,-64.027039,6900,1.57,,,WASP-100 b,,645.17,18.94,3,0,14/05/14,
416,WASP-101,b,Transit,1,3.585722,0.0506,0,0.24,85,98.351102,-23.48621,6400,1.34,1.29,,WASP-101 b,,158.91,15.8,3,0,14/05/14,
417,WASP-104,b,Transit,1,1.7554137,0.02918,0,1.074,83.63,160.602432,7.435026,5475,1.076,0.96,,WASP-104 b,,404.263,12.745,3,0,25/09/14,
418,WASP-106,b,Transit,1,9.289715,0.0917,0,1.86,89.49,166.429747,-5.079412,6055,1.192,1.39,,WASP-106 b,,611.797,12.162,3,0,25/09/14,
419,WASP-11,b,Transit,1,3.7224747,0.0435,0,0.594,88.6,47.368964,30.673594,4980,0.83,0.79,,WASP-11 b,,154.777,11.265,3,0,14/05/14,-0.469
420,WASP-117,b,Transit,1,10.02165,0.09459,0.302,0.3445,89.14,36.775432,-50.284519,6038,1.129,1.17,,WASP-117 b,,87.5585,11.444,3,0,27/08/14,
421,WASP-12,b,Transit,1,1.09142119,0.0235,0.0447,0.434,82.96,97.63664,29.672291,,,,,WASP-12 b,,638.8383,20.849,3,0,31/03/16,
422,WASP-12,b,Transit,1,1.091423,0.0229,0.049,0.24,83.1,97.63664,29.672291,6300,1.35,1.57,,WASP-12 b,,448,20.1,3,0,14/05/14,
423,WASP-13,b,Transit,1,4.353011,0.05362,0,0.222,85.19,140.102976,33.882439,,1.09,1.56,,WASP-13 b,,151.599,15.569,3,0,14/05/14,
424,WASP-135,b,Transit,1,1.4013794,0.0243,0,1.16,82,267.284974,29.879107,5675,0.98,0.96,,WASP-135 b,,603.877,14.572,3,0,03/12/15,
425,WASP-14,b,Transit,1,2.24376524,0.0371,0.083,5.29,84.63,218.276477,21.894714,6500,,,,WASP-14 b,,2466.3608,13.686,3,0,29/10/15,
426,WASP-14,b,Transit,1,2.2437655,0.037,0.087,4.96,85.3,218.276477,21.894714,6475,1.3,1.32,,WASP-14 b,,2412.3297,13.899,3,0,03/09/15,
427,WASP-14,b,Transit,1,2.243752,0.036,0.091,4.656,84.32,218.276477,21.894714,6475,1.211,1.31,,WASP-14 b,,2333,14.36,3,0,14/05/14,
428,WASP-15,b,Transit,1,3.7521,0.0499,0.087,,85.96,208.927939,-32.159607,6300,1.18,1.44,,WASP-15 b,,175.12433,15.457,3,0,28/01/16,
429,WASP-15,b,Transit,1,3.7520656,0.0499,0,0.247,85.5,208.927939,-32.159607,6300,1.18,1.48,,WASP-15 b,,172,16.01,3,0,14/05/14,0.49
430,WASP-16,b,Transit,1,3.1186009,0.0421,0,1.104,85.22,214.683032,-20.275484,5700,1.022,0.95,,WASP-16 b,,272,11.3,3,0,14/05/14,
431,WASP-17,b,Transit,1,3.735433,0.05,0.11,,86.63,239.962306,-28.061733,6650,1.2,1.58,,WASP-17 b,,143.97699,22.261,3,0,28/01/16,
432,WASP-17,b,Transit,1,3.7354417,0.051,0.129,0.122,87.8,239.962306,-28.061733,6550,1.2,1.38,,WASP-17 b,,156,19.5,3,0,14/05/14,
433,WASP-18,b,Transit,1,0.9,0.02,0,10.3,,24.354311,-45.677887,6400,,,,WASP-18 b,,3241.7,14.6,3,0,12/02/15,
434,WASP-18,b,Transit,1,0.9414529,0.0202,0.00848,,80.6,24.354311,-45.677887,6400,1.24,1.36,,WASP-18 b,,3213.2613,14.202,3,0,28/01/16,
435,WASP-18,b,Transit,1,0.94145299,0.02026,0.0092,8.78,86,24.354311,-45.677887,6400,,,,WASP-18 b,,3314.83,13.059,3,0,14/05/14,
436,WASP-19,b,Transit,1,0.788839,0.01653,0.0077,0.59451,79.54,148.417002,-45.659191,,0.968,0.99,,WASP-19 b,,370.27195,15.424,3,0,22/10/15,
437,WASP-19,b,Transit,1,0.78884,0.01655,0.0046,0.583,79.4,148.417002,-45.659191,,0.97,0.99,,WASP-19 b,,371.21,15.536,3,0,14/05/14,
438,WASP-2,b,Transit,1,2.1522254,0.0307,0.07,,84.73,307.725542,6.429536,5150,0.84,0.82,,WASP-2 b,,275.24078,12.072,3,0,28/01/16,
439,WASP-20,b,Transit,1,4.8996284,0.06,0,0.132,85.56,5.160559,-23.935728,5940,1.2,1.39,,WASP-20 b,,98.841,16.388,3,0,05/03/15,
440,WASP-21,b,Transit,1,4.322482,0.052,0,0.32,88.75,347.492721,18.396086,,,,,WASP-21 b,,95.345,11.99,3,0,14/05/14,
441,WASP-22,b,Transit,1,3.5327313,0.04698,0,0.503,88.26,52.818043,-23.819702,5958,1.109,1.22,,WASP-22 b,,186.876,12.98,3,0,14/05/14,
442,WASP-23,b,Transit,1,2.9444256,0.0376,0.062,,88.39,101.127587,-42.761826,5150,0.78,0.77,,WASP-23 b,,280.95,10.783,3,0,14/05/14,
443,WASP-24,b,Transit,1,2.34121242,0.03651,0,0.648,83.64,227.215586,2.343304,6075,1.184,1.33,,WASP-24 b,,340.382,14.571,3,0,14/05/14,
444,WASP-25,b,Transit,1,3.764825,0.0473,0,0.422,88,195.359879,-27.5222,5703,1,0.92,,WASP-25 b,,184.334,13.675,3,0,14/05/14,
445,WASP-26,b,Transit,1,2.7566004,0.03985,0,0.649,82.91,4.602897,-15.267305,5939,1.111,1.3,,WASP-26 b,,326.715,14.359,3,0,14/05/14,
446,WASP-28,b,Transit,1,3.40883,0.04469,0,0.676,88.61,353.616152,-1.580064,6150,1.021,1.09,,WASP-28 b,,288.26,13.597,3,0,05/03/15,
447,WASP-29,b,Transit,1,3.922727,0.0457,0.03,0.65,88.8,357.879538,-39.906719,4800,0.825,0.81,,WASP-29 b,,77.547,8.878,3,0,14/05/14,
448,WASP-3,b,Transit,1,1.8468373,,0,,84.15,278.631793,35.661533,,1.24,1.35,,WASP-3 b,,559.36,15.524,3,0,26/02/15,
449,WASP-3,b,Transit,1,1.846835,0.03151,0,1.037,84.93,278.631793,35.661533,,,,,WASP-3 b,,559.357,14.5,3,0,14/05/14,
450,WASP-31,b,Transit,1,3.4059096,0.04659,0,0.172,84.41,169.439021,-19.054773,6302,1.163,1.25,,WASP-31 b,,151.916,17.363,3,0,14/05/14,
451,WASP-32,b,Transit,1,2.718659,0.0394,0.018,2.926,85.3,3.961682,1.200451,6100,1.1,1.11,,WASP-32 b,,1144.14,13.227,3,0,14/05/14,
452,WASP-33,b,Transit,1,1.21987016,0.0259,0,0.86,86.2,36.712746,37.550484,,,,,WASP-33 b,,1042.4824,18.82,3,0,31/03/16,
453,WASP-34,b,Transit,1,4.3176782,0.0524,0.038,0.45,85.2,165.399561,-23.860636,5700,1.01,0.93,,WASP-34 b,,187.51,13.675,3,0,14/05/14,
454,WASP-35,b,Transit,1,3.161575,0.04317,0,0.426,87.96,76.081782,-6.229821,5990,1.07,1.09,,WASP-35 b,,228.828,14.796,3,0,14/05/14,
455,WASP-36,b,Transit,1,1.53736423,0.02643,0,1.353,83.61,131.580405,-8.026946,,,,,WASP-36 b,,726.55938,14.359,3,0,31/03/16,
456,WASP-36,b,Transit,1,1.5373653,0.02643,0,1.458,83.61,131.580405,-8.026946,5959,1.04,0.95,,WASP-36 b,,731.932,14.359,3,0,14/05/14,
457,WASP-37,b,Transit,1,3.577469,0.0446,0,1.53,88.82,221.943987,1.064966,5800,0.925,1,,WASP-37 b,,572.07,13.002,3,0,14/05/14,-0.021
458,WASP-38,b,Transit,1,6.9,0.076,0,2.1,,243.959845,10.032566,6200,,,,WASP-38 b,,858.1,12.3,3,0,12/02/15,
459,WASP-38,b,Transit,1,6.871815,0.07522,0.0314,2.74,88.69,243.959845,10.032566,6150,1.203,1.33,,WASP-38 b,,855.245,12.263,3,0,14/05/14,
460,WASP-39,b,Transit,1,4.055259,0.0486,0,0.186,87.83,217.326702,-3.444534,5400,0.93,0.9,,WASP-39 b,,88.989,14.235,3,0,14/05/14,
461,WASP-4,b,Transit,1,1.33823187,0.02312,0,0.774,88.8,353.562841,-42.061428,,,,,WASP-4 b,,393.139,15.838,3,0,14/05/14,
462,WASP-4,b,Transit,1,1.3382299,0.0232,0.0182,,89.47,353.562841,-42.061428,5500,0.93,0.9,,WASP-4 b,,397.2875,15.031,3,0,28/01/16,
463,WASP-4,b,Transit,1,1.33823251,,0,,86.85,353.562841,-42.061428,5436,0.89,0.92,,WASP-4 b,,386.48128,14.908,3,0,27/08/15,
464,WASP-41,b,Transit,2,3.052401,0.0402,0,0.665,87.7,190.618736,-30.63987,5450,0.93,0.9,,WASP-41 b,,292.391,13.451,3,0,14/05/14,
465,WASP-41,b,Transit,2,3.052404,0.04,0.026,0.74,89.4,190.618736,-30.63987,5545,0.93,0.87,,WASP-41 b,,298.7602,13.227,3,0,15/10/15,
466,WASP-42,b,Transit,1,4.9816872,0.0548,0.06,0.528,88.25,192.981545,-42.073608,5200,0.884,0.86,,WASP-42 b,,158.908,12.106,3,0,14/05/14,
467,WASP-43,b,Transit,1,0.8,0.014,0,2.9,,154.908372,-9.806276,4400,,,,WASP-43 b,,572.1,10.42,3,0,12/02/15,
468,WASP-43,b,Transit,1,0.813475,0.0142,0,2.939,82.6,154.908372,-9.806276,4400,0.58,0.6,,WASP-43 b,,565.714,10.424,3,0,14/05/14,
469,WASP-44,b,Transit,1,2.423812,0.03443,0,1.14,86.59,3.903165,-11.938115,,,,,WASP-44 b,,275.55861,10.985,3,0,31/03/16,
470,WASP-44,b,Transit,1,2.4238039,0.03473,0,0.811,86.02,3.903165,-11.938115,5410,0.951,0.93,,WASP-44 b,,282.539,12.778,3,0,14/05/14,
471,WASP-45,b,Transit,1,3.1260876,0.04054,0,0.851,84.47,5.237497,-35.99826,5140,0.909,0.94,,WASP-45 b,,320.041,13.002,3,0,14/05/14,
472,WASP-46,b,Transit,1,1.43037,0.02448,0,1.25,82.63,318.736981,-55.87178,5620,0.956,0.92,,WASP-46 b,,667.733,14.684,3,0,14/05/14,
473,WASP-47,b,Transit,4,4.1591399,0.052,0.11,0.984,89.2,331.203047,-12.018885,5350,1.084,1.15,,WASP-47 b,,362.311,12.89,3,0,14/05/14,
474,WASP-48,b,Transit,1,2.143634,0.03444,0,0.279,80.09,291.16233,55.47316,5920,1.19,1.75,,WASP-48 b,,311.46,18.719,3,0,14/05/14,
475,WASP-48,b,Transit,1,2.14363592,0.0344,0,0.263,80.09,291.16233,55.47316,,,,,WASP-48 b,,312.74472,18.719,3,0,31/03/16,
476,WASP-48,b,Transit,1,2.14363544,0.0332,0,0.415,81.99,291.16233,55.47316,6000,1.062,1.52,,WASP-48 b,,288,15.65,3,0,26/03/15,
477,WASP-49,b,Transit,1,2.7817387,0.0379,0,0.363,84.89,91.089427,-16.965294,5600,0.938,0.98,,WASP-49 b,,120.135,12.498,3,0,14/05/14,
478,WASP-5,b,Transit,1,1.62843142,0.02702,0,1.22,85.58,359.348991,-41.277149,,1,1.08,,WASP-5 b,,498.336,13.081,3,0,29/10/14,
479,WASP-5,b,Transit,1,1.6284296,0.02683,0,1.62,85,359.348991,-41.277149,5880,0.972,1.03,,WASP-5 b,,502.15,12.218,3,0,29/10/14,
480,WASP-5,b,Transit,1,1.6284229,0.02709,0.0351,,86.1,359.348991,-41.277149,5700,1,1.06,,WASP-5 b,,494.22565,12.778,3,0,28/01/16,
481,WASP-5,b,Transit,1,1.6284279,0.0267,0.038,1.64,86.9,359.348991,-41.277149,5700,0.96,1.03,,WASP-5 b,,502.15,12.184,3,0,29/10/14,
482,WASP-50,b,Transit,1,1.9550959,0.02945,0.009,1.274,84.74,43.688073,-10.89808,5400,0.892,0.84,,WASP-50 b,,466.555,12.924,3,0,14/05/14,
483,WASP-52,b,Transit,1,1.7497798,0.0272,0,0.29,85.35,348.494748,8.761262,5000,0.87,0.79,,WASP-52 b,,146.2,14.24,3,0,14/05/14,
484,WASP-54,b,Transit,1,3.6936411,0.04987,0.067,0.188,84.97,205.454308,-0.128076,6100,1.213,1.83,,WASP-54 b,,202.131,18.528,3,0,14/05/14,
485,WASP-55,b,Transit,1,4.465633,0.0533,0.2,0.346,89.2,203.758114,-17.503464,5960,1.01,1.06,,WASP-55 b,,181.155,14.572,3,0,14/05/14,
486,WASP-56,b,Transit,1,4.617101,0.05458,0,0.583,88.5,183.366285,23.055698,5600,1.017,1.11,,WASP-56 b,,181.473,12.24,3,0,14/05/14,
487,WASP-57,b,Transit,1,2.838971,0.0386,0,1.161,88,223.820104,-2.057665,5600,0.954,0.84,,WASP-57 b,,213.573,10.267,3,0,14/05/14,
488,WASP-58,b,Transit,1,5.01718,0.0561,0,0.45,87.4,274.701064,45.172016,5800,0.94,1.17,,WASP-58 b,,282.86,15.36,3,0,14/05/14,
489,WASP-59,b,Transit,1,7.919585,0.0697,0.1,2.4,89.27,349.623126,24.88929,4650,0.719,0.61,,WASP-59 b,,274.276,8.687,3,0,14/05/14,
490,WASP-6,b,Transit,1,3.361006,0.0421,0.054,0.359,88.47,348.157246,-22.673937,5450,0.88,0.87,,WASP-6 b,,160,13.72,3,0,14/05/14,
491,WASP-6,b,Transit,1,3.36100208,0.0414,0.054,0.325,88.38,348.157246,-22.673937,5375,0.836,0.86,,WASP-6 b,,154.14755,13.787,3,0,16/04/15,
492,WASP-60,b,Transit,1,4.3050011,0.0531,0,1.1,87.9,356.666564,31.155935,5900,1.078,1.14,,WASP-60 b,,163.358,9.64,3,0,14/05/14,
493,WASP-61,b,Transit,1,3.8559,0.0514,0.26,1.423,89.35,75.299663,-26.054144,6320,1.22,1.36,,WASP-61 b,,654.702,13.899,3,0,14/05/14,
494,WASP-62,b,Transit,1,4.411953,0.0567,0.21,0.279,88.3,87.139961,-63.988434,6280,1.25,1.28,,WASP-62 b,,181.155,15.581,3,0,14/05/14,
495,WASP-63,b,Transit,1,4.37809,0.0574,0.22,0.173,87.8,94.336431,-38.323257,5570,1.32,1.88,,WASP-63 b,,120.77,16.029,3,0,14/05/14,
496,WASP-64,b,Transit,1,1.5732918,0.02648,0,0.823,86.57,101.115041,-32.858402,5400,1.004,1.06,,WASP-64 b,,403.945,14.247,3,0,14/05/14,-0.022
497,WASP-65,b,Transit,1,2.3114243,0.0334,0,1.5,88.8,133.324304,8.523038,5600,0.93,1.01,,WASP-65 b,,492.62,12.464,3,0,14/05/14,
498,WASP-66,b,Transit,1,4.086052,0.0546,0.11,1.144,85.9,158.224966,-34.989845,6580,1.3,1.75,,WASP-66 b,,737.335,15.581,3,0,14/05/14,
499,WASP-67,b,Transit,1,4.61442,0.0517,0.2,0.213,85.8,295.74384,-19.949596,5240,0.87,0.87,,WASP-67 b,,133.483,15.693,3,0,14/05/14,
500,WASP-68,b,Transit,1,5.084298,0.06206,0,0.665,88.1,305.095785,-19.31468,5911,1.24,1.69,,WASP-68 b,,301.93,13.9,3,0,14/05/14,0.505
501,WASP-69,b,Transit,1,3.8681382,0.04525,0,0.291,86.71,315.025778,-5.094404,4715,0.826,0.81,,WASP-69 b,,82.632,9.113,3,0,15/10/14,
502,WASP-7,b,Transit,1,4.954658,0.0618,0,0.545,89.6,311.042609,-39.225273,6400,,,,WASP-7 b,,305.104,14.908,3,0,14/05/14,
503,WASP-70 A,b,Transit,1,3.7130203,0.04853,0,0.499,87.12,315.476951,-13.433218,5763,1.106,1.22,,WASP-70 A b,,187.512,13.047,3,0,15/10/14,
504,WASP-71,b,Transit,1,2.9036747,0.04619,0,0.94,84.9,29.263338,0.758834,6059,1.559,2.26,,WASP-71 b,,712.545,16.37,3,0,14/05/14,
505,WASP-72,b,Transit,1,2.2167421,0.03708,0,0.96,81.6,41.039999,-30.169039,6250,1.386,1.98,,WASP-72 b,,491.3763,14.24,3,0,14/05/14,0.724
506,WASP-73,b,Transit,1,4.08722,0.05512,0,1.596,87.4,319.94961,-58.148876,6036,1.34,2.07,,WASP-73 b,,597.5,13.002,3,0,14/05/14,0.716
507,WASP-74,b,Transit,1,2.13775,0.037,0,0.33,79.81,304.538823,-1.075676,5970,1.48,1.64,,WASP-74 b,,301.9385,17.486,3,0,09/07/15,
508,WASP-75,b,Transit,1,2.484193,0.0375,0,0.69,82,342.385707,-10.67556,6100,1.14,1.26,,WASP-75 b,,340.06,14.235,3,0,14/05/14,
509,WASP-76,b,Transit,1,1.809886,0.033,0,0.201,88,26.632746,2.700539,6250,1.46,1.73,,WASP-76 b,,292.4036,20.512,3,0,21/01/16,
510,WASP-77 A,b,Transit,1,1.4,0.024,0,1.3,,37.155115,-7.060681,5500,,,,WASP-77 A b,,572.1,13.5,3,0,12/02/15,
511,WASP-77 A,b,Transit,1,1.3600306,0.02396,0,1.234,89.4,37.155115,-7.060681,,,,,WASP-77 A b,,559.3808,13.563,3,0,31/03/16,
512,WASP-77 A,b,Transit,1,1.3600309,0.024,0,1.33,89.4,37.155115,-7.060681,5500,1.002,0.95,,WASP-77 A b,,559.36,13.56,3,0,14/05/14,
513,WASP-78,b,Transit,1,2.17517632,0.0362,0,0.2394,83.2,63.75624,-22.116434,6100,1.17,1.6,,WASP-78 b,,282.857,19.055,3,0,14/05/14,
514,WASP-79,b,Transit,1,3.6623866,0.0535,0,0.13,83.3,66.370903,-30.600445,6600,1.38,1.53,,WASP-79 b,,286.03,23.43,3,0,14/05/14,
515,WASP-8,b,Transit,2,8.2,0.08,0.3,2.6,,359.900292,-35.031391,5600,,,,WASP-8 b,,699.2,11.2,3,0,12/02/15,
516,WASP-8,b,Transit,2,8.158715,0.0801,0.31,,88.55,359.900292,-35.031391,5600,1.03,0.94,,WASP-8 b,,713.18,11.635,3,0,14/05/14,
517,WASP-80,b,Transit,1,3.1,0.034,0,0.73,,303.167407,-2.144208,4150,,,,WASP-80 b,,174.8,10.65,3,0,12/02/15,
518,WASP-80,b,Transit,1,3.0678504,0.0346,0.07,0.737,89.92,303.167407,-2.144208,4145,0.57,0.57,,WASP-80 b,,176.07,10.671,3,0,14/05/14,
519,WASP-80,b,Transit,1,3.06785234,0.0344,0.002,0.717,89.02,303.167407,-2.144208,4143,0.577,0.59,,WASP-80 b,,170.99254,11.198,3,0,16/04/15,
520,WASP-82,b,Transit,1,2.705785,0.0448,0,0.33,86.6,72.660671,1.893921,6480,1.64,2.22,,WASP-82 b,,397.27,19.17,3,0,19/02/15,
521,WASP-82,b,Transit,1,2.705782,0.0447,0,0.354,87.9,72.660671,1.893921,6490,1.63,2.18,,WASP-82 b,,394.1092,18.719,3,0,21/01/16,
522,WASP-83,b,Transit,1,4.971252,0.059,0,0.35,88.9,190.152085,-19.284243,5510,1.11,1.05,,WASP-83 b,,95.349,11.657,3,0,09/07/15,
523,WASP-84,b,Transit,1,8.5234865,0.0771,0,1.104,88.368,131.107099,1.860033,5314,0.842,0.75,,WASP-84 b,,220.565,10.559,3,0,15/10/14,
524,WASP-88,b,Transit,1,4.954,0.06431,0,0.146,88,309.511192,-48.462067,6431,1.45,2.08,,WASP-88 b,,177.98,19.055,3,0,14/05/14,
525,WASP-89,b,Transit,1,3.3564227,0.0427,0.193,7,89.4,313.899962,-18.971106,5130,0.92,0.88,,WASP-89 b,,1875.197,11.657,3,0,09/07/15,
526,WASP-90,b,Transit,1,3.916243,0.0562,0,0.193,82.1,315.531971,7.056235,6430,1.55,1.98,,WASP-90 b,,200.2329,18.271,3,0,21/01/16,
527,WASP-94 A,b,Transit,1,3.9501907,0.055,0.13,0.118,88.7,313.783098,-34.135555,6153,1.45,1.62,,WASP-94 A b,,143.653,19.28,3,0,03/10/14,
528,WASP-95,b,Transit,1,2.184673,0.03416,0,1.13,88.4,337.457189,-48.003086,5630,1.11,1.13,,WASP-95 b,,359.13,13.56,3,0,14/05/14,
529,WASP-96,b,Transit,1,3.4252602,0.0453,0,0.37,85.6,1.046351,-47.360626,5540,1.06,1.05,,WASP-96 b,,152.55,13.45,3,0,14/05/14,
530,WASP-97,b,Transit,1,2.07276,0.03303,0,1.21,88,24.604338,-55.772083,5640,1.12,1.06,,WASP-97 b,,419.52,12.67,3,0,14/05/14,
531,WASP-98,b,Transit,1,2.96264,0.036,0,0.84,86.3,58.428794,-34.328194,5525,0.69,0.7,,WASP-98 b,,263.79,12.33,3,0,14/05/14,
532,WASP-99,b,Transit,1,5.75251,0.0717,0,2.79,88.8,39.897688,-50.008003,6180,1.48,1.76,,WASP-99 b,,883.53,12.33,3,0,14/05/14,
533,WTS-1,b,Transit,1,3.352057,0.047,0.1,1.61,85.5,293.9932,36.290325,6250,1.2,1.15,,WTS-1 b,,1274.44,16.7,3,0,14/05/14,
534,WTS-2,b,Transit,1,1.0187068,0.01855,0,0.54,83.55,293.732796,36.815491,5000,0.82,0.75,,WTS-2 b,,355.9696,15.278,3,0,24/04/15,
535,XO-1,b,Transit,1,3.94150685,0.049,0,0.64,88.8,240.54935,28.169586,5750,1.027,0.94,,XO-1 b,,292.391,13.563,3,0,14/05/14,
536,XO-2 N,b,Transit,1,2.61585922,0.03673,0.006,0.7,,117.026968,50.2258,5332,0.97,1.01,,XO-2 N b,,189.737,11.422,3,0,22/01/15,-0.155
537,XO-3,b,Transit,1,3.1915239,0.0454,0.26,8.1,84.2,65.469581,57.817181,6429,1.213,1.38,,XO-3 b,,3747.06,13.641,3,0,14/05/14,0.465
538,XO-4,b,Transit,1,4.1250828,,0,,88.8,110.388223,58.268108,,,,,XO-4 b,,565.71,14.91,3,0,14/05/14,
539,XO-5,b,Transit,1,4.1877558,0.0515,0,1.06,86.8,116.716527,39.094578,5430,1.04,1.13,,XO-5 b,,378.2,12.78,3,0,12/02/15,