full_name,epoch_mjd,a,e,i,om,w,ma,per_y
   588 Achilles (1906 TG),57400,5.205918325,0.147042468,10.31518182,316.5629881,133.5794631,138.5970224,11.8782983
   617 Patroclus (1906 VY),57400,5.217631288,0.138728369,22.04761027,44.35882277,308.5017633,103.7387701,11.91840889
   624 Hektor (1907 XM),57400,5.252597071,0.024446974,18.16691047,342.7963428,183.575367,72.22810364,12.03841562
   659 Nestor (1908 CS),57400,5.181144516,0.116521057,4.523067046,350.8662011,341.6551864,242.2082206,11.79360998
   884 Priamus (1917 CQ),57400,5.18233986,0.121429571,8.913538312,301.5581666,335.7364465,190.6056872,11.79769158
   911 Agamemnon (1919 FD),57400,5.273512645,0.066001305,21.76253378,338.0217542,81.564359,170.1766483,12.11039169
  1143 Odysseus (1930 BH),57400,5.24888089,0.089748441,3.137894019,221.2921197,236.946006,117.812465,12.02564222
  1172 Aneas (1930 UA),57400,5.217849632,0.103500709,16.66461666,247.3296163,51.32325533,171.6426771,11.91915703
  1173 Anchises (1930 UB),57400,5.30032079,0.136851323,6.916265181,283.9019467,40.91054383,119.2906331,12.20285455
  1208 Troilus (1931 YA),57400,5.250215739,0.09192059,33.54170479,48.55272962,296.6850086,122.8558063,12.03022989
  1404 Ajax (1936 QW),57400,5.303753898,0.112699576,18.00369608,332.9751698,60.09943689,182.0623454,12.21471247
  1437 Diomedes (1937 PB),57400,5.193049785,0.044423356,20.49105899,315.7918334,131.6152454,167.141335,11.83428248
  1583 Antilochus (1950 SA),57400,5.127350019,0.051820442,28.52089603,221.3918001,188.0770657,188.1743491,11.61041252
  1647 Menelaus (1957 MK),57400,5.215563331,0.022519375,5.649152922,240.3185589,299.0979539,34.68601951,11.91132398
  1749 Telamon (1949 SB),57400,5.148874002,0.107413645,6.093644458,340.9251018,113.2848385,121.7879318,11.68359781
  1867 Deiphobus (1971 EA),57400,5.128583682,0.043165676,26.91111364,283.7030323,359.8571203,178.2962016,11.61460305
  1868 Thersites (2008 P-L),57400,5.320157479,0.108688222,16.75360898,197.8413424,169.6920236,213.1403928,12.27142321
  1869 Philoctetes (4596 P-L),57400,5.229815119,0.065954423,3.972786699,43.99073291,321.1377266,198.0358131,11.96017975
  1870 Glaukos (1971 FE),57400,5.248173983,0.031855327,6.575959132,176.302616,131.3954717,148.721276,12.02321292
  1871 Astyanax (1971 FF),57400,5.252965499,0.032475015,8.597693947,145.776023,164.0579338,119.6331671,12.03968224
  1872 Helenos (1971 FG),57400,5.318258663,0.047622742,14.64125943,188.7922129,116.3276432,162.4963186,12.26485411
  1873 Agenor (1971 FH),57400,5.236512325,0.092236577,21.87883471,197.920139,356.5976298,255.1153855,11.98316108
  2146 Stentor (1976 UQ),57400,5.194699202,0.101037672,39.2587356,131.3248417,273.6493735,171.2416457,11.83992114
  2148 Epeios (1976 UW),57400,5.214137882,0.056750325,9.14888117,176.5953949,232.2231954,176.5548894,11.90644114
  2207 Antenor (1977 QH1),57400,5.138607646,0.016858509,6.808134139,159.1367176,298.4008487,11.99346374,11.6486713
  2223 Sarpedon (1977 TL3),57400,5.230595661,0.015210502,15.95949543,220.8971295,57.95736546,194.491376,11.96285741
  2241 Alcathous (1979 WM),57400,5.187103433,0.066983542,16.6193978,267.9822506,290.9308003,247.9785403,11.81396186
  2260 Neoptolemus (1975 WM1),57400,5.195193544,0.043326331,17.77930339,86.57360192,321.3186027,175.2667502,11.84161126
  2357 Phereclos (1981 AC),57400,5.20898013,0.044130566,2.668861602,179.2514308,74.88956672,212.6590982,11.88877898
  2363 Cebriones (1977 TJ3),57400,5.198847499,0.035367977,32.13411097,211.7548687,56.54081989,211.004076,11.85410636
  2456 Palamedes (1966 BA1),57400,5.129736772,0.073705876,13.9074932,327.3933299,95.38584149,157.7432323,11.61852034
  2594 Acamas (1978 TB),57400,5.065249896,0.083904865,5.53307989,356.7080966,279.4079067,172.5726131,11.40012247
  2674 Pandarus (1982 BC3),57400,5.18111611,0.067695402,1.854936393,179.8117137,39.21655798,244.801268,11.79351299
  2759 Idomeneus (1980 GC),57400,5.181472357,0.066595155,21.95178097,171.2306752,8.497367407,51.01319936,11.79472937
  2797 Teucer (1981 LK),57400,5.102608509,0.088222526,22.39961911,69.93989448,49.11220414,105.3798169,11.52647667
  2893 Peiroos (1975 QD),57400,5.154374185,0.075470289,14.65616257,108.766796,171.8341788,166.4208692,11.70232397
  2895 Memnon (1981 AE1),57400,5.237180751,0.050391627,27.21788635,133.9784156,276.4797119,55.14317409,11.98545558
  2920 Automedon (1981 JR),57400,5.108057953,0.02609936,21.12409616,230.9510655,199.244385,151.0923236,11.54494654
  3063 Makhaon (1983 PV),57400,5.205306291,0.059506695,12.16634672,287.8749355,205.4496475,101.6899314,11.87620366
  3240 Laocoon (1978 VG6),57400,5.238647293,0.126224441,2.333621123,296.2777058,15.76577366,138.1812617,11.99049028
  3317 Paris (1984 KF),57400,5.223472706,0.126145535,27.86054414,135.8966212,150.2020522,179.1349939,11.93842944
  3391 Sinon (1977 DD3),57400,5.302237159,0.082387117,14.86989701,341.1362107,103.5442569,135.4258283,12.2094732
  3451 Mentor (1984 HA1),57400,5.128587143,0.070425065,24.66156339,179.6604946,133.0758387,166.830439,11.61461481
  3540 Protesilaos (1973 UF5),57400,5.270868714,0.117982238,23.29694891,26.43821987,116.4409922,89.4459135,12.10128532
  3548 Eurybates (1973 SO),57400,5.188284022,0.089229137,8.063505469,43.56700159,28.12366748,170.2610092,11.81799539
  3564 Talthybius (1985 TC1),57400,5.20729213,0.040908939,15.50805896,23.78844998,203.3405258,345.1506949,11.88300051
  3596 Meriones (1985 VO),57400,5.165664541,0.073351206,23.53118084,356.6971219,67.15708509,172.599431,11.74079491
  3708 (1974 FV1),57400,5.217488428,0.158332787,13.36946073,291.174519,57.99349117,109.9443759,11.9179194
  3709 Polypoites (1985 TL3),57400,5.243570044,0.060084629,19.62301798,187.1470591,247.1317455,136.5303775,12.00739542
  3793 Leonteus (1985 TE3),57400,5.211902176,0.089904718,20.90705854,200.5392524,263.154364,128.3041607,11.89878414
  3794 Sthenelos (1985 TF3),57400,5.206159168,0.14546574,6.061413358,343.2651631,35.44764242,207.1295565,11.87912261
  3801 Thrasymedes (1985 VS),57400,5.324470595,0.022122445,28.50054133,209.4810955,207.0347409,164.3328513,12.28634912
  4007 Euryalos (1973 SR),57400,5.172819856,0.056181287,11.00428394,6.779672812,78.415472,146.0185425,11.76519782
  4035 (1986 WD),57400,5.284878605,0.055850666,12.13235056,233.7396298,198.2860599,147.5134263,12.14956492
  4057 Demophon (1985 TQ),57400,5.262261186,0.118194662,2.873019783,24.4415572,59.11808598,131.8483194,12.07165464
  4060 Deipylos (1987 YT1),57400,5.246653691,0.154320207,16.14803251,168.2499044,307.5035673,100.9871686,12.01798897
  4063 Euforbo (1989 CG2),57400,5.182276403,0.118258065,18.93943468,113.5156946,318.6830181,157.4770996,11.79747489
  4068 Menestheus (1973 SW),57400,5.150090431,0.073330258,17.56041032,177.7004629,317.6616735,74.10960518,11.68773846
  4086 Podalirius (1985 VK2),57400,5.256158624,0.120676772,21.70892287,54.97855981,357.0760123,188.7624346,12.05066177
  4138 Kalchas (1973 SM),57400,5.162120332,0.042913023,2.099471166,208.0262164,164.766742,215.5324906,11.72871378
  4348 Poulydamas (1988 RU),57400,5.240645387,0.097983341,7.957608774,220.1156871,160.4358985,75.91561377,11.99735095
  4489 (1988 AK),57400,5.224202071,0.057537277,22.20694622,86.56360692,8.020760807,107.1100647,11.94093001
  4501 Eurypylos (1989 CJ3),57400,5.204961407,0.052608764,8.304829744,244.2760386,181.09546,173.9044774,11.87502336
  4543 Phoinix (1989 CQ1),57400,5.120144331,0.095695895,14.71111971,325.3917756,85.41811303,191.9395336,11.5859462
  4707 Khryses (1988 PY),57400,5.1857159,0.123414094,7.103016823,310.2083541,66.7939161,89.67032827,11.80922188
  4708 Polydoros (1988 RT),57400,5.261362326,0.059657091,6.98298585,281.158479,104.7455077,57.55522668,12.06856179
  4709 Ennomos (1988 TU2),57400,5.239467708,0.022026543,25.45477827,253.1592403,89.15473542,135.7717316,11.9933071
  4715 (1989 TS1),57400,5.108577872,0.049559496,18.65801763,1.608536349,346.2644446,111.4626153,11.54670922
  4722 Agelaos (4271 T-3),57400,5.206950609,0.112063738,8.815388541,64.99607617,315.8004146,74.77013647,11.88183151
  4754 Panthoos (5010 T-3),57400,5.237509432,0.01039425,12.3270517,155.0599117,202.9199891,118.8105005,11.9865839
  4791 Iphidamas (1988 PB1),57400,5.162632842,0.046818171,25.96653544,261.4556765,165.8195146,24.56462976,11.73046052
  4792 Lykaon (1988 RK1),57400,5.261701591,0.090901577,9.335160851,61.9231543,284.1476938,108.4742588,12.06972912
  4805 Asteropaios (1990 VH7),57400,5.21217532,0.090385483,12.01190486,278.3813099,90.85523421,78.18230455,11.89971953
  4827 Dares (1988 QE),57400,5.117024861,0.046196317,7.70617182,242.0703516,169.6747976,51.81904363,11.57535963
  4828 Misenus (1988 RV),57400,5.167716357,0.043118922,14.90105724,352.992191,128.9946838,328.8287483,11.74779081
  4829 Sergestus (1988 RM1),57400,5.14381436,0.050269433,8.600462345,221.9705525,124.7792305,129.9608125,11.66638037
  4832 Palinurus (1988 TU1),57400,5.266108677,0.140585585,19.06479125,135.1244147,210.0504681,119.2050909,12.08489631
  4833 Meges (1989 AL2),57400,5.245619098,0.091676542,34.69177079,101.7623291,279.4789922,189.5211007,12.01443439
  4834 Thoas (1989 AM2),57400,5.220720104,0.134915599,28.46386797,76.03474936,351.9968747,143.677749,11.92899393
  4835 (1989 BQ),57400,5.19262549,0.25137843,19.57139614,125.4731317,355.3128018,109.471806,11.83283214
  4836 Medon (1989 CK1),57400,5.202649044,0.108770601,19.40910778,82.05589468,34.73553388,118.7076417,11.86711083
  4867 Polites (1989 SZ),57400,5.160406926,0.016807879,27.16879282,335.2044831,277.6917609,212.9867939,11.72287479
  4902 Thessandrus (1989 AN2),57400,5.204740012,0.042160353,9.073036945,170.3216634,271.5866757,136.747433,11.87426571
  4946 Askalaphus (1988 BW1),57400,5.319552115,0.050665422,21.8612043,59.0379835,204.4394765,316.9230459,12.26932877
  5012 Eurymedon (9507 P-L),57400,5.271693684,0.085091989,4.996771038,34.83345592,333.5592961,211.0158129,12.10412648
  5023 Agapenor (1985 TG3),57400,5.179433316,0.050645277,11.77363878,308.4088235,84.85400985,176.4771781,11.78776777
  5025 (1986 TS6),57400,5.200594875,0.074326437,11.02207671,347.8391474,73.56392114,154.4804888,11.86008326
  5027 Androgeos (1988 BX1),57400,5.305455571,0.064593495,31.44665741,78.22620894,344.9879413,154.806916,12.22059145
  5028 Halaesus (1988 BY1),57400,5.263174666,0.129721856,21.48808415,44.06308076,11.60707434,166.8090261,12.07479807
  5041 Theotes (1973 SW1),57400,5.179489294,0.036496136,10.58869758,29.8974586,106.6893834,105.260905,11.78795887
  5119 (1988 RA1),57400,5.200836144,0.108639395,15.95053068,316.9774401,17.32665112,127.6731011,11.8609086
  5120 Bitias (1988 TZ1),57400,5.279224637,0.110091653,24.98993535,295.8833875,23.97359497,132.7483082,12.13007303
  5123 (1989 BL),57400,5.231385605,0.101629038,8.529403413,78.22647676,32.46883868,106.8871727,11.96556752
  5126 Achaemenides (1989 CH2),57400,5.240241973,0.025423985,29.86272778,116.4978907,353.6068004,113.9540417,11.99596567
  5130 Ilioneus (1989 SC7),57400,5.215608765,0.009842636,15.73441674,242.5130105,111.4373132,81.71565023,11.91147962
  5144 Achates (1991 XX),57400,5.204901781,0.271079199,8.901322131,322.8250419,331.4079431,148.9508713,11.87481931
  5209 (1989 CW1),57400,5.185467827,0.050050137,9.050642138,322.7092475,106.6541474,180.2970065,11.8083745
  5233 (1988 RL10),57400,5.143792264,0.044841458,3.377763373,142.5317732,43.19159023,271.3746486,11.6663052
  5244 Amphilochos (1973 SQ1),57400,5.170644085,0.027474857,6.156766736,213.3048603,125.3867342,251.2037738,11.75777565
  5254 Ulysses (1986 VG1),57400,5.237126857,0.120368931,24.19297748,76.0380081,343.3792355,155.502586,11.98527057
  5257 (1988 RS10),57400,5.167357227,0.031966295,2.86954182,126.9866294,85.73801004,236.2613131,11.74656622
  5258 (1989 AU1),57400,5.180176196,0.075679338,5.915678742,248.1166331,230.868433,88.48970174,11.79030392
  5259 Epeigeus (1989 BB1),57400,5.199687323,0.073185098,15.9228511,67.46461035,199.6202956,320.9685438,11.85697885
  5264 Telephus (1991 KC),57400,5.205845607,0.111425104,33.57729234,121.898222,359.6457622,100.7806592,11.87804942
  5283 Pyrrhus (1989 BW),57400,5.20149621,0.148751481,17.48510768,71.16054204,356.3833661,152.9581704,11.86316667
  5284 Orsilocus (1989 CK2),57400,5.223737356,0.083206954,20.22410956,102.7478932,343.5871949,137.2834527,11.93933675
  5285 Krethon (1989 EO11),57400,5.168917608,0.04906839,25.1682029,144.2852304,258.2576975,204.9129232,11.75188727
  5436 Eumelos (1990 DK),57400,5.19963081,0.077466559,7.434502292,253.9810484,221.5557361,107.2569206,11.85678555
  5476 (1989 TO11),57400,5.109556434,0.072468076,13.70337682,198.556265,95.97302776,166.2601265,11.55002708
  5511 Cloanthus (1988 TH1),57400,5.243294711,0.115810805,11.16599646,172.6748309,121.7774402,174.2237354,12.0064497
  5637 Gyas (1988 RF1),57400,5.147890716,0.119616693,22.4405629,1.970152878,332.5632215,142.8048203,11.68025113
  5638 Deikoon (1988 TA3),57400,5.25515801,0.106058042,10.9053901,156.034729,91.50372037,195.0751111,12.04722081
  5648 (1990 VU1),57400,5.154933955,0.165028869,22.69168263,71.03973547,269.1953487,110.1680725,11.70423035
  5652 Amphimachus (1992 HS3),57400,5.209122748,0.075535599,1.897500899,281.6480252,108.3318315,195.9975229,11.88926725
  5907 (1989 TU5),57400,5.145055689,0.096295535,1.920661279,107.7534485,140.8128096,209.4624108,11.6706037
  6002 (1988 RO),57400,5.219518754,0.092852016,15.554631,209.7295995,159.6822709,96.61962441,11.92487666
  6090 (1989 DJ),57400,5.312492427,0.056580436,20.17920035,328.5295014,72.95044446,172.6171167,12.24491256
  6443 (1988 RH12),57400,5.244725393,0.126120541,9.497730036,168.154685,200.0882078,88.06484773,12.01136414
  6545 (1986 TR6),57400,5.143468063,0.050925299,11.99073176,278.0155582,149.6041145,172.5102019,11.66520227
  6997 Laomedon (3104 T-3),57400,5.179726914,0.100282718,19.11691412,195.3080809,57.62841905,204.655694,11.78877007
  6998 Tithonus (3108 T-3),57400,5.186477635,0.069341323,1.729226076,35.26817173,258.8995499,158.1104351,11.81182398
  7119 Hiera (1989 AV2),57400,5.156147518,0.101180403,19.30392266,285.5595176,121.4497836,158.2250318,11.70836367
  7152 Euneus (1973 SH1),57400,5.155875042,0.062959081,3.71165374,113.0479296,306.7830508,159.8199886,11.70743559
  7214 Anticlus (1973 SM1),57400,5.174140336,0.033518226,13.45876416,195.5587963,218.4445278,193.6059973,11.76970311
  7352 (1994 CO),57400,5.137002566,0.036254229,8.178778058,130.3276978,125.2382309,190.3588707,11.6432139
  7543 Prylis (1973 SY),57400,5.18819079,0.06283503,14.06955705,195.5902294,207.783615,193.6874952,11.81767684
  7641 (1986 TT6),57400,5.215574576,0.053089458,34.6963233,242.064235,229.487427,104.7345843,11.9113625
  7815 Dolon (1987 QN),57400,5.278602111,0.058667526,20.35632351,147.5039903,219.8641371,81.8247899,12.12792752
  8060 Anius (1973 SD1),57400,5.189870357,0.091295155,7.084698757,6.369169355,33.91558491,200.2249011,11.82341589
  8125 Tyndareus (5493 T-2),57400,5.178757773,0.046240818,13.12010878,323.1288637,58.16758325,225.5338765,11.78546166
  8241 Agrius (1973 SE1),57400,5.141348101,0.042755901,4.346413584,22.67514308,262.7579039,313.5535136,11.65799101
  8317 Eurysaces (4523 P-L),57400,5.294089112,0.045086678,0.946252599,208.1094907,113.8465551,277.9969728,12.18134022
  9023 Mnesthus (1988 RG1),57400,5.231206746,0.063402959,23.91141623,159.8985753,159.192507,125.2385254,11.96495388
  9030 (1989 UX5),57400,5.247174036,0.023940387,4.233350598,76.79888101,1.371055179,44.94163559,12.01977687
  9142 Rhesus (5191 T-3),57400,5.175104961,0.128781583,12.79623849,141.1860701,173.5307498,131.7944739,11.77299464
  9430 Erichthonios (1996 HU10),57400,5.273018693,0.052743113,1.001593088,326.4372993,310.06027,173.9196801,12.10869022
  9431 (1996 PS1),57400,5.124107867,0.084176768,21.33374984,201.5279827,184.5618548,188.2423075,11.59940193
  9590 (1991 DK1),57400,5.103726977,0.04165332,6.662062982,28.87116851,191.8812107,354.0594889,11.53026671
  9694 Lycomedes (6581 P-L),57400,5.111241096,0.033998195,4.946268079,350.1590975,55.26946204,156.1040887,11.55573976
  9712 Nauplius (1973 SO1),57400,5.232027669,0.126722742,8.463447016,176.6590869,274.2139769,129.8283129,11.96777044
  9713 Oceax (1973 SP1),57400,5.177171548,0.053645067,4.157030552,155.9996403,314.4094635,104.2509773,11.78004734
  9790 (1995 OK8),57400,5.252570436,0.054154457,5.915489537,231.1941473,150.4019679,194.1257371,12.03832405
  9799 (1996 RJ),57400,5.192477928,0.046812764,30.51238697,259.5547077,113.54128,204.1823619,11.83232775
  9807 (1997 SJ4),57400,5.211912502,0.153441002,4.970256008,232.6023806,196.9294519,152.9506786,11.8988195
  9817 Thersander (6540 P-L),57400,5.273705302,0.039719539,9.166763078,24.36424988,83.09155527,100.5234469,12.11105534
  9818 Eurymachos (6591 P-L),57400,5.216447086,0.003506972,7.492312981,18.62685954,148.9892942,39.0656368,11.91435159
  9828 Antimachos (1973 SS),57400,5.179381181,0.085261352,3.214681876,97.09865774,20.59836778,113.0861712,11.78758979
  9857 (1991 EN),57400,5.147014411,0.025951929,19.62045401,289.3938012,2.036485191,303.9025915,11.67726883
  9907 Oileus (6541 P-L),57400,5.294519747,0.065831087,8.143687639,153.7752032,262.584721,154.4564745,12.18282655
 10247 Amphiaraos (6629 P-L),57400,5.256659332,0.008904055,4.19150803,162.5240169,340.9312807,119.8087303,12.05238375
 10664 Phemios (5187 T-2),57400,5.179606452,0.031601757,8.580951857,240.1377162,235.8458079,128.7583656,11.78835883
 10989 Dolios (1973 SL1),57400,5.168967102,0.085934251,10.58256202,187.3540201,206.5683599,192.2024238,11.75205606
 11089 (1994 CS8),57400,5.19898717,0.02285887,6.927970625,120.1151207,18.98833489,294.131086,11.85458407
 11251 Icarion (1973 SN1),57400,5.159373961,0.002628692,4.203875569,101.9985176,118.286451,7.758733784,11.71935509
 11252 Laertes (1973 SA2),57400,5.145115693,0.029253647,5.857232848,78.32558873,326.3836293,170.2780829,11.67080787
 11273 (1988 RN11),57400,5.212204455,0.094948697,1.419433449,171.6050677,55.09674257,204.3020664,11.89981931
 11275 (1988 SL3),57400,5.192839493,0.089848339,25.16169639,122.5775248,218.3536389,123.6110013,11.83356364
 11351 Leucus (1997 TS25),57400,5.282770429,0.063804932,11.56101571,251.0896449,161.4703566,192.5142465,12.14229583
 11395 (1998 XN77),57400,5.214494981,0.066679079,24.14004031,213.240398,117.380005,250.8301989,11.90766431
 11396 (1998 XZ77),57400,5.213604419,0.063240091,12.58228139,195.694265,176.6504907,211.1022288,11.90461395
 11397 (1998 XX93),57400,5.242646105,0.061205592,21.005825,261.2305737,152.7025438,200.0241584,12.00422193
 11428 Alcinoos (4139 P-L),57400,5.323673985,0.013006599,17.30654654,3.346810387,61.30675955,163.4868755,12.28359192
 11429 Demodokus (4655 P-L),57400,5.261802737,0.027584873,17.08480178,6.333382469,93.47917979,103.1588436,12.07007715
 11487 (1988 RG10),57400,5.145133653,0.048048234,3.528141738,342.3759967,8.946951323,109.4890492,11.67086897
 11488 (1988 RM11),57400,5.156504493,0.038000955,3.353428482,140.7011155,237.0438277,94.12813605,11.7095796
 11509 Thersilochos (1990 VL6),57400,5.180316943,0.142672102,18.50194712,214.7073322,128.8747202,115.1682015,11.79078444
 11552 Boucolion (1993 BD4),57400,5.265778773,0.152099042,14.68415752,138.3629262,182.8703341,154.3435699,12.08376071
 11554 Asios (1993 BZ12),57400,5.262640014,0.061439592,13.71149725,128.1039672,126.7786264,216.549175,12.07295821
 11663 (1997 GO24),57400,5.142566995,0.126085106,14.46676177,226.0163229,89.11569981,138.3501182,11.66213701
 11668 Balios (1997 VV1),57400,5.179636549,0.140980343,4.677718464,20.11533894,13.98606628,177.2194386,11.78846158
 11869 (1989 TS2),57400,5.244528063,0.04135293,11.3021972,149.667015,159.1631488,140.9260194,12.01068626
 11887 Echemmon (1990 TV12),57400,5.183346566,0.091821456,24.04430311,242.6516326,112.5856772,104.0407394,11.80112942
 12052 Aretaon (1997 JB16),57400,5.245856525,0.066921978,11.46173865,219.7744138,86.35198971,130.8755103,12.01525009
 12054 (1997 TT9),57400,5.140480977,0.064190643,10.09058802,44.54425225,41.46012955,155.0018989,11.65504184
 12126 (1999 RM11),57400,5.231878448,0.207305098,2.042278424,351.0426699,304.0151864,153.6507039,11.96725846
 12238 Actor (1987 YU1),57400,5.174639535,0.123049577,21.09663586,227.5930454,177.5972148,178.1885971,11.77140645
 12242 Koon (1988 QY),57400,5.101322996,0.066676432,29.78434424,222.6566428,94.88127128,147.7872211,11.5221211
 12444 Prothoon (1996 GE19),57400,5.2488232,0.070646287,30.82569876,213.218699,64.81698295,174.5898943,12.02544396
 12649 Ascanios (2035 T-3),57400,5.154559439,0.147137463,6.571931305,337.5923872,342.5331282,144.8734736,11.70295487
 12658 Peiraios (1973 SL),57400,5.158155973,0.057175308,1.777352769,111.8842033,327.4375949,166.5565552,11.71520541
 12714 Alkimos (1991 GX1),57400,5.227703745,0.036442038,9.508256157,298.9036004,164.6061662,130.8648251,11.95293766
 12916 Eteoneus (1998 TL15),57400,5.165844143,0.016890207,26.39198647,219.3840255,220.0963975,120.165689,11.74140723
 12917 (1998 TG16),57400,5.201453065,0.089302968,11.83615018,204.3407073,228.4823915,132.041202,11.86301906
 12921 (1998 WZ5),57400,5.24445265,0.092411042,12.79485085,160.2171903,273.6141017,147.3290287,12.01042721
 12929 (1999 TZ1),57400,5.229896339,0.040570985,43.45577471,200.2307565,132.4911689,145.3920148,11.96045836
 12972 Eumaios (1973 SF1),57400,5.149649659,0.150361871,8.444410263,40.55158977,339.1096681,201.5425246,11.68623804
 12973 Melanthios (1973 SY1),57400,5.125460917,0.056679545,5.744382003,358.2195873,36.47845652,179.9364886,11.60399657
 12974 Halitherses (1973 SB2),57400,5.181653104,0.050717089,7.609116342,15.19433346,3.026695109,205.5063016,11.79534654
 13060 (1991 EJ),57400,5.169445433,0.122441998,22.91017816,280.4942672,95.75250491,193.16343,11.75368738
 13062 Podarkes (1991 HN),57400,5.156259456,0.009471924,8.233471158,91.02607084,286.7661248,233.6720156,11.70874495
 13181 Peneleos (1996 RS28),57400,5.215878318,0.13631205,2.54502557,10.99628628,104.1290639,110.2987223,11.91240304
 13182 (1996 SO8),57400,5.238206926,0.112177996,5.071283188,303.0623804,64.44490178,204.760094,11.98897841
 13183 (1996 TW),57400,5.212458737,0.089450043,17.95924428,8.066170477,314.1285364,268.2941266,11.90069013
 13184 Augeias (1996 TS49),57400,5.162553676,0.048061789,4.514347037,227.4680316,97.02346986,273.0570734,11.7301907
 13185 Agasthenes (1996 TH52),57400,5.190126492,0.053947566,9.109216764,4.37502785,53.81466922,170.1013138,11.82429118
 13229 Echion (1997 VB1),57400,5.246310156,0.076183615,3.840094487,343.0223937,167.246,90.41971443,12.01680864
 13230 (1997 VG1),57400,5.068190456,0.061421523,4.327011058,53.83957706,38.70975793,142.4627544,11.41005118
 13323 (1998 SQ),57400,5.105848775,0.088008508,0.917154133,182.5079813,254.9394682,126.7471134,11.53745776
 13331 (1998 SU52),57400,5.07658475,0.108063758,2.294105271,284.8046704,149.4017852,144.0856909,11.43841011
 13353 (1998 TU12),57400,5.167690079,0.133685941,15.43641777,41.95675825,75.7064223,108.3434051,11.74770121
 13362 (1998 UQ16),57400,5.185426261,0.028616417,9.341062218,57.91574097,122.2367445,31.8072382,11.80823252
 13366 (1998 US24),57400,5.2276452,0.103636899,6.636810426,96.2950237,355.7119599,126.961078,11.95273687
 13372 (1998 VU6),57400,5.233884967,0.046695284,7.304616483,96.68234073,304.5382099,187.5084728,11.9741436
 13379 (1998 WX9),57400,5.151476936,0.064533654,4.91664639,89.55182976,337.1000886,161.8383548,11.69245863
 13383 (1998 XS31),57400,5.147919684,0.063909237,6.400220705,252.2201823,161.7987408,183.1310964,11.68034972
 13385 (1998 XO79),57400,5.227318153,0.045160741,13.96386514,157.1525521,165.292745,263.4275546,11.95161522
 13387 Irus (1998 YW6),57400,5.217315324,0.095163714,7.243104202,356.0236129,19.11438601,199.908481,11.91732629
 13402 (1999 RV165),57400,5.254617324,0.119231477,7.530669382,160.8419592,127.3850069,181.2099754,12.04536161
 13463 Antiphos (5159 T-2),57400,5.177864252,0.006378239,10.52754046,323.5785479,96.0848202,175.2348001,11.78241167
 13475 Orestes (1973 SX),57400,5.176005459,0.073883785,7.940864973,353.4652256,123.4973314,103.5552512,11.77606762
 13650 Perimedes (1996 TN49),57400,5.209752374,0.097606196,10.71413692,206.8464862,244.8825541,153.8511961,11.89142289
 13694 (1997 WW7),57400,5.245267439,0.068800709,5.647477907,249.7860829,165.5355968,201.6025012,12.01322626
 13780 (1998 UZ8),57400,5.18066923,0.09381524,8.248044507,25.24381171,50.83291182,129.6709814,11.79198721
 13782 (1998 UM18),57400,5.180757816,0.132878719,28.58365369,150.1651449,232.501302,204.1389886,11.79228966
 13790 (1998 UF31),57400,5.266219649,0.112555266,7.973396632,67.25783574,55.43126636,105.5066024,12.0852783
 13862 (1999 XT160),57400,5.288129799,0.084202658,8.387709451,132.1978503,277.9009402,163.0928642,12.16077805
 14235 (1999 XA187),57400,5.127009236,0.084079635,8.676511357,41.40724181,26.18331651,170.3322051,11.60925503
 14268 (2000 AK156),57400,5.249162746,0.088590348,14.96467891,284.5843263,125.0432228,154.6189521,12.02661087
 14518 (1996 RZ30),57400,5.273486567,0.144325259,6.475184262,179.10931,253.6631086,148.3842782,12.11030186
 14690 (2000 AR25),57400,5.202217147,0.030311187,4.448788193,1.505598893,5.591285754,222.2794701,11.86563314
 14707 (2000 CC20),57400,5.219510475,0.041132253,13.66493046,156.0703462,289.5117053,169.7324377,11.92484829
 14791 Atreus (1973 SU),57400,5.147211897,0.160136333,2.936806124,194.8070218,185.4747755,206.6849981,11.67794091
 14792 Thyestes (1973 SG1),57400,5.16848934,0.082203472,11.36788003,154.7953115,245.4514243,194.4943909,11.75042675
 15033 (1998 VY29),57400,5.18192799,0.202209263,12.02522773,258.4231358,164.6762332,162.1489723,11.79628516
 15094 Polymele (1999 WB2),57400,5.162336884,0.094733859,12.99684568,50.33902246,5.055237335,185.7885556,11.72945182
 15398 (1997 UZ23),57400,5.126777665,0.02656852,28.47349279,189.6048587,319.0115228,73.15355538,11.60846851
 15436 (1998 VU30),57400,5.209677186,0.043594695,16.26532331,253.4310278,179.8514895,148.7590955,11.89116546
 15440 (1998 WX4),57400,5.298283363,0.021671326,28.73688875,120.5668373,281.7330765,174.061237,12.19581912
 15442 (1998 WN11),57400,5.191952279,0.167243208,4.509149406,110.3650673,320.0955707,152.6398087,11.83053107
 15502 (1999 NV27),57400,5.128014801,0.017004826,16.81923074,308.7212897,178.9127553,320.9957991,11.6126706
 15521 (1999 XH133),57400,5.231282537,0.071410062,10.68615746,10.41639857,171.129322,50.53569082,11.96521391
 15527 (1999 YY2),57400,5.219073217,0.153038917,21.2671575,173.811073,167.5407346,239.19136,11.92334984
 15529 (2000 AA80),57400,5.254750754,0.026700317,5.085725421,169.5558666,84.65436206,332.6053251,12.04582041
 15535 (2000 AT177),57400,5.172775368,0.084639519,13.17897341,155.1190557,303.0705726,134.5515839,11.76504604
 15536 (2000 AG191),57400,5.202083505,0.143467723,14.66092549,192.7180687,259.1356351,138.8247208,11.86517591
 15539 (2000 CN3),57400,5.308564483,0.03990327,27.88594226,108.8471263,330.6249569,117.8376605,12.23133463
 15651 Tlepolemos (9612 P-L),57400,5.286437044,0.040405006,2.962332217,45.3343905,32.15002263,169.7295148,12.15493943
 15663 Periphas (4168 T-2),57400,5.190081321,0.103783558,33.89120434,12.09638806,24.25823808,194.7114912,11.82413682
 15913 Telemachus (1997 TZ27),57400,5.197207275,0.058958603,7.252335879,49.07279984,9.795678366,158.7287872,11.84849689
 15977 (1998 MA11),57400,5.186502719,0.048680031,17.34291897,209.5702351,229.4473709,5.469664023,11.81190967
 16070 (1999 RB101),57400,5.132499501,0.123173881,16.25027619,300.8730092,353.9907106,171.8708619,11.6279077
 16099 (1999 VQ24),57400,5.189233951,0.081332096,13.44960331,96.38151115,277.0305931,207.9404564,11.8212412
 16152 (1999 YN12),57400,5.128309067,0.094752768,3.457931858,64.16588749,348.0354971,175.8524587,11.61367019
 16428 (1988 RD12),57400,5.227935525,0.068477016,3.97257561,340.006196,345.1959726,122.9277782,11.9537326
 16560 Daitor (1991 VZ5),57400,5.058508361,0.039735176,15.3077116,100.7544199,158.0554424,195.2205663,11.37737075
 16667 (1993 XM1),57400,5.209880322,0.198388502,16.68767093,96.59653216,239.3420078,115.8570085,11.89186096
 16956 (1998 MQ11),57400,5.237825675,0.111395262,30.89247361,137.5470212,202.7989088,102.2776653,11.98766954
 16974 (1998 WR21),57400,5.196480378,0.06874505,15.02455219,241.5656592,134.6341805,195.0468634,11.84601123
 17171 (1999 NB38),57400,5.138197308,0.081597811,25.2878285,317.9953071,357.4127173,144.1691579,11.64727603
 17172 (1999 NZ41),57400,5.210442939,0.057955939,29.17895663,135.2376169,217.159409,119.2733554,11.89378732
 17314 Aisakos (1024 T-1),57400,5.165450246,0.075464796,10.72430473,353.7943529,85.27673155,14.32585883,11.74006432
 17351 Pheidippos (1973 SV),57400,5.166713869,0.095927153,15.28500842,2.937622549,46.20155658,167.4264528,11.74437254
 17365 (1978 VF11),57400,5.2696835,0.078250499,11.64313621,252.1449522,118.5218063,92.54518466,12.09720389
 17414 (1988 RN10),57400,5.12837753,0.032425583,16.58902237,153.6738082,78.29336412,229.2569602,11.61390275
 17415 (1988 RO10),57400,5.152958198,0.047013632,23.74506096,160.3470423,122.3790886,168.5850239,11.69750209
 17416 (1988 RR10),57400,5.119204659,0.059820362,17.30004372,164.4667506,123.9421526,175.6926079,11.58275688
 17417 (1988 RY10),57400,5.168943503,0.08278792,2.22201892,112.0122319,237.2337569,107.1401144,11.75197558
 17418 (1988 RT12),57400,5.192832673,0.159225945,6.502045251,197.6164718,136.0972699,115.6594755,11.83354033
 17419 (1988 RH13),57400,5.190974441,0.068119798,15.9467511,45.60813577,332.6373565,99.01249211,11.82718903
 17420 (1988 RL13),57400,5.208847061,0.081785042,15.85641879,59.30556382,258.9569251,130.3076234,11.88832342
 17421 (1988 SW1),57400,5.144370348,0.098258186,16.92678687,32.15461371,216.8815977,205.8364571,11.66827193
 17423 (1988 SK2),57400,5.223547127,0.093187531,1.621060555,158.7210294,82.6950485,209.1506173,11.93868458
 17424 (1988 SP2),57400,5.202961689,0.157064861,12.68849242,170.095486,161.6523974,130.4271581,11.86818054
 17442 (1989 UO5),57400,5.253726086,0.045402996,15.7567967,31.35926217,325.1047749,87.75859934,12.04229721
 17492 Hippasos (1991 XG1),57400,5.13971074,0.067719152,29.20782056,89.05425189,219.96234,172.9396574,11.65242239
 17874 (1998 YM3),57400,5.214458665,0.045910702,2.547504466,46.00746025,50.17560348,171.8322528,11.90753992
 18037 (1999 NA38),57400,5.246540385,0.08255014,15.36388711,114.4747892,255.5465564,81.34855426,12.01759966
 18046 (1999 RN116),57400,5.211975403,0.057015332,33.28044368,164.6495781,153.0532961,133.2670023,11.89903491
 18054 (1999 SW7),57400,5.217874159,0.014402641,19.68519356,124.8699358,127.8591535,221.1336374,11.91924107
 18058 (1999 XY129),57400,5.127050624,0.078080616,9.073006282,26.15401005,51.01369694,134.4746121,11.60939561
 18060 (1999 XJ156),57400,5.133276458,0.055866236,6.635492292,224.9108769,151.9411685,196.7976106,11.63054815
 18062 (1999 XY187),57400,5.153429122,0.047743533,17.38581254,38.38510247,34.52939263,140.2167248,11.69910566
 18063 (1999 XW211),57400,5.146878513,0.056222232,17.98749116,327.0326925,65.28084172,198.9037785,11.67680636
 18071 (2000 BA27),57400,5.275109599,0.05593916,3.650908857,341.48559,80.77794182,190.0067563,12.11589311
 18137 (2000 OU30),57400,5.119051426,0.016725308,7.663410507,218.929077,211.8626021,2.230128746,11.58223683
 18228 Hyperenor (3163 T-1),57400,5.281391242,0.127280133,3.200208317,12.28177515,348.3637011,99.73140482,12.1375411
 18263 Anchialos (5167 T-2),57400,5.179158687,0.039851291,10.61593927,311.4112333,147.3051305,152.3468141,11.78683025
 18268 Dardanos (2140 T-3),57400,5.16291458,0.095570211,16.59595457,218.3907798,113.3453518,127.3845473,11.73142077
 18278 Drymas (4035 T-3),57400,5.187411232,0.067732406,17.92433679,31.52771382,206.5616973,210.67881,11.81501342
 18281 Tros (4317 T-3),57400,5.194382371,0.103542626,9.545896034,171.186868,170.6630045,129.4382899,11.83883796
 18282 Ilos (4369 T-3),57400,5.222155217,0.077604097,8.708518144,164.418745,213.537257,89.36779306,11.93391297
 18493 Demoleon (1996 HV9),57400,5.302389879,0.091124714,17.19744998,215.5409821,89.72436099,145.1966981,12.2100007
 18940 (2000 QV49),57400,5.259032493,0.073415071,3.70363469,133.6821179,221.7980577,81.71931372,12.06054639
 18971 (2000 QY177),57400,5.208981192,0.118307578,14.03035602,189.985594,43.04416389,219.5326875,11.88878262
 19018 (2000 RL100),57400,5.202683291,0.100977024,27.68739624,231.1929616,123.9529385,120.1080684,11.867228
 19020 (2000 SC6),57400,5.216929517,0.111868989,17.09661087,93.21047854,224.8063693,139.2811736,11.91600443
 19725 (1999 WT4),57400,5.172393054,0.06990269,9.956402243,43.32448793,35.2184459,124.8075902,11.76374175
 19844 (2000 ST317),57400,5.190810594,0.049044215,40.43123831,207.5394134,105.1797858,154.1536531,11.82662907
 19913 Aigyptios (1973 SU1),57400,5.124079035,0.057198931,7.122300828,141.514923,339.9152083,87.39741841,11.59930403
 20144 (1996 RA33),57400,5.188851171,0.012388997,9.355339918,29.49945968,160.0387269,29.85063172,11.81993324
 20424 (1998 VF30),57400,5.215690927,0.128426458,25.63586737,66.99675965,4.57095454,144.0092229,11.91176108
 20428 (1998 WG20),57400,5.219370487,0.144102453,21.04298475,45.42876335,5.18243465,160.1167887,11.92436855
 20716 (1999 XG91),57400,5.238135739,0.128073682,26.84170427,108.1944876,271.0078814,199.5813766,11.98873401
 20720 (1999 XP101),57400,5.292705939,0.144577776,18.1645405,100.7475067,351.5330608,126.0153001,12.17656665
 20729 (1999 XS143),57400,5.214971084,0.063685415,22.00441986,306.9257871,92.71204296,185.2237556,11.90929517
 20738 (1999 XG191),57400,5.162434013,0.011326292,12.52360337,33.24125789,324.2735659,221.776081,11.72978286
 20739 (1999 XM193),57400,5.197386206,0.137703669,12.12440257,312.1386787,183.9989366,95.65148397,11.84910878
 20947 Polyneikes (2638 T-2),57400,5.076656935,0.022676176,2.32940786,52.28263336,37.70747522,120.6069166,11.43865408
 20952 Tydeus (5151 T-2),57400,5.178744771,0.08387546,9.973776134,314.8993656,90.42135097,167.8222473,11.78541728
 20961 Arkesilaos (1973 SS1),57400,5.139165162,0.017375866,9.208353155,27.90549898,50.73803302,142.6343727,11.65056709
 20995 (1985 VY),57400,5.089921614,0.114177911,20.37763395,72.78484331,11.16803167,140.642885,11.48351504
 21271 (1996 RF33),57400,5.134040352,0.007824751,6.691835655,112.7704894,5.259665121,117.0677403,11.6331444
 21284 Pandion (1996 TC51),57400,5.23711349,0.101010206,7.034224095,184.0491199,181.7666378,207.4585775,11.98522469
 21370 (1997 TB28),57400,5.183183206,0.074345325,7.757728582,77.20556774,49.29003491,106.9033699,11.80057154
 21371 (1997 TD28),57400,5.234633906,0.07047591,7.87194086,61.36761934,56.39315777,94.75322606,11.97671384
 21372 (1997 TM28),57400,5.19677725,0.027751334,11.05234565,188.6828309,277.7052715,107.8784829,11.84702637
 21593 (1998 VL27),57400,5.087508218,0.04989646,3.354865016,291.0047849,129.8480245,168.4073061,11.47534861
 21595 (1998 WJ5),57400,5.20476592,0.134238381,25.050196,144.0314299,258.0465708,183.7840713,11.87435437
 21599 (1998 WA15),57400,5.208500374,0.115869497,11.20895436,218.883879,210.7058372,151.534795,11.88713656
 21601 (1998 XO89),57400,5.214616642,0.036410055,19.48205279,263.654785,213.3464645,139.7673281,11.90808104
 21602 Ialmenus (1998 YW1),57400,5.200478998,0.061740483,7.94280901,309.320056,194.7906031,92.37852123,11.85968687
 21900 Orus (1999 VQ10),57400,5.1282453,0.035672373,8.465848462,258.566885,181.2241294,135.064006,11.61345358
 22008 (1999 XM71),57400,5.155438529,0.008465922,4.260891199,108.7084836,287.2159315,174.0788621,11.70594884
 22009 (1999 XK77),57400,5.221906485,0.025915081,5.599114679,113.9801339,336.5531164,123.2879906,11.93306036
 22010 (1999 XM78),57400,5.102630192,0.014949941,1.406583578,65.35518725,311.9870213,193.70609,11.52655014
 22012 (1999 XO82),57400,5.198146268,0.109600535,7.405041041,98.75685474,27.84527901,87.22419459,11.85170808
 22014 (1999 XQ96),57400,5.15419213,0.105011511,29.56671631,260.125428,202.9034221,112.5074334,11.70170398
 22035 (1999 XR170),57400,5.241848082,0.096671917,16.41549231,286.5962817,126.1708916,151.3610527,12.00148115
 22041 (1999 XK192),57400,5.147299882,0.055316656,10.18283116,25.05938083,73.3562061,129.2663245,11.67824034
 22042 (1999 XP194),57400,5.186220568,0.091129741,6.864990081,24.52372017,1.914281595,186.3496534,11.81094582
 22049 (1999 XW257),57400,5.271871197,0.053278062,2.562335057,203.0856737,253.4090528,99.80923317,12.10473786
 22052 (2000 AQ14),57400,5.195313431,0.034293621,11.87927006,83.59165087,320.1877211,165.4248447,11.84202115
 22054 (2000 AP21),57400,5.187024853,0.054271995,20.92346871,287.0616237,231.6813165,74.40020206,11.8136934
 22055 (2000 AS25),57400,5.25284258,0.025984173,10.96780051,83.55289709,210.7081394,291.3883608,12.03925965
 22056 (2000 AU31),57400,5.135964476,0.144687508,7.200462634,35.88014834,341.9332432,218.9659569,11.63968478
 22059 (2000 AD75),57400,5.179479057,0.111055117,7.810150218,213.9877142,321.057481,56.95675684,11.78792392
 22149 (2000 WD49),57400,5.156062536,0.045827251,21.48468007,292.3671293,227.1381554,70.79875371,11.70807421
 22180 (2000 YZ),57400,5.182866431,0.071290927,29.2934589,247.6131553,147.0330862,56.83358211,11.79948975
 22199 Klonios (4572 P-L),57400,5.322780654,0.079336164,9.066850138,16.83156026,44.18138348,148.8508051,12.28050021
 22203 Prothoenor (6020 P-L),57400,5.209376368,0.101924622,1.379104592,189.3736923,95.20010939,290.3336655,11.89013555
 22222 Hodios (3156 T-2),57400,5.075867728,0.042977582,2.404224342,48.89740352,26.43902541,139.4040658,11.43598683
 22227 Polyxenos (5030 T-2),57400,5.229292864,0.133187546,10.94639873,289.8772303,157.8794871,134.6242935,11.95838826
 22404 (1995 ME4),57400,5.284807913,0.119041424,9.288709442,256.3623335,178.9043655,139.2592597,12.14932115
 22503 Thalpius (1997 TB12),57400,5.228084757,0.067974701,9.895289916,219.1514557,194.8280696,161.6962169,11.95424443
 22808 (1999 RU12),57400,5.187117982,0.183537996,10.47159443,310.0540958,342.4723868,176.3304772,11.81401156
 23075 (1999 XV83),57400,5.21572998,0.170386603,14.42168897,104.3014953,319.4586424,152.0937035,11.91189487
 23114 (2000 AL16),57400,5.206028992,0.051398216,1.958640956,43.52500472,352.884645,174.9058471,11.87867707
 23118 (2000 AU27),57400,5.185125326,0.203487446,3.685120917,1.624782797,74.46668319,150.1389993,11.8072046
 23119 (2000 AP33),57400,5.255550758,0.131235022,18.43081669,317.4992508,62.53777576,206.1905009,12.04857137
 23123 (2000 AU57),57400,5.332086981,0.058325814,8.527204652,317.7260417,125.7394101,148.5334894,12.31272104
 23126 (2000 AK95),57400,5.22422911,0.025973276,1.227968188,3.349572255,12.16288512,248.265438,11.94102271
 23135 (2000 AN146),57400,5.250672608,0.052124109,17.3661251,256.5945258,255.2175976,90.57310672,12.03180022
 23144 (2000 AY182),57400,5.237334547,0.068675278,9.416254931,230.1512496,211.21651,160.8039044,11.98598354
 23152 (2000 CS8),57400,5.214974764,0.150273713,11.42290457,129.3560373,293.3039845,164.973355,11.90930778
 23269 (2000 YH62),57400,5.215108429,0.024687569,8.721759612,285.7277425,314.4013438,337.4866418,11.90976565
 23285 (2000 YH119),57400,5.10471739,0.055510373,16.57719706,329.8747677,134.0893647,117.5024824,11.53362316
 23355 Elephenor (9602 P-L),57400,5.262854623,0.059820749,7.053774324,147.0877058,243.4010734,181.7821932,12.07369672
 23382 Epistrophos (4536 T-2),57400,5.216423599,0.104978132,15.03670103,174.4465486,284.7164938,131.3618942,11.91427112
 23383 Schedios (5146 T-2),57400,5.204796778,0.107549845,10.80850672,301.2563507,137.8163595,130.7733581,11.87445997
 23463 (1989 TX11),57400,5.17292587,0.049273222,12.89118521,110.6571812,272.8200112,77.02857987,11.7655595
 23480 (1991 EL),57400,5.201312745,0.087466449,22.55130086,280.3193924,302.2409573,355.719218,11.86253902
 23549 Epicles (1994 ES6),57400,5.25981085,0.044162992,9.044795674,123.999802,68.23089549,270.6756551,12.063224
 23622 (1996 RW29),57400,5.113880689,0.034088613,13.03601681,146.5521843,325.7567405,120.5231571,11.56469249
 23624 (1996 UX3),57400,5.218046579,0.161806242,19.93811733,211.1775003,235.7580781,151.3574925,11.91983187
 23694 (1997 KZ3),57400,5.235416874,0.034962086,9.775728734,81.62952554,223.6320622,130.9460865,11.97940106
 23706 (1997 SY32),57400,5.256131716,0.089767007,6.800401129,21.89550538,7.633669279,188.0445161,12.05056923
 23709 (1997 TA28),57400,5.158571067,0.082613213,10.69587677,37.96359792,334.6657057,206.5802288,11.71661958
 23710 (1997 UJ),57400,5.165067379,0.061906701,11.07840337,224.1293424,207.2775315,180.8045777,11.73875908
 23939 (1998 TV33),57400,5.08785893,0.04134967,9.932254904,66.42417942,0.054264138,158.3026312,11.47653523
 23947 (1998 UH16),57400,5.252933928,0.067834722,3.604785637,216.1880105,332.6612447,32.30878914,12.0395737
 23958 (1998 VD30),57400,5.230270943,0.098768514,24.91066847,225.4506332,235.1597438,119.9218817,11.96174343
 23963 (1998 WY8),57400,5.188876602,0.087907834,4.137683833,275.2339639,147.1861648,181.4072144,11.82002014
 23968 (1998 XA13),57400,5.247127589,0.161638639,12.51640275,84.05178945,29.11049293,120.9961834,12.01961727
 23970 (1998 YP6),57400,5.263720719,0.065530442,32.12178836,76.41404643,13.17741082,132.0477194,12.07667725
 23987 (1999 NB63),57400,5.189259249,0.168138881,21.41752176,279.7533004,68.06601968,118.2162259,11.82132764
 24018 (1999 RU134),57400,5.217916935,0.048419696,15.79466986,164.6264053,172.6453507,133.3730168,11.91938764
 24022 (1999 RA144),57400,5.307008059,0.089538087,9.86410615,196.3344519,110.8743423,166.278809,12.22595584
 24212 (1999 XW59),57400,5.065949138,0.041609845,7.244825901,72.55103258,0.38254847,144.2118703,11.40248317
 24225 (1999 XV80),57400,5.154735564,0.038168843,11.16657512,83.45653138,34.5641101,100.619602,11.70355469
 24233 (1999 XD94),57400,5.286766199,0.038607228,11.68106337,304.518993,102.051644,186.9858054,12.15607468
 24244 (1999 XY101),57400,5.177422325,0.045601857,29.18660564,292.0678825,166.8685188,142.2257953,11.78090327
 24275 (1999 XW167),57400,5.123512341,0.043497691,12.54707746,276.5027037,219.1155509,78.64751469,11.59737986
 24279 (1999 XR171),57400,5.16768489,0.073864901,10.75722897,313.5641386,132.5218338,150.3191053,11.74768352
 24312 (1999 YO22),57400,5.248869592,0.104724891,16.67913056,60.61928489,289.8694403,234.1514384,12.02560339
 24313 (1999 YR27),57400,5.272780443,0.0844447,18.15569502,33.89493404,355.8296679,187.8896119,12.10786957
 24340 (2000 AP84),57400,5.215458171,0.14829719,6.07183192,271.4979475,165.0844582,154.8864454,11.91096373
 24341 (2000 AJ87),57400,5.240724842,0.065612436,14.17831313,120.9502517,321.2174964,156.8692031,11.99762379
 24357 (2000 AC115),57400,5.324161168,0.061616313,8.804458361,244.6857953,195.8879975,142.2978927,12.28527812
 24380 (2000 AA160),57400,5.248291974,0.081375966,7.178407525,9.77935259,36.25131097,193.0504575,12.02361839
 24390 (2000 AD177),57400,5.259237876,0.055432681,12.62791994,142.7795223,343.9961758,92.82278982,12.0612529
 24403 (2000 AX193),57400,5.26397051,0.028986554,22.52776579,146.5467771,330.3852248,121.6633551,12.07753692
 24420 (2000 BU22),57400,5.285292172,0.058709137,8.482338237,113.8699404,9.429736489,111.6782961,12.15099109
 24426 (2000 CR12),57400,5.282953401,0.084156263,7.36342961,185.7489558,236.8898999,172.0152873,12.14292667
 24444 (2000 OP32),57400,5.170186153,0.053722182,6.886595077,291.4200196,354.0091144,143.5759746,11.75621372
 24446 (2000 PR25),57400,5.240684291,0.07946511,25.29995804,287.0665725,69.31654777,88.08755725,11.99748454
 24448 (2000 QE42),57400,5.168189297,0.05184014,8.845846599,156.8414537,199.5836493,85.87154049,11.74940356
 24449 (2000 QL63),57400,5.223846414,0.050008341,36.93032571,158.4413613,220.9768532,80.97735113,11.93971065
 24451 (2000 QS104),57400,5.289709977,0.129420036,21.37879481,28.56294365,324.0608783,106.3610488,12.16622921
 24452 (2000 QU167),57400,5.172522091,0.063098173,6.864207309,226.0657881,211.8764481,27.1475549,11.76418197
 24453 (2000 QG173),57400,5.178511742,0.05288659,9.76892757,291.6645993,354.883632,147.7000233,11.78462182
 24454 (2000 QF198),57400,5.054209416,0.033132858,4.177207701,95.27675199,264.4316308,105.2528763,11.36287034
 24456 (2000 RO25),57400,5.185260457,0.043585635,8.06882277,220.8662849,144.836221,104.9059946,11.80766617
 24458 (2000 RP100),57400,5.205639365,0.088241953,18.22263703,268.4182966,3.112815666,201.6005674,11.87734356
 24459 (2000 RF103),57400,5.275901875,0.117085654,15.50150844,307.7551044,6.756556613,136.778852,12.11862276
 24467 (2000 SS165),57400,5.251109473,0.100506596,16.39256419,243.4890578,82.46321123,140.5213263,12.03330185
 24470 (2000 SJ310),57400,5.22011037,0.083826,23.96390369,260.7809375,69.7253482,147.3735138,11.92690419
 24471 (2000 SH313),57400,5.320802806,0.045683893,26.96128737,241.6854814,141.6963653,77.80007338,12.27365603
 24472 (2000 SY317),57400,5.160946079,0.048009133,21.17928208,237.7667602,141.1041687,98.27153601,11.72471203
 24479 (2000 WU157),57400,5.154316325,0.087771987,21.75747094,94.99822003,19.56801309,113.2968369,11.70212693
 24485 (2000 YL102),57400,5.143933006,0.041504725,13.27249402,151.2828467,188.8317588,240.5638251,11.66678401
 24486 (2000 YR102),57400,5.18614154,0.075799151,8.288274681,190.0218588,138.4914462,249.1197556,11.81067585
 24498 (2001 AC25),57400,5.250545119,0.035243657,13.00871871,163.1786889,335.6227555,76.12754657,12.03136201
 24501 (2001 AN37),57400,5.187760365,0.104430395,20.24780549,348.6230481,90.19109912,141.2029829,11.81620624
 24505 (2001 BZ),57400,5.2292901,0.048142563,17.45684879,348.0865548,347.3210312,257.0973751,11.95837878
 24506 (2001 BS15),57400,5.317212402,0.029852172,11.81639746,340.1342515,127.5070441,119.253859,12.26123499
 24508 (2001 BL26),57400,5.242852771,0.076852612,2.375598062,90.03683055,331.7629926,145.888781,12.00493175
 24519 (2001 CH),57400,5.214430517,0.087800476,13.50206432,355.7299248,137.9166851,90.87882466,11.9074435
 24528 (2001 CP11),57400,5.269816784,0.104169508,16.69814553,118.7461877,319.9554492,131.8708168,12.09766284
 24530 (2001 CP18),57400,5.1424714,0.117575362,11.42521907,149.8886531,249.4753435,183.6894257,11.66181184
 24531 (2001 CE21),57400,5.262724959,0.086247695,22.47565622,190.6887261,237.2451113,137.2025254,12.07325052
 24534 (2001 CX27),57400,5.196874344,0.081658545,13.06722926,28.81513662,305.0177491,264.1937996,11.84735839
 24536 (2001 CN33),57400,5.19786503,0.064478178,25.92556146,354.2628659,132.0327812,102.4562725,11.85074626
 24537 (2001 CB35),57400,5.161803419,0.081302277,18.29033973,34.89193436,15.71180891,184.6111582,11.72763373
 24539 (2001 DP5),57400,5.307385549,0.084748951,10.97431181,25.04426367,92.47825188,109.8547204,12.22726033
 24587 Kapaneus (4613 T-2),57400,5.17409223,0.011433957,29.0618035,176.3552426,346.3687116,66.81618935,11.76953897
 24603 Mekistheus (1973 SQ),57400,5.169270871,0.129736217,6.586883069,43.70556555,39.2676063,131.5858565,11.75309204
 24882 (1996 RK30),57400,5.208160257,0.06004628,7.109975318,333.4852684,123.0080433,115.7001925,11.88597222
 25344 (1999 RN72),57400,5.308806223,0.067332834,19.81024176,157.697288,163.8385878,147.071373,12.23217012
 25347 (1999 RQ116),57400,5.251746403,0.071003136,17.41343593,184.9257553,164.999725,103.3507764,12.03549127
 25883 (2000 RD88),57400,5.122357116,0.018718577,18.66433702,230.7499996,31.67709,209.7729414,11.5934577
 25895 (2000 XN9),57400,5.208847941,0.076732673,21.58634313,70.53542067,167.0191502,346.4668962,11.88832643
 25910 (2001 BM50),57400,5.17514311,0.022787975,19.63080132,60.85485685,309.9020137,228.6895942,11.77312482
 25911 (2001 BC76),57400,5.231003598,0.043095718,21.40288274,208.2246275,261.423492,132.6412771,11.96425692
 25937 (2001 DY92),57400,5.29560681,0.064458685,2.352364532,25.72339448,53.65450222,154.3120815,12.18657878
 25938 (2001 DC102),57400,5.131817276,0.164764927,12.7715378,13.80674599,102.7342386,126.7045058,11.62558936
 26057 Ankaios (4742 T-2),57400,5.20462068,0.108168075,7.284301232,164.3544683,269.2298222,138.913189,11.87385734
 26486 (2000 AQ231),57400,5.261086462,0.069175788,1.410270593,10.76152388,123.22701,102.1576345,12.06761263
 26510 (2000 CZ34),57400,5.282588227,0.082148234,5.469776919,141.9607229,270.1761122,182.9058876,12.14166765
 26601 (2000 FD1),57400,5.267816223,0.091107403,23.45358249,41.19192264,17.30150007,169.827598,12.09077461
 26705 (2001 FL145),57400,5.213947824,0.088815144,11.81415999,52.75747771,27.52693764,165.0016632,11.90579015
 26763 Peirithoos (2706 P-L),57400,5.336106354,0.067362572,1.205894611,100.1458196,305.7256287,188.4767062,12.32664582
 28958 (2001 CQ42),57400,5.29179086,0.082941319,8.227720096,147.8309814,286.7455341,154.6337277,12.1734089
 28960 (2001 DZ81),57400,5.318499978,0.034605244,2.787246089,339.7055945,30.46074635,212.0886185,12.26568889
 29196 (1990 YY),57400,5.259327529,0.053364399,3.852998451,67.63944285,38.81141284,345.1567241,12.06156131
 29314 Eurydamas (1994 CR18),57400,5.282187498,0.071993844,15.23484038,143.3721465,134.8290715,194.3021256,12.14028611
 29603 (1998 MO44),57400,5.153750345,0.032588255,33.37852491,113.5574487,189.3763733,138.5969563,11.70019952
 29976 (1999 NE9),57400,5.150661517,0.011543684,30.0934169,318.9141555,110.4004119,37.61923817,11.68968257
 29977 (1999 NH11),57400,5.234373352,0.087501852,23.96636564,133.9535904,155.6850528,162.5875884,11.97581964
 30020 (2000 DZ5),57400,5.271579667,0.046712888,16.6674343,80.07162039,329.6908945,183.8362898,12.1037338
 30102 (2000 FC1),57400,5.252470149,0.040920913,23.71682591,42.18540246,280.2314201,265.3383516,12.03797928
 30498 (2000 QK100),57400,5.290047137,0.089064302,4.67471697,107.4071424,242.9467862,103.4334356,12.16739242
 30499 (2000 QE169),57400,5.168640102,0.057636954,3.914218225,267.0560548,109.1710006,85.51962399,11.75094089
 30504 (2000 RS80),57400,5.221359006,0.061340483,5.286667938,296.6890451,285.5222223,237.2090976,11.93118377
 30505 (2000 RW82),57400,5.190747797,0.084216998,28.68922351,202.5969027,195.9076336,73.35250771,11.82641445
 30506 (2000 RO85),57400,5.125381566,0.081509919,20.058037,343.3599368,12.36336583,103.566601,11.60372709
 30508 (2000 SZ130),57400,5.098137797,0.046574599,17.25065435,229.3598479,106.7906139,133.8706525,11.5113314
 30510 (2001 DM44),57400,5.270338665,0.125996315,11.43540486,342.7149761,48.50869351,198.209091,12.09945998
 30698 Hippokoon (2299 T-3),57400,5.187097881,0.063064156,7.872697776,216.2618847,101.553179,130.0618328,11.81394289
 30704 Phegeus (3250 T-3),57400,5.22341701,0.03802183,14.91079606,20.52471426,288.9693492,167.762115,11.9382385
 30705 Idaios (3365 T-3),57400,5.207295835,0.059242888,19.74761962,24.18441181,343.4714784,75.61677216,11.88301319
 30708 Echepolos (4101 T-3),57400,5.213322848,0.013125343,24.1472977,29.44014969,27.75170485,29.30440207,11.90364956
 30791 (1988 RY11),57400,5.226845965,0.061520144,24.67478832,164.4906737,234.1717972,51.4745596,11.94999586
 30792 (1988 RP12),57400,5.226771813,0.034585874,4.361283156,157.474068,60.8185541,238.7202686,11.94974156
 30793 (1988 SJ3),57400,5.243910031,0.059942639,20.98861539,88.82380871,294.2750272,65.88256515,12.00856326
 30806 (1989 UP5),57400,5.241622281,0.034108341,2.083427219,98.59180313,89.34021895,268.8159562,12.00070569
 30807 (1989 UQ5),57400,5.167739019,0.055601535,4.701190174,170.2778955,123.0594751,181.3585252,11.74786809
 30942 Helicaon (1994 CX13),57400,5.173698112,0.068792764,22.90167625,143.6266679,270.5347557,60.16868881,11.76819424
 31037 Mydon (1996 HZ25),57400,5.251495631,0.129414802,7.276490301,188.7878183,27.50077661,240.512398,12.03462924
 31342 (1998 MU31),57400,5.227661204,0.075068183,24.41085079,102.9553611,191.7248907,166.8027314,11.95279175
 31344 (1998 OM12),57400,5.352040413,0.037438333,7.47341381,27.25670462,327.9240955,101.947574,12.38189961
 31806 (1999 NE11),57400,5.19450338,0.094899429,34.09565061,136.722149,193.7051744,135.3487627,11.83925165
 31814 (1999 RW70),57400,5.322241775,0.069682483,4.44356063,326.3366173,2.300013847,138.994486,12.27863534
 31819 (1999 RS150),57400,5.196589393,0.004858989,14.37223613,348.8350013,330.5202347,162.3063085,11.846384
 31820 (1999 RT186),57400,5.287409842,0.077034054,2.374142959,193.3287569,91.23463861,188.3039652,12.15829467
 31821 (1999 RK225),57400,5.238921583,0.060031271,10.75357833,146.6957294,178.8081051,135.9947807,11.991432
 31835 (2000 BK16),57400,5.12372,0.05124624,15.13508339,74.84469791,351.9836633,161.1042035,11.59808494
 32339 (2000 QA88),57400,5.212965579,0.111712713,18.89666935,172.4816304,274.1922324,9.076578537,11.90242595
 32356 (2000 QM124),57400,5.216247375,0.15484016,12.66083372,329.3454681,343.7025,146.8097717,11.91366739
 32370 (2000 QY151),57400,5.146544173,0.057201246,7.37022308,333.0778348,354.9496833,142.0329121,11.67566859
 32396 (2000 QY213),57400,5.226327319,0.128688294,3.926808767,124.4901435,232.4250164,98.43304583,11.94821725
 32397 (2000 QL214),57400,5.248304694,0.007399303,5.594216512,116.0132621,164.5456181,170.4559529,12.0236621
 32420 (2000 RS40),57400,5.335682072,0.067122068,13.84855417,314.0240685,359.1846752,137.7714387,12.32517568
 32430 (2000 RQ83),57400,5.319465147,0.054840804,6.768617525,255.6398324,76.44180284,129.424561,12.26902789
 32434 (2000 RW96),57400,5.201667374,0.147822708,23.47545963,256.4212817,103.9833896,102.2177165,11.86375224
 32435 (2000 RZ96),57400,5.233933004,0.125162233,21.72378724,280.7128411,343.0132259,175.5456912,11.97430845
 32437 (2000 RR97),57400,5.206884586,0.121874155,23.1040582,269.2644155,30.05387052,155.5606968,11.88160552
 32440 (2000 RC100),57400,5.135623295,0.025376798,31.39660948,319.3831105,358.7624644,157.3963004,11.63852496
 32451 (2000 SP25),57400,5.23418116,0.097385109,19.68935699,248.1184176,64.77677994,126.7140943,11.97516007
 32461 (2000 SP93),57400,5.148871692,0.068255249,30.88862921,188.7553392,148.1044437,124.5671213,11.68358995
 32464 (2000 SB132),57400,5.225276579,0.018043081,25.25085039,234.8829671,252.8683372,342.9279222,11.9446142
 32467 (2000 SL174),57400,5.17671788,0.034025268,29.7601314,218.7736569,188.2741708,79.8992756,11.77849897
 32471 (2000 SK205),57400,5.29274351,0.049809744,2.66934633,147.8448251,168.4514084,163.5109567,12.17669631
 32475 (2000 SD234),57400,5.21611962,0.094462276,30.67408639,18.75619948,286.6028598,151.3966615,11.91322971
 32478 (2000 SV289),57400,5.228065471,0.166140252,9.660036914,341.1286821,277.2448623,191.580464,11.95417829
 32480 (2000 SG348),57400,5.251997785,0.091387032,21.58520706,127.8667826,207.6959656,120.700032,12.03635542
 32482 (2000 ST354),57400,5.137607035,0.025194794,12.15029052,52.77239416,219.465569,186.9024222,11.64526904
 32496 (2000 WX182),57400,5.267755205,0.078921327,30.46641034,65.87927399,276.3491156,132.3030017,12.09056454
 32498 (2000 XX37),57400,5.205934119,0.093807069,26.3001592,76.70941761,359.7479093,128.2123553,11.87835236
 32499 (2000 YS11),57400,5.185911878,0.160110541,16.77540489,68.71699053,245.2325526,130.5779051,11.80989133
 32501 (2000 YV135),57400,5.212475776,0.067433094,32.12575148,55.68489907,178.8100416,230.5237478,11.90074849
 32513 (2001 OL31),57400,5.203480531,0.060659384,25.35908927,266.124172,111.8995033,56.68870286,11.86995584
 32615 (2001 QU277),57400,5.178387348,0.030918224,17.53266533,100.409996,225.9392836,97.19735499,11.7841972
 32720 Simoeisios (2131 T-3),57400,5.192851096,0.013450287,7.507066645,248.0407931,24.44767549,187.2548993,11.83360331
 32726 Chromios (4179 T-3),57400,5.227849529,0.012782856,5.121877266,76.78984494,25.13475031,5.463095982,11.95343765
 32794 (1989 UE5),57400,5.189879608,0.057064488,15.08767355,200.2664052,344.2831688,287.6091182,11.8234475
 32811 Apisaon (1990 TP12),57400,5.250538308,0.075067907,19.87146296,50.55009127,156.7400035,266.3224947,12.0313386
 33822 (2000 AA231),57400,5.193433206,0.163099213,17.38033008,112.5959105,22.06570148,83.86258826,11.83559315
 34298 (2000 QH159),57400,5.163919566,0.126892221,9.677898568,212.5279411,178.3872026,70.86643067,11.7348463
 34521 (2000 SA191),57400,5.099813519,0.073076248,17.48970682,4.938472168,319.2635272,134.6989913,11.51700741
 34553 (2000 SV246),57400,5.27458159,0.053828215,14.92925497,22.06887565,20.27157955,61.32085213,12.11407405
 34642 (2000 WN2),57400,5.223099272,0.096724874,19.61833872,45.18615658,266.613452,142.1588836,11.93714922
 34684 (2001 CJ28),57400,5.222338554,0.124753531,21.21854221,118.2334217,272.0444586,185.1921356,11.93454143
 34746 (2001 QE91),57400,5.169487545,0.036763971,27.41167761,93.2364292,195.9066448,155.0408642,11.75383101
 34785 (2001 RG87),57400,5.154408295,0.037815575,20.3129988,198.9193861,88.65813746,157.1019817,11.70244014
 34835 (2001 SZ249),57400,5.327847886,0.080531919,3.529715438,138.3965578,129.0567206,170.0356583,12.29804075
 34993 Euaimon (1973 SR1),57400,5.153512973,0.054438632,8.895295454,40.37434257,48.97973524,121.8567408,11.69939119
 35272 (1996 RH10),57400,5.171364726,0.077777376,17.59236755,158.7393697,342.4130094,82.80685382,11.76023379
 35276 (1996 RS25),57400,5.155010537,0.07455895,13.04105261,354.1889855,357.2477102,231.0595573,11.70449117
 35277 (1996 RV27),57400,5.241163254,0.035314492,20.01628332,345.7631116,185.2041231,43.20349852,11.99912931
 35363 (1997 TV28),57400,5.187854041,0.077609585,16.04419224,32.97901941,24.33815026,166.1112318,11.81652629
 35672 (1998 UZ14),57400,5.166356816,0.034025687,4.023023908,75.8459189,6.535140659,124.3906017,11.74315514
 35673 (1998 VQ15),57400,5.096428957,0.041548088,9.911785196,43.24741683,358.0107246,172.4312681,11.50554418
 36259 (1999 XM74),57400,5.234453853,0.089782469,18.87985992,91.64802925,16.22091399,100.0003073,11.97609591
 36265 (1999 XV156),57400,5.171618523,0.025054793,6.096119697,124.0471319,43.46939418,52.41691152,11.76109954
 36267 (1999 XB211),57400,5.185786987,0.0918741,19.71169754,317.1541903,8.509986489,251.305138,11.80946471
 36268 (1999 XT213),57400,5.153074005,0.039579565,11.02478851,119.9488416,295.677144,153.397968,11.69789642
 36269 (1999 XB214),57400,5.243360622,0.062945724,18.00367303,131.4064906,319.8168783,124.7137903,12.00667609
 36270 (1999 XS248),57400,5.194191598,0.064783065,8.920044588,222.8999423,267.6841287,80.8903503,11.83818576
 36271 (2000 AV19),57400,5.206819085,0.048196503,11.73225666,72.44936833,25.73197078,113.2533959,11.88138132
 36279 (2000 BQ5),57400,5.313211693,0.099355938,31.15874252,75.48365836,7.505736796,140.34891,12.24739943
 36425 (2000 PM5),57400,5.195358324,0.077476749,6.217066186,166.5519154,252.3192022,19.72206615,11.84217464
 36624 (2000 QA157),57400,5.170890972,0.020481543,26.2600922,316.1126237,344.9892204,144.3067716,11.75861778
 36922 (2000 SN209),57400,5.258263321,0.041239542,10.39363389,76.53790002,224.6987747,168.8729696,12.05790057
 37281 (2000 YA61),57400,5.071926366,0.061566614,5.761380542,133.6192105,291.2707776,161.5068677,11.42266952
 37297 (2001 BQ77),57400,5.239678118,0.07775832,20.76599195,250.9366242,256.478642,82.77782953,11.99402956
 37298 (2001 BU80),57400,5.107185076,0.01365769,13.72594296,171.2204045,104.6115712,320.1467556,11.54198742
 37299 (2001 CN21),57400,5.162079268,0.101868657,29.65554389,321.7920909,128.605403,128.6102431,11.72857383
 37300 (2001 CW32),57400,5.141651498,0.03904472,21.53432931,7.511075477,92.72281403,124.8022518,11.65902296
 37301 (2001 CA39),57400,5.174295207,0.053645334,20.35433058,346.2386567,168.7906726,68.83039143,11.77023154
 37519 Amphios (3040 T-3),57400,5.20403861,0.006240758,25.45960743,30.3657844,311.3817361,122.1949519,11.87186549
 37572 (1989 UC5),57400,5.242359097,0.14353461,9.372632162,211.8886008,160.70581,67.47183815,12.00323619
 37685 (1995 OU2),57400,5.249105463,0.125061144,10.1101448,179.3330374,170.1412933,225.7883846,12.026414
 37710 (1996 RD12),57400,5.23466625,0.079224409,9.55594558,3.701132326,78.58359149,134.7726176,11.97682484
 37714 (1996 RK29),57400,5.14170739,0.185976697,4.528404345,96.42179676,243.827568,257.4298066,11.65921307
 37715 (1996 RN31),57400,5.146984724,0.026153137,8.897826577,173.8575607,338.975706,83.88657703,11.6771678
 37716 (1996 RP32),57400,5.177058369,0.066072482,4.347823597,52.31738881,303.3430779,223.8316818,11.77966106
 37732 (1996 TY68),57400,5.232221373,0.026982954,15.47647468,0.873115958,241.8737183,343.7795244,11.96843507
 37789 (1997 UL16),57400,5.264045368,0.009472267,0.449995923,264.2463951,209.4111438,108.3635665,12.07779455
 37790 (1997 UX26),57400,5.259699194,0.084418689,9.526783564,160.128597,253.9226076,166.5126485,12.06283988
 38050 (1998 VR38),57400,5.207658564,0.074887827,28.54302275,233.5627477,192.7823746,144.9666617,11.88425483
 38051 (1998 XJ5),57400,5.171909025,0.18527603,8.754500455,60.09587326,25.25681389,139.740449,11.76209053
 38052 (1998 XA7),57400,5.242629083,0.033745853,1.809740066,147.7166725,263.2332872,158.3818497,12.00416347
 38257 (1999 RC13),57400,5.212606123,0.118471249,14.82376974,160.4567299,123.0414941,183.2814437,11.90119489
 38574 (1999 WS4),57400,5.142804999,0.104951064,7.19224439,300.8927027,170.8047152,106.3678897,11.66294663
 38585 (1999 XD67),57400,5.168047278,0.105285854,5.757402463,242.122295,201.5742378,120.8453224,11.74891926
 38592 (1999 XH162),57400,5.268126233,0.084859918,15.79102959,24.66954306,59.52947197,126.0460194,12.09184194
 38594 (1999 XF193),57400,5.256775199,0.046362993,8.865604775,324.840587,111.9073139,130.3894669,12.05278224
 38596 (1999 XP199),57400,5.136410242,0.062302095,6.484926547,22.06675238,66.38046057,134.8183413,11.64120018
 38597 (1999 XU200),57400,5.277835355,0.119880136,16.85684413,72.56234386,36.09420263,107.8491988,12.12528511
 38598 (1999 XQ208),57400,5.143351131,0.050412712,11.61274604,44.27686899,65.90917619,122.4154249,11.66480447
 38599 (1999 XC210),57400,5.225042239,0.087091999,14.5375884,34.52847722,38.74069842,139.501556,11.94381068
 38600 (1999 XR213),57400,5.184842351,0.033852477,9.937385984,110.9955229,4.805737738,94.12740234,11.80623806
 38606 (1999 YC13),57400,5.138302847,0.061745164,18.26294259,80.30694135,19.89142593,136.0588198,11.64763489
 38607 (2000 AN6),57400,5.229739403,0.031232276,13.88789029,112.5611733,9.453345136,120.3370005,11.95992001
 38609 (2000 AB26),57400,5.286543947,0.109287817,11.6343331,100.3704074,348.925147,127.7629043,12.15530813
 38610 (2000 AU45),57400,5.229249725,0.014686578,14.07288662,270.6678099,305.8744772,1.417506108,11.95824028
 38611 (2000 AS74),57400,5.194059741,0.127100766,8.353846452,107.4652629,355.8363483,115.4651487,11.83773498
 38614 (2000 AA113),57400,5.257863653,0.025927183,17.1834441,134.4525664,350.0289831,108.1331752,12.05652586
 38615 (2000 AV121),57400,5.176533331,0.160973337,3.96618926,270.4153421,141.1799485,171.4617713,11.77786913
 38617 (2000 AY161),57400,5.199025763,0.041055988,12.81642995,86.60415826,279.3073959,220.8540579,11.85471606
 38619 (2000 AW183),57400,5.184336358,0.155399065,14.07438684,149.5147799,262.0585554,168.0017312,11.80450983
 38621 (2000 AG201),57400,5.171845543,0.075412685,14.00461019,147.5677163,252.582438,181.1848768,11.76187397
 39229 (2000 YJ30),57400,5.197149165,0.161049757,7.167899205,30.43929336,97.02212322,96.2258768,11.84829817
 39264 (2000 YQ139),57400,5.239673045,0.070211831,18.19300642,207.2167093,207.1252775,178.1527486,11.99401214
 39270 (2001 AH11),57400,5.184700969,0.074069513,5.414124613,238.5313787,231.7875217,106.7860951,11.80575516
 39275 (2001 AV37),57400,5.228416567,0.084551557,18.00997286,84.33451414,24.02651115,118.3814699,11.9553825
 39278 (2001 BK9),57400,5.271522156,0.079015062,6.00608148,27.73390035,38.26435153,148.8971119,12.10353573
 39280 (2001 BE24),57400,5.197918046,0.063010935,12.02987755,310.4482706,123.685361,136.0335594,11.85092758
 39284 (2001 BB62),57400,5.182215181,0.049746157,9.006137673,228.8474241,260.23596,107.4987667,11.79726583
 39285 (2001 BP75),57400,5.159146261,0.080514495,6.493422852,330.6737276,129.0159421,138.8052113,11.71857928
 39286 (2001 CX6),57400,5.282722931,0.069046047,4.645871084,79.25520268,359.7105596,142.8073577,12.14213207
 39287 (2001 CD14),57400,5.08844869,0.040510522,5.227566202,47.91988653,9.000537032,183.8578405,11.47853074
 39288 (2001 CD21),57400,5.277835491,0.051460612,1.948359746,325.9811531,165.2203158,86.2071412,12.12528558
 39289 (2001 CT28),57400,5.24317004,0.045774742,10.01823176,27.975854,99.31552,104.220085,12.00602148
 39292 (2001 DS4),57400,5.266553486,0.140506845,9.390579666,82.76123442,50.41075198,94.46842915,12.08642749
 39293 (2001 DQ10),57400,5.218868885,0.036221333,14.41097189,152.9760423,233.4720496,184.8551504,11.92264962
 39362 (2002 BU1),57400,5.103721023,0.061288968,9.735076366,180.4982907,284.2973067,122.1443064,11.53024653
 39369 (2002 CE13),57400,5.159493684,0.059158044,18.15876746,354.6304453,260.8273586,327.2145074,11.71976302
 39463 Phyleus (1973 SZ),57400,5.167506144,0.086409235,5.764590121,143.5487614,278.7246651,185.7182929,11.74707401
 39474 (1978 VC7),57400,5.272743534,0.087449463,13.04949884,71.61743967,219.8964974,166.781306,12.10774244
 39691 (1996 RR31),57400,5.227844642,0.088924953,2.353834964,156.6255037,278.8452803,158.2170591,11.95342089
 39692 (1996 RB32),57400,5.184049605,0.054639476,6.876284905,136.6789104,167.8307214,264.4492233,11.80353046
 39693 (1996 ST1),57400,5.193370612,0.008963289,6.527802218,203.9135182,130.2356145,263.2750629,11.83537918
 39793 (1997 SZ23),57400,5.185254413,0.065939731,14.99477665,22.15600368,96.84250263,118.9570377,11.80764553
 39794 (1997 SU24),57400,5.156615819,0.029140198,15.50752071,28.8994251,34.112398,176.5391972,11.7099588
 39795 (1997 SF28),57400,5.153669844,0.095922311,6.736500863,344.9005742,80.55503467,170.863385,11.69992538
 39797 (1997 TK18),57400,5.17013082,0.082200197,14.98443839,27.25166369,126.032183,63.08581107,11.75602499
 39798 (1997 TW28),57400,5.188283474,0.102897851,8.053109257,39.4509932,350.4826192,189.8603394,11.81799352
 39803 (1997 UY15),57400,5.310518449,0.072526475,0.497973784,165.1297257,243.6678498,167.2890473,12.23808838
 40237 (1998 VM6),57400,5.221879224,0.218144548,6.283730179,309.2567191,129.1068078,139.3146862,11.93296692
 40262 (1999 CF156),57400,5.242666315,0.151999209,10.78045651,74.74286933,35.63754074,119.9026541,12.00429134
 41268 (1999 XO64),57400,5.191220786,0.129451338,16.29270481,75.31792352,37.52012717,92.33602906,11.82803095
 41340 (1999 YO14),57400,5.160973181,0.057577498,33.16916869,183.290337,286.9620903,107.6966996,11.72480438
 41342 (1999 YC23),57400,5.332619608,0.085896199,2.879517195,239.2331352,199.7678242,139.6662294,12.31456598
 41350 (2000 AJ25),57400,5.231104099,0.081438968,9.692489777,294.2996391,104.4406107,180.6600653,11.96460171
 41353 (2000 AB33),57400,5.208529259,0.076591808,9.97945339,92.72056205,313.3305666,194.7032404,11.88723544
 41355 (2000 AF36),57400,5.162411141,0.078970594,8.032357048,95.86694964,327.1205494,169.0070319,11.7297049
 41359 (2000 AG55),57400,5.1323213,0.025538664,6.771048931,102.8099968,343.6232597,172.5611637,11.62730213